unit,period,pair,treat,post,D,y
0,0,0,0,0,0,0
0,1,0,0,0,0,0
0,2,0,0,0,0,0
0,3,0,0,0,0,0
0,4,0,0,0,0,0
0,5,0,0,0,0,0
0,6,0,0,0,0,0
0,7,0,0,0,0,0
0,8,0,0,0,0,0
0,9,0,0,0,0,0
0,10,0,0,1,0,0
0,11,0,0,1,0,0
0,12,0,0,1,0,0
0,13,0,0,1,0,0
0,14,0,0,1,0,0
0,15,0,0,1,0,0
0,16,0,0,1,0,0
0,17,0,0,1,0,0
0,18,0,0,1,0,0
0,19,0,0,1,0,0
1,0,1,0,0,0,0
1,1,1,0,0,0,0
1,2,1,0,0,0,0
1,3,1,0,0,0,0
1,4,1,0,0,0,0
1,5,1,0,0,0,0
1,6,1,0,0,0,0
1,7,1,0,0,0,0
1,8,1,0,0,0,1
1,9,1,0,0,0,0
1,10,1,0,1,0,0
1,11,1,0,1,0,0
1,12,1,0,1,0,0
1,13,1,0,1,0,1
1,14,1,0,1,0,0
1,15,1,0,1,0,0
1,16,1,0,1,0,1
1,17,1,0,1,0,0
1,18,1,0,1,0,0
1,19,1,0,1,0,0
2,0,2,0,0,0,0
2,1,2,0,0,0,0
2,2,2,0,0,0,0
2,3,2,0,0,0,1
2,4,2,0,0,0,0
2,5,2,0,0,0,1
2,6,2,0,0,0,0
2,7,2,0,0,0,0
2,8,2,0,0,0,1
2,9,2,0,0,0,0
2,10,2,0,1,0,0
2,11,2,0,1,0,0
2,12,2,0,1,0,0
2,13,2,0,1,0,1
2,14,2,0,1,0,0
2,15,2,0,1,0,0
2,16,2,0,1,0,0
2,17,2,0,1,0,1
2,18,2,0,1,0,1
2,19,2,0,1,0,0
3,0,3,0,0,0,0
3,1,3,0,0,0,0
3,2,3,0,0,0,0
3,3,3,0,0,0,1
3,4,3,0,0,0,0
3,5,3,0,0,0,0
3,6,3,0,0,0,1
3,7,3,0,0,0,1
3,8,3,0,0,0,0
3,9,3,0,0,0,0
3,10,3,0,1,0,0
3,11,3,0,1,0,1
3,12,3,0,1,0,1
3,13,3,0,1,0,0
3,14,3,0,1,0,0
3,15,3,0,1,0,1
3,16,3,0,1,0,0
3,17,3,0,1,0,0
3,18,3,0,1,0,1
3,19,3,0,1,0,1
4,0,4,0,0,0,1
4,1,4,0,0,0,1
4,2,4,0,0,0,0
4,3,4,0,0,0,1
4,4,4,0,0,0,0
4,5,4,0,0,0,1
4,6,4,0,0,0,1
4,7,4,0,0,0,0
4,8,4,0,0,0,0
4,9,4,0,0,0,0
4,10,4,0,1,0,1
4,11,4,0,1,0,1
4,12,4,0,1,0,0
4,13,4,0,1,0,0
4,14,4,0,1,0,2
4,15,4,0,1,0,1
4,16,4,0,1,0,2
4,17,4,0,1,0,0
4,18,4,0,1,0,0
4,19,4,0,1,0,1
5,0,5,0,0,0,0
5,1,5,0,0,0,0
5,2,5,0,0,0,0
5,3,5,0,0,0,1
5,4,5,0,0,0,0
5,5,5,0,0,0,0
5,6,5,0,0,0,0
5,7,5,0,0,0,1
5,8,5,0,0,0,1
5,9,5,0,0,0,2
5,10,5,0,1,0,0
5,11,5,0,1,0,0
5,12,5,0,1,0,0
5,13,5,0,1,0,1
5,14,5,0,1,0,1
5,15,5,0,1,0,0
5,16,5,0,1,0,1
5,17,5,0,1,0,1
5,18,5,0,1,0,0
5,19,5,0,1,0,1
6,0,6,0,0,0,1
6,1,6,0,0,0,1
6,2,6,0,0,0,2
6,3,6,0,0,0,1
6,4,6,0,0,0,1
6,5,6,0,0,0,0
6,6,6,0,0,0,1
6,7,6,0,0,0,2
6,8,6,0,0,0,1
6,9,6,0,0,0,1
6,10,6,0,1,0,0
6,11,6,0,1,0,0
6,12,6,0,1,0,0
6,13,6,0,1,0,1
6,14,6,0,1,0,1
6,15,6,0,1,0,1
6,16,6,0,1,0,0
6,17,6,0,1,0,0
6,18,6,0,1,0,1
6,19,6,0,1,0,2
7,0,7,0,0,0,1
7,1,7,0,0,0,1
7,2,7,0,0,0,1
7,3,7,0,0,0,0
7,4,7,0,0,0,0
7,5,7,0,0,0,0
7,6,7,0,0,0,1
7,7,7,0,0,0,1
7,8,7,0,0,0,1
7,9,7,0,0,0,1
7,10,7,0,1,0,1
7,11,7,0,1,0,3
7,12,7,0,1,0,1
7,13,7,0,1,0,0
7,14,7,0,1,0,0
7,15,7,0,1,0,2
7,16,7,0,1,0,0
7,17,7,0,1,0,1
7,18,7,0,1,0,1
7,19,7,0,1,0,1
8,0,8,0,0,0,1
8,1,8,0,0,0,1
8,2,8,0,0,0,0
8,3,8,0,0,0,1
8,4,8,0,0,0,1
8,5,8,0,0,0,1
8,6,8,0,0,0,1
8,7,8,0,0,0,2
8,8,8,0,0,0,1
8,9,8,0,0,0,1
8,10,8,0,1,0,1
8,11,8,0,1,0,1
8,12,8,0,1,0,1
8,13,8,0,1,0,1
8,14,8,0,1,0,1
8,15,8,0,1,0,1
8,16,8,0,1,0,1
8,17,8,0,1,0,1
8,18,8,0,1,0,0
8,19,8,0,1,0,2
9,0,9,0,0,0,1
9,1,9,0,0,0,0
9,2,9,0,0,0,1
9,3,9,0,0,0,0
9,4,9,0,0,0,1
9,5,9,0,0,0,1
9,6,9,0,0,0,1
9,7,9,0,0,0,1
9,8,9,0,0,0,1
9,9,9,0,0,0,1
9,10,9,0,1,0,1
9,11,9,0,1,0,0
9,12,9,0,1,0,1
9,13,9,0,1,0,0
9,14,9,0,1,0,1
9,15,9,0,1,0,0
9,16,9,0,1,0,1
9,17,9,0,1,0,2
9,18,9,0,1,0,1
9,19,9,0,1,0,1
10,0,10,0,0,0,1
10,1,10,0,0,0,1
10,2,10,0,0,0,1
10,3,10,0,0,0,1
10,4,10,0,0,0,1
10,5,10,0,0,0,1
10,6,10,0,0,0,0
10,7,10,0,0,0,1
10,8,10,0,0,0,0
10,9,10,0,0,0,1
10,10,10,0,1,0,0
10,11,10,0,1,0,1
10,12,10,0,1,0,1
10,13,10,0,1,0,1
10,14,10,0,1,0,2
10,15,10,0,1,0,2
10,16,10,0,1,0,4
10,17,10,0,1,0,0
10,18,10,0,1,0,1
10,19,10,0,1,0,1
11,0,11,0,0,0,1
11,1,11,0,0,0,1
11,2,11,0,0,0,1
11,3,11,0,0,0,2
11,4,11,0,0,0,2
11,5,11,0,0,0,2
11,6,11,0,0,0,1
11,7,11,0,0,0,1
11,8,11,0,0,0,1
11,9,11,0,0,0,1
11,10,11,0,1,0,2
11,11,11,0,1,0,2
11,12,11,0,1,0,1
11,13,11,0,1,0,1
11,14,11,0,1,0,1
11,15,11,0,1,0,2
11,16,11,0,1,0,1
11,17,11,0,1,0,1
11,18,11,0,1,0,1
11,19,11,0,1,0,2
12,0,12,0,0,0,2
12,1,12,0,0,0,1
12,2,12,0,0,0,6
12,3,12,0,0,0,1
12,4,12,0,0,0,1
12,5,12,0,0,0,2
12,6,12,0,0,0,2
12,7,12,0,0,0,4
12,8,12,0,0,0,1
12,9,12,0,0,0,0
12,10,12,0,1,0,2
12,11,12,0,1,0,0
12,12,12,0,1,0,2
12,13,12,0,1,0,2
12,14,12,0,1,0,1
12,15,12,0,1,0,0
12,16,12,0,1,0,1
12,17,12,0,1,0,3
12,18,12,0,1,0,1
12,19,12,0,1,0,1
13,0,13,0,0,0,1
13,1,13,0,0,0,1
13,2,13,0,0,0,1
13,3,13,0,0,0,2
13,4,13,0,0,0,2
13,5,13,0,0,0,2
13,6,13,0,0,0,1
13,7,13,0,0,0,1
13,8,13,0,0,0,1
13,9,13,0,0,0,6
13,10,13,0,1,0,1
13,11,13,0,1,0,2
13,12,13,0,1,0,1
13,13,13,0,1,0,1
13,14,13,0,1,0,1
13,15,13,0,1,0,6
13,16,13,0,1,0,1
13,17,13,0,1,0,3
13,18,13,0,1,0,2
13,19,13,0,1,0,2
14,0,14,0,0,0,2
14,1,14,0,0,0,2
14,2,14,0,0,0,2
14,3,14,0,0,0,1
14,4,14,0,0,0,1
14,5,14,0,0,0,1
14,6,14,0,0,0,1
14,7,14,0,0,0,1
14,8,14,0,0,0,1
14,9,14,0,0,0,1
14,10,14,0,1,0,1
14,11,14,0,1,0,1
14,12,14,0,1,0,1
14,13,14,0,1,0,0
14,14,14,0,1,0,2
14,15,14,0,1,0,1
14,16,14,0,1,0,0
14,17,14,0,1,0,1
14,18,14,0,1,0,1
14,19,14,0,1,0,2
15,0,15,0,0,0,1
15,1,15,0,0,0,2
15,2,15,0,0,0,0
15,3,15,0,0,0,2
15,4,15,0,0,0,2
15,5,15,0,0,0,2
15,6,15,0,0,0,1
15,7,15,0,0,0,3
15,8,15,0,0,0,2
15,9,15,0,0,0,1
15,10,15,0,1,0,2
15,11,15,0,1,0,1
15,12,15,0,1,0,1
15,13,15,0,1,0,2
15,14,15,0,1,0,1
15,15,15,0,1,0,3
15,16,15,0,1,0,1
15,17,15,0,1,0,1
15,18,15,0,1,0,2
15,19,15,0,1,0,1
16,0,16,0,0,0,1
16,1,16,0,0,0,3
16,2,16,0,0,0,2
16,3,16,0,0,0,1
16,4,16,0,0,0,2
16,5,16,0,0,0,1
16,6,16,0,0,0,1
16,7,16,0,0,0,1
16,8,16,0,0,0,1
16,9,16,0,0,0,1
16,10,16,0,1,0,2
16,11,16,0,1,0,1
16,12,16,0,1,0,0
16,13,16,0,1,0,2
16,14,16,0,1,0,1
16,15,16,0,1,0,1
16,16,16,0,1,0,3
16,17,16,0,1,0,5
16,18,16,0,1,0,1
16,19,16,0,1,0,2
17,0,17,0,0,0,2
17,1,17,0,0,0,2
17,2,17,0,0,0,3
17,3,17,0,0,0,1
17,4,17,0,0,0,1
17,5,17,0,0,0,1
17,6,17,0,0,0,1
17,7,17,0,0,0,1
17,8,17,0,0,0,1
17,9,17,0,0,0,3
17,10,17,0,1,0,2
17,11,17,0,1,0,1
17,12,17,0,1,0,1
17,13,17,0,1,0,1
17,14,17,0,1,0,2
17,15,17,0,1,0,3
17,16,17,0,1,0,2
17,17,17,0,1,0,1
17,18,17,0,1,0,1
17,19,17,0,1,0,3
18,0,18,0,0,0,2
18,1,18,0,0,0,2
18,2,18,0,0,0,1
18,3,18,0,0,0,1
18,4,18,0,0,0,2
18,5,18,0,0,0,4
18,6,18,0,0,0,2
18,7,18,0,0,0,1
18,8,18,0,0,0,1
18,9,18,0,0,0,2
18,10,18,0,1,0,1
18,11,18,0,1,0,1
18,12,18,0,1,0,1
18,13,18,0,1,0,1
18,14,18,0,1,0,1
18,15,18,0,1,0,2
18,16,18,0,1,0,5
18,17,18,0,1,0,1
18,18,18,0,1,0,2
18,19,18,0,1,0,1
19,0,19,0,0,0,2
19,1,19,0,0,0,1
19,2,19,0,0,0,2
19,3,19,0,0,0,2
19,4,19,0,0,0,3
19,5,19,0,0,0,1
19,6,19,0,0,0,1
19,7,19,0,0,0,2
19,8,19,0,0,0,2
19,9,19,0,0,0,2
19,10,19,0,1,0,3
19,11,19,0,1,0,1
19,12,19,0,1,0,1
19,13,19,0,1,0,1
19,14,19,0,1,0,5
19,15,19,0,1,0,1
19,16,19,0,1,0,2
19,17,19,0,1,0,2
19,18,19,0,1,0,1
19,19,19,0,1,0,1
20,0,20,0,0,0,3
20,1,20,0,0,0,2
20,2,20,0,0,0,2
20,3,20,0,0,0,1
20,4,20,0,0,0,1
20,5,20,0,0,0,2
20,6,20,0,0,0,3
20,7,20,0,0,0,3
20,8,20,0,0,0,1
20,9,20,0,0,0,2
20,10,20,0,1,0,4
20,11,20,0,1,0,1
20,12,20,0,1,0,1
20,13,20,0,1,0,6
20,14,20,0,1,0,3
20,15,20,0,1,0,1
20,16,20,0,1,0,4
20,17,20,0,1,0,1
20,18,20,0,1,0,1
20,19,20,0,1,0,2
21,0,21,0,0,0,2
21,1,21,0,0,0,1
21,2,21,0,0,0,2
21,3,21,0,0,0,4
21,4,21,0,0,0,4
21,5,21,0,0,0,3
21,6,21,0,0,0,2
21,7,21,0,0,0,1
21,8,21,0,0,0,3
21,9,21,0,0,0,2
21,10,21,0,1,0,3
21,11,21,0,1,0,3
21,12,21,0,1,0,2
21,13,21,0,1,0,1
21,14,21,0,1,0,10
21,15,21,0,1,0,6
21,16,21,0,1,0,2
21,17,21,0,1,0,1
21,18,21,0,1,0,1
21,19,21,0,1,0,1
22,0,22,0,0,0,1
22,1,22,0,0,0,6
22,2,22,0,0,0,2
22,3,22,0,0,0,1
22,4,22,0,0,0,1
22,5,22,0,0,0,3
22,6,22,0,0,0,2
22,7,22,0,0,0,2
22,8,22,0,0,0,1
22,9,22,0,0,0,2
22,10,22,0,1,0,1
22,11,22,0,1,0,2
22,12,22,0,1,0,2
22,13,22,0,1,0,5
22,14,22,0,1,0,3
22,15,22,0,1,0,1
22,16,22,0,1,0,2
22,17,22,0,1,0,1
22,18,22,0,1,0,3
22,19,22,0,1,0,2
23,0,23,0,0,0,1
23,1,23,0,0,0,2
23,2,23,0,0,0,1
23,3,23,0,0,0,2
23,4,23,0,0,0,2
23,5,23,0,0,0,3
23,6,23,0,0,0,2
23,7,23,0,0,0,2
23,8,23,0,0,0,2
23,9,23,0,0,0,1
23,10,23,0,1,0,1
23,11,23,0,1,0,2
23,12,23,0,1,0,2
23,13,23,0,1,0,4
23,14,23,0,1,0,3
23,15,23,0,1,0,1
23,16,23,0,1,0,1
23,17,23,0,1,0,1
23,18,23,0,1,0,1
23,19,23,0,1,0,1
24,0,24,0,0,0,8
24,1,24,0,0,0,3
24,2,24,0,0,0,1
24,3,24,0,0,0,3
24,4,24,0,0,0,1
24,5,24,0,0,0,2
24,6,24,0,0,0,1
24,7,24,0,0,0,2
24,8,24,0,0,0,5
24,9,24,0,0,0,2
24,10,24,0,1,0,4
24,11,24,0,1,0,2
24,12,24,0,1,0,1
24,13,24,0,1,0,2
24,14,24,0,1,0,2
24,15,24,0,1,0,1
24,16,24,0,1,0,5
24,17,24,0,1,0,1
24,18,24,0,1,0,2
24,19,24,0,1,0,2
25,0,25,0,0,0,2
25,1,25,0,0,0,1
25,2,25,0,0,0,3
25,3,25,0,0,0,3
25,4,25,0,0,0,4
25,5,25,0,0,0,4
25,6,25,0,0,0,1
25,7,25,0,0,0,3
25,8,25,0,0,0,2
25,9,25,0,0,0,3
25,10,25,0,1,0,1
25,11,25,0,1,0,2
25,12,25,0,1,0,3
25,13,25,0,1,0,6
25,14,25,0,1,0,1
25,15,25,0,1,0,1
25,16,25,0,1,0,2
25,17,25,0,1,0,2
25,18,25,0,1,0,1
25,19,25,0,1,0,4
26,0,26,0,0,0,6
26,1,26,0,0,0,1
26,2,26,0,0,0,2
26,3,26,0,0,0,1
26,4,26,0,0,0,2
26,5,26,0,0,0,1
26,6,26,0,0,0,2
26,7,26,0,0,0,5
26,8,26,0,0,0,2
26,9,26,0,0,0,3
26,10,26,0,1,0,3
26,11,26,0,1,0,2
26,12,26,0,1,0,2
26,13,26,0,1,0,2
26,14,26,0,1,0,1
26,15,26,0,1,0,1
26,16,26,0,1,0,6
26,17,26,0,1,0,1
26,18,26,0,1,0,2
26,19,26,0,1,0,1
27,0,27,0,0,0,2
27,1,27,0,0,0,2
27,2,27,0,0,0,5
27,3,27,0,0,0,1
27,4,27,0,0,0,2
27,5,27,0,0,0,7
27,6,27,0,0,0,4
27,7,27,0,0,0,4
27,8,27,0,0,0,2
27,9,27,0,0,0,1
27,10,27,0,1,0,2
27,11,27,0,1,0,2
27,12,27,0,1,0,3
27,13,27,0,1,0,2
27,14,27,0,1,0,2
27,15,27,0,1,0,1
27,16,27,0,1,0,1
27,17,27,0,1,0,3
27,18,27,0,1,0,2
27,19,27,0,1,0,5
28,0,28,0,0,0,2
28,1,28,0,0,0,1
28,2,28,0,0,0,3
28,3,28,0,0,0,3
28,4,28,0,0,0,1
28,5,28,0,0,0,2
28,6,28,0,0,0,2
28,7,28,0,0,0,2
28,8,28,0,0,0,1
28,9,28,0,0,0,1
28,10,28,0,1,0,3
28,11,28,0,1,0,2
28,12,28,0,1,0,1
28,13,28,0,1,0,3
28,14,28,0,1,0,5
28,15,28,0,1,0,2
28,16,28,0,1,0,2
28,17,28,0,1,0,2
28,18,28,0,1,0,3
28,19,28,0,1,0,1
29,0,29,0,0,0,3
29,1,29,0,0,0,2
29,2,29,0,0,0,1
29,3,29,0,0,0,3
29,4,29,0,0,0,1
29,5,29,0,0,0,1
29,6,29,0,0,0,2
29,7,29,0,0,0,4
29,8,29,0,0,0,3
29,9,29,0,0,0,3
29,10,29,0,1,0,5
29,11,29,0,1,0,6
29,12,29,0,1,0,1
29,13,29,0,1,0,5
29,14,29,0,1,0,3
29,15,29,0,1,0,5
29,16,29,0,1,0,2
29,17,29,0,1,0,4
29,18,29,0,1,0,3
29,19,29,0,1,0,3
30,0,30,0,0,0,2
30,1,30,0,0,0,5
30,2,30,0,0,0,2
30,3,30,0,0,0,2
30,4,30,0,0,0,1
30,5,30,0,0,0,2
30,6,30,0,0,0,3
30,7,30,0,0,0,5
30,8,30,0,0,0,2
30,9,30,0,0,0,2
30,10,30,0,1,0,1
30,11,30,0,1,0,4
30,12,30,0,1,0,1
30,13,30,0,1,0,2
30,14,30,0,1,0,6
30,15,30,0,1,0,1
30,16,30,0,1,0,2
30,17,30,0,1,0,3
30,18,30,0,1,0,4
30,19,30,0,1,0,2
31,0,31,0,0,0,3
31,1,31,0,0,0,11
31,2,31,0,0,0,1
31,3,31,0,0,0,2
31,4,31,0,0,0,2
31,5,31,0,0,0,1
31,6,31,0,0,0,2
31,7,31,0,0,0,4
31,8,31,0,0,0,2
31,9,31,0,0,0,2
31,10,31,0,1,0,2
31,11,31,0,1,0,3
31,12,31,0,1,0,4
31,13,31,0,1,0,2
31,14,31,0,1,0,7
31,15,31,0,1,0,1
31,16,31,0,1,0,2
31,17,31,0,1,0,4
31,18,31,0,1,0,2
31,19,31,0,1,0,2
32,0,32,0,0,0,2
32,1,32,0,0,0,3
32,2,32,0,0,0,1
32,3,32,0,0,0,3
32,4,32,0,0,0,2
32,5,32,0,0,0,2
32,6,32,0,0,0,4
32,7,32,0,0,0,2
32,8,32,0,0,0,5
32,9,32,0,0,0,3
32,10,32,0,1,0,2
32,11,32,0,1,0,1
32,12,32,0,1,0,4
32,13,32,0,1,0,2
32,14,32,0,1,0,1
32,15,32,0,1,0,2
32,16,32,0,1,0,1
32,17,32,0,1,0,2
32,18,32,0,1,0,2
32,19,32,0,1,0,2
33,0,33,0,0,0,2
33,1,33,0,0,0,6
33,2,33,0,0,0,3
33,3,33,0,0,0,2
33,4,33,0,0,0,2
33,5,33,0,0,0,2
33,6,33,0,0,0,3
33,7,33,0,0,0,4
33,8,33,0,0,0,4
33,9,33,0,0,0,3
33,10,33,0,1,0,3
33,11,33,0,1,0,2
33,12,33,0,1,0,1
33,13,33,0,1,0,2
33,14,33,0,1,0,3
33,15,33,0,1,0,4
33,16,33,0,1,0,1
33,17,33,0,1,0,4
33,18,33,0,1,0,4
33,19,33,0,1,0,3
34,0,34,0,0,0,3
34,1,34,0,0,0,2
34,2,34,0,0,0,1
34,3,34,0,0,0,2
34,4,34,0,0,0,3
34,5,34,0,0,0,2
34,6,34,0,0,0,4
34,7,34,0,0,0,3
34,8,34,0,0,0,2
34,9,34,0,0,0,6
34,10,34,0,1,0,2
34,11,34,0,1,0,3
34,12,34,0,1,0,3
34,13,34,0,1,0,1
34,14,34,0,1,0,0
34,15,34,0,1,0,3
34,16,34,0,1,0,2
34,17,34,0,1,0,3
34,18,34,0,1,0,1
34,19,34,0,1,0,1
35,0,35,0,0,0,5
35,1,35,0,0,0,2
35,2,35,0,0,0,2
35,3,35,0,0,0,2
35,4,35,0,0,0,1
35,5,35,0,0,0,3
35,6,35,0,0,0,4
35,7,35,0,0,0,5
35,8,35,0,0,0,6
35,9,35,0,0,0,2
35,10,35,0,1,0,3
35,11,35,0,1,0,2
35,12,35,0,1,0,3
35,13,35,0,1,0,4
35,14,35,0,1,0,4
35,15,35,0,1,0,3
35,16,35,0,1,0,2
35,17,35,0,1,0,2
35,18,35,0,1,0,3
35,19,35,0,1,0,2
36,0,36,0,0,0,2
36,1,36,0,0,0,3
36,2,36,0,0,0,1
36,3,36,0,0,0,2
36,4,36,0,0,0,2
36,5,36,0,0,0,2
36,6,36,0,0,0,7
36,7,36,0,0,0,4
36,8,36,0,0,0,18
36,9,36,0,0,0,1
36,10,36,0,1,0,6
36,11,36,0,1,0,4
36,12,36,0,1,0,3
36,13,36,0,1,0,3
36,14,36,0,1,0,4
36,15,36,0,1,0,2
36,16,36,0,1,0,5
36,17,36,0,1,0,6
36,18,36,0,1,0,3
36,19,36,0,1,0,3
37,0,37,0,0,0,3
37,1,37,0,0,0,2
37,2,37,0,0,0,3
37,3,37,0,0,0,15
37,4,37,0,0,0,7
37,5,37,0,0,0,3
37,6,37,0,0,0,2
37,7,37,0,0,0,2
37,8,37,0,0,0,2
37,9,37,0,0,0,2
37,10,37,0,1,0,4
37,11,37,0,1,0,3
37,12,37,0,1,0,1
37,13,37,0,1,0,3
37,14,37,0,1,0,3
37,15,37,0,1,0,2
37,16,37,0,1,0,5
37,17,37,0,1,0,2
37,18,37,0,1,0,2
37,19,37,0,1,0,6
38,0,38,0,0,0,1
38,1,38,0,0,0,3
38,2,38,0,0,0,3
38,3,38,0,0,0,6
38,4,38,0,0,0,2
38,5,38,0,0,0,5
38,6,38,0,0,0,3
38,7,38,0,0,0,2
38,8,38,0,0,0,4
38,9,38,0,0,0,1
38,10,38,0,1,0,3
38,11,38,0,1,0,2
38,12,38,0,1,0,4
38,13,38,0,1,0,2
38,14,38,0,1,0,4
38,15,38,0,1,0,4
38,16,38,0,1,0,3
38,17,38,0,1,0,2
38,18,38,0,1,0,3
38,19,38,0,1,0,4
39,0,39,0,0,0,2
39,1,39,0,0,0,1
39,2,39,0,0,0,4
39,3,39,0,0,0,1
39,4,39,0,0,0,7
39,5,39,0,0,0,2
39,6,39,0,0,0,3
39,7,39,0,0,0,2
39,8,39,0,0,0,8
39,9,39,0,0,0,3
39,10,39,0,1,0,2
39,11,39,0,1,0,2
39,12,39,0,1,0,4
39,13,39,0,1,0,12
39,14,39,0,1,0,1
39,15,39,0,1,0,2
39,16,39,0,1,0,1
39,17,39,0,1,0,1
39,18,39,0,1,0,2
39,19,39,0,1,0,4
40,0,40,0,0,0,1
40,1,40,0,0,0,5
40,2,40,0,0,0,3
40,3,40,0,0,0,5
40,4,40,0,0,0,2
40,5,40,0,0,0,5
40,6,40,0,0,0,4
40,7,40,0,0,0,2
40,8,40,0,0,0,2
40,9,40,0,0,0,3
40,10,40,0,1,0,2
40,11,40,0,1,0,2
40,12,40,0,1,0,2
40,13,40,0,1,0,4
40,14,40,0,1,0,3
40,15,40,0,1,0,2
40,16,40,0,1,0,5
40,17,40,0,1,0,2
40,18,40,0,1,0,4
40,19,40,0,1,0,1
41,0,41,0,0,0,5
41,1,41,0,0,0,3
41,2,41,0,0,0,3
41,3,41,0,0,0,2
41,4,41,0,0,0,9
41,5,41,0,0,0,3
41,6,41,0,0,0,2
41,7,41,0,0,0,2
41,8,41,0,0,0,3
41,9,41,0,0,0,7
41,10,41,0,1,0,1
41,11,41,0,1,0,3
41,12,41,0,1,0,3
41,13,41,0,1,0,6
41,14,41,0,1,0,5
41,15,41,0,1,0,5
41,16,41,0,1,0,2
41,17,41,0,1,0,5
41,18,41,0,1,0,2
41,19,41,0,1,0,2
42,0,42,0,0,0,2
42,1,42,0,0,0,3
42,2,42,0,0,0,3
42,3,42,0,0,0,3
42,4,42,0,0,0,3
42,5,42,0,0,0,3
42,6,42,0,0,0,6
42,7,42,0,0,0,1
42,8,42,0,0,0,3
42,9,42,0,0,0,2
42,10,42,0,1,0,6
42,11,42,0,1,0,4
42,12,42,0,1,0,10
42,13,42,0,1,0,1
42,14,42,0,1,0,7
42,15,42,0,1,0,2
42,16,42,0,1,0,3
42,17,42,0,1,0,2
42,18,42,0,1,0,13
42,19,42,0,1,0,5
43,0,43,0,0,0,4
43,1,43,0,0,0,1
43,2,43,0,0,0,4
43,3,43,0,0,0,2
43,4,43,0,0,0,5
43,5,43,0,0,0,1
43,6,43,0,0,0,2
43,7,43,0,0,0,9
43,8,43,0,0,0,3
43,9,43,0,0,0,12
43,10,43,0,1,0,3
43,11,43,0,1,0,4
43,12,43,0,1,0,3
43,13,43,0,1,0,1
43,14,43,0,1,0,4
43,15,43,0,1,0,3
43,16,43,0,1,0,3
43,17,43,0,1,0,4
43,18,43,0,1,0,2
43,19,43,0,1,0,8
44,0,44,0,0,0,3
44,1,44,0,0,0,21
44,2,44,0,0,0,7
44,3,44,0,0,0,3
44,4,44,0,0,0,5
44,5,44,0,0,0,2
44,6,44,0,0,0,2
44,7,44,0,0,0,3
44,8,44,0,0,0,5
44,9,44,0,0,0,4
44,10,44,0,1,0,1
44,11,44,0,1,0,9
44,12,44,0,1,0,6
44,13,44,0,1,0,3
44,14,44,0,1,0,3
44,15,44,0,1,0,6
44,16,44,0,1,0,3
44,17,44,0,1,0,7
44,18,44,0,1,0,3
44,19,44,0,1,0,4
45,0,45,0,0,0,1
45,1,45,0,0,0,1
45,2,45,0,0,0,4
45,3,45,0,0,0,3
45,4,45,0,0,0,10
45,5,45,0,0,0,5
45,6,45,0,0,0,6
45,7,45,0,0,0,2
45,8,45,0,0,0,5
45,9,45,0,0,0,2
45,10,45,0,1,0,6
45,11,45,0,1,0,3
45,12,45,0,1,0,1
45,13,45,0,1,0,4
45,14,45,0,1,0,3
45,15,45,0,1,0,5
45,16,45,0,1,0,2
45,17,45,0,1,0,15
45,18,45,0,1,0,4
45,19,45,0,1,0,3
46,0,46,0,0,0,3
46,1,46,0,0,0,8
46,2,46,0,0,0,4
46,3,46,0,0,0,1
46,4,46,0,0,0,5
46,5,46,0,0,0,6
46,6,46,0,0,0,2
46,7,46,0,0,0,6
46,8,46,0,0,0,6
46,9,46,0,0,0,5
46,10,46,0,1,0,2
46,11,46,0,1,0,3
46,12,46,0,1,0,4
46,13,46,0,1,0,4
46,14,46,0,1,0,4
46,15,46,0,1,0,4
46,16,46,0,1,0,11
46,17,46,0,1,0,4
46,18,46,0,1,0,2
46,19,46,0,1,0,2
47,0,47,0,0,0,2
47,1,47,0,0,0,3
47,2,47,0,0,0,3
47,3,47,0,0,0,2
47,4,47,0,0,0,2
47,5,47,0,0,0,5
47,6,47,0,0,0,5
47,7,47,0,0,0,4
47,8,47,0,0,0,4
47,9,47,0,0,0,4
47,10,47,0,1,0,4
47,11,47,0,1,0,5
47,12,47,0,1,0,6
47,13,47,0,1,0,4
47,14,47,0,1,0,3
47,15,47,0,1,0,3
47,16,47,0,1,0,3
47,17,47,0,1,0,2
47,18,47,0,1,0,12
47,19,47,0,1,0,2
48,0,48,0,0,0,4
48,1,48,0,0,0,4
48,2,48,0,0,0,1
48,3,48,0,0,0,8
48,4,48,0,0,0,5
48,5,48,0,0,0,6
48,6,48,0,0,0,5
48,7,48,0,0,0,2
48,8,48,0,0,0,2
48,9,48,0,0,0,3
48,10,48,0,1,0,1
48,11,48,0,1,0,2
48,12,48,0,1,0,2
48,13,48,0,1,0,2
48,14,48,0,1,0,2
48,15,48,0,1,0,6
48,16,48,0,1,0,4
48,17,48,0,1,0,8
48,18,48,0,1,0,2
48,19,48,0,1,0,9
49,0,49,0,0,0,4
49,1,49,0,0,0,3
49,2,49,0,0,0,3
49,3,49,0,0,0,3
49,4,49,0,0,0,3
49,5,49,0,0,0,3
49,6,49,0,0,0,7
49,7,49,0,0,0,2
49,8,49,0,0,0,7
49,9,49,0,0,0,6
49,10,49,0,1,0,13
49,11,49,0,1,0,6
49,12,49,0,1,0,2
49,13,49,0,1,0,4
49,14,49,0,1,0,4
49,15,49,0,1,0,1
49,16,49,0,1,0,3
49,17,49,0,1,0,3
49,18,49,0,1,0,2
49,19,49,0,1,0,4
50,0,50,0,0,0,2
50,1,50,0,0,0,3
50,2,50,0,0,0,2
50,3,50,0,0,0,6
50,4,50,0,0,0,7
50,5,50,0,0,0,7
50,6,50,0,0,0,6
50,7,50,0,0,0,8
50,8,50,0,0,0,2
50,9,50,0,0,0,3
50,10,50,0,1,0,2
50,11,50,0,1,0,6
50,12,50,0,1,0,4
50,13,50,0,1,0,8
50,14,50,0,1,0,4
50,15,50,0,1,0,10
50,16,50,0,1,0,4
50,17,50,0,1,0,6
50,18,50,0,1,0,5
50,19,50,0,1,0,3
51,0,51,0,0,0,4
51,1,51,0,0,0,14
51,2,51,0,0,0,3
51,3,51,0,0,0,2
51,4,51,0,0,0,4
51,5,51,0,0,0,4
51,6,51,0,0,0,4
51,7,51,0,0,0,5
51,8,51,0,0,0,5
51,9,51,0,0,0,7
51,10,51,0,1,0,2
51,11,51,0,1,0,16
51,12,51,0,1,0,4
51,13,51,0,1,0,5
51,14,51,0,1,0,5
51,15,51,0,1,0,8
51,16,51,0,1,0,2
51,17,51,0,1,0,4
51,18,51,0,1,0,4
51,19,51,0,1,0,6
52,0,52,0,0,0,3
52,1,52,0,0,0,3
52,2,52,0,0,0,4
52,3,52,0,0,0,8
52,4,52,0,0,0,2
52,5,52,0,0,0,6
52,6,52,0,0,0,1
52,7,52,0,0,0,3
52,8,52,0,0,0,9
52,9,52,0,0,0,5
52,10,52,0,1,0,5
52,11,52,0,1,0,6
52,12,52,0,1,0,3
52,13,52,0,1,0,3
52,14,52,0,1,0,4
52,15,52,0,1,0,5
52,16,52,0,1,0,6
52,17,52,0,1,0,5
52,18,52,0,1,0,2
52,19,52,0,1,0,4
53,0,53,0,0,0,5
53,1,53,0,0,0,3
53,2,53,0,0,0,5
53,3,53,0,0,0,2
53,4,53,0,0,0,6
53,5,53,0,0,0,4
53,6,53,0,0,0,11
53,7,53,0,0,0,3
53,8,53,0,0,0,6
53,9,53,0,0,0,3
53,10,53,0,1,0,3
53,11,53,0,1,0,4
53,12,53,0,1,0,9
53,13,53,0,1,0,3
53,14,53,0,1,0,2
53,15,53,0,1,0,2
53,16,53,0,1,0,7
53,17,53,0,1,0,9
53,18,53,0,1,0,3
53,19,53,0,1,0,4
54,0,54,0,0,0,5
54,1,54,0,0,0,4
54,2,54,0,0,0,7
54,3,54,0,0,0,2
54,4,54,0,0,0,7
54,5,54,0,0,0,3
54,6,54,0,0,0,5
54,7,54,0,0,0,5
54,8,54,0,0,0,4
54,9,54,0,0,0,6
54,10,54,0,1,0,6
54,11,54,0,1,0,5
54,12,54,0,1,0,13
54,13,54,0,1,0,4
54,14,54,0,1,0,2
54,15,54,0,1,0,3
54,16,54,0,1,0,5
54,17,54,0,1,0,3
54,18,54,0,1,0,7
54,19,54,0,1,0,13
55,0,55,0,0,0,6
55,1,55,0,0,0,10
55,2,55,0,0,0,6
55,3,55,0,0,0,3
55,4,55,0,0,0,6
55,5,55,0,0,0,1
55,6,55,0,0,0,3
55,7,55,0,0,0,7
55,8,55,0,0,0,1
55,9,55,0,0,0,2
55,10,55,0,1,0,12
55,11,55,0,1,0,2
55,12,55,0,1,0,2
55,13,55,0,1,0,4
55,14,55,0,1,0,4
55,15,55,0,1,0,3
55,16,55,0,1,0,3
55,17,55,0,1,0,18
55,18,55,0,1,0,7
55,19,55,0,1,0,6
56,0,56,0,0,0,7
56,1,56,0,0,0,4
56,2,56,0,0,0,6
56,3,56,0,0,0,2
56,4,56,0,0,0,4
56,5,56,0,0,0,5
56,6,56,0,0,0,3
56,7,56,0,0,0,11
56,8,56,0,0,0,3
56,9,56,0,0,0,9
56,10,56,0,1,0,3
56,11,56,0,1,0,10
56,12,56,0,1,0,6
56,13,56,0,1,0,11
56,14,56,0,1,0,5
56,15,56,0,1,0,4
56,16,56,0,1,0,7
56,17,56,0,1,0,2
56,18,56,0,1,0,2
56,19,56,0,1,0,2
57,0,57,0,0,0,5
57,1,57,0,0,0,2
57,2,57,0,0,0,3
57,3,57,0,0,0,4
57,4,57,0,0,0,15
57,5,57,0,0,0,4
57,6,57,0,0,0,11
57,7,57,0,0,0,4
57,8,57,0,0,0,3
57,9,57,0,0,0,9
57,10,57,0,1,0,5
57,11,57,0,1,0,9
57,12,57,0,1,0,12
57,13,57,0,1,0,5
57,14,57,0,1,0,6
57,15,57,0,1,0,5
57,16,57,0,1,0,3
57,17,57,0,1,0,9
57,18,57,0,1,0,12
57,19,57,0,1,0,10
58,0,58,0,0,0,5
58,1,58,0,0,0,5
58,2,58,0,0,0,3
58,3,58,0,0,0,6
58,4,58,0,0,0,2
58,5,58,0,0,0,4
58,6,58,0,0,0,16
58,7,58,0,0,0,10
58,8,58,0,0,0,5
58,9,58,0,0,0,5
58,10,58,0,1,0,6
58,11,58,0,1,0,6
58,12,58,0,1,0,3
58,13,58,0,1,0,7
58,14,58,0,1,0,7
58,15,58,0,1,0,3
58,16,58,0,1,0,5
58,17,58,0,1,0,5
58,18,58,0,1,0,5
58,19,58,0,1,0,4
59,0,59,0,0,0,9
59,1,59,0,0,0,6
59,2,59,0,0,0,7
59,3,59,0,0,0,3
59,4,59,0,0,0,2
59,5,59,0,0,0,15
59,6,59,0,0,0,12
59,7,59,0,0,0,5
59,8,59,0,0,0,4
59,9,59,0,0,0,3
59,10,59,0,1,0,2
59,11,59,0,1,0,7
59,12,59,0,1,0,16
59,13,59,0,1,0,13
59,14,59,0,1,0,8
59,15,59,0,1,0,8
59,16,59,0,1,0,2
59,17,59,0,1,0,5
59,18,59,0,1,0,5
59,19,59,0,1,0,5
60,0,60,0,0,0,3
60,1,60,0,0,0,7
60,2,60,0,0,0,12
60,3,60,0,0,0,5
60,4,60,0,0,0,9
60,5,60,0,0,0,8
60,6,60,0,0,0,3
60,7,60,0,0,0,5
60,8,60,0,0,0,8
60,9,60,0,0,0,7
60,10,60,0,1,0,5
60,11,60,0,1,0,3
60,12,60,0,1,0,4
60,13,60,0,1,0,5
60,14,60,0,1,0,7
60,15,60,0,1,0,4
60,16,60,0,1,0,3
60,17,60,0,1,0,10
60,18,60,0,1,0,4
60,19,60,0,1,0,5
61,0,61,0,0,0,10
61,1,61,0,0,0,2
61,2,61,0,0,0,5
61,3,61,0,0,0,5
61,4,61,0,0,0,5
61,5,61,0,0,0,4
61,6,61,0,0,0,4
61,7,61,0,0,0,6
61,8,61,0,0,0,7
61,9,61,0,0,0,7
61,10,61,0,1,0,4
61,11,61,0,1,0,9
61,12,61,0,1,0,4
61,13,61,0,1,0,3
61,14,61,0,1,0,10
61,15,61,0,1,0,6
61,16,61,0,1,0,5
61,17,61,0,1,0,4
61,18,61,0,1,0,10
61,19,61,0,1,0,6
62,0,62,0,0,0,12
62,1,62,0,0,0,3
62,2,62,0,0,0,2
62,3,62,0,0,0,4
62,4,62,0,0,0,3
62,5,62,0,0,0,6
62,6,62,0,0,0,7
62,7,62,0,0,0,2
62,8,62,0,0,0,3
62,9,62,0,0,0,3
62,10,62,0,1,0,10
62,11,62,0,1,0,9
62,12,62,0,1,0,4
62,13,62,0,1,0,7
62,14,62,0,1,0,4
62,15,62,0,1,0,5
62,16,62,0,1,0,6
62,17,62,0,1,0,4
62,18,62,0,1,0,6
62,19,62,0,1,0,6
63,0,63,0,0,0,7
63,1,63,0,0,0,10
63,2,63,0,0,0,4
63,3,63,0,0,0,5
63,4,63,0,0,0,4
63,5,63,0,0,0,5
63,6,63,0,0,0,11
63,7,63,0,0,0,4
63,8,63,0,0,0,4
63,9,63,0,0,0,8
63,10,63,0,1,0,11
63,11,63,0,1,0,3
63,12,63,0,1,0,7
63,13,63,0,1,0,4
63,14,63,0,1,0,7
63,15,63,0,1,0,7
63,16,63,0,1,0,9
63,17,63,0,1,0,3
63,18,63,0,1,0,5
63,19,63,0,1,0,4
64,0,64,0,0,0,3
64,1,64,0,0,0,9
64,2,64,0,0,0,2
64,3,64,0,0,0,5
64,4,64,0,0,0,4
64,5,64,0,0,0,7
64,6,64,0,0,0,5
64,7,64,0,0,0,4
64,8,64,0,0,0,15
64,9,64,0,0,0,5
64,10,64,0,1,0,4
64,11,64,0,1,0,8
64,12,64,0,1,0,6
64,13,64,0,1,0,9
64,14,64,0,1,0,3
64,15,64,0,1,0,3
64,16,64,0,1,0,4
64,17,64,0,1,0,4
64,18,64,0,1,0,4
64,19,64,0,1,0,9
65,0,65,0,0,0,2
65,1,65,0,0,0,3
65,2,65,0,0,0,9
65,3,65,0,0,0,13
65,4,65,0,0,0,8
65,5,65,0,0,0,4
65,6,65,0,0,0,6
65,7,65,0,0,0,2
65,8,65,0,0,0,5
65,9,65,0,0,0,3
65,10,65,0,1,0,4
65,11,65,0,1,0,4
65,12,65,0,1,0,3
65,13,65,0,1,0,5
65,14,65,0,1,0,6
65,15,65,0,1,0,4
65,16,65,0,1,0,8
65,17,65,0,1,0,8
65,18,65,0,1,0,3
65,19,65,0,1,0,8
66,0,66,0,0,0,5
66,1,66,0,0,0,6
66,2,66,0,0,0,3
66,3,66,0,0,0,7
66,4,66,0,0,0,7
66,5,66,0,0,0,8
66,6,66,0,0,0,2
66,7,66,0,0,0,9
66,8,66,0,0,0,5
66,9,66,0,0,0,10
66,10,66,0,1,0,6
66,11,66,0,1,0,2
66,12,66,0,1,0,11
66,13,66,0,1,0,3
66,14,66,0,1,0,5
66,15,66,0,1,0,8
66,16,66,0,1,0,5
66,17,66,0,1,0,5
66,18,66,0,1,0,6
66,19,66,0,1,0,5
67,0,67,0,0,0,2
67,1,67,0,0,0,4
67,2,67,0,0,0,14
67,3,67,0,0,0,6
67,4,67,0,0,0,4
67,5,67,0,0,0,2
67,6,67,0,0,0,7
67,7,67,0,0,0,2
67,8,67,0,0,0,2
67,9,67,0,0,0,9
67,10,67,0,1,0,9
67,11,67,0,1,0,2
67,12,67,0,1,0,3
67,13,67,0,1,0,9
67,14,67,0,1,0,11
67,15,67,0,1,0,4
67,16,67,0,1,0,2
67,17,67,0,1,0,7
67,18,67,0,1,0,7
67,19,67,0,1,0,3
68,0,68,0,0,0,6
68,1,68,0,0,0,10
68,2,68,0,0,0,3
68,3,68,0,0,0,4
68,4,68,0,0,0,7
68,5,68,0,0,0,6
68,6,68,0,0,0,15
68,7,68,0,0,0,3
68,8,68,0,0,0,6
68,9,68,0,0,0,4
68,10,68,0,1,0,5
68,11,68,0,1,0,9
68,12,68,0,1,0,15
68,13,68,0,1,0,4
68,14,68,0,1,0,5
68,15,68,0,1,0,6
68,16,68,0,1,0,9
68,17,68,0,1,0,8
68,18,68,0,1,0,6
68,19,68,0,1,0,4
69,0,69,0,0,0,6
69,1,69,0,0,0,5
69,2,69,0,0,0,9
69,3,69,0,0,0,3
69,4,69,0,0,0,10
69,5,69,0,0,0,6
69,6,69,0,0,0,5
69,7,69,0,0,0,5
69,8,69,0,0,0,6
69,9,69,0,0,0,5
69,10,69,0,1,0,3
69,11,69,0,1,0,3
69,12,69,0,1,0,5
69,13,69,0,1,0,2
69,14,69,0,1,0,5
69,15,69,0,1,0,6
69,16,69,0,1,0,5
69,17,69,0,1,0,6
69,18,69,0,1,0,9
69,19,69,0,1,0,4
70,0,70,0,0,0,7
70,1,70,0,0,0,14
70,2,70,0,0,0,2
70,3,70,0,0,0,6
70,4,70,0,0,0,5
70,5,70,0,0,0,6
70,6,70,0,0,0,3
70,7,70,0,0,0,14
70,8,70,0,0,0,7
70,9,70,0,0,0,3
70,10,70,0,1,0,5
70,11,70,0,1,0,5
70,12,70,0,1,0,5
70,13,70,0,1,0,4
70,14,70,0,1,0,4
70,15,70,0,1,0,10
70,16,70,0,1,0,5
70,17,70,0,1,0,12
70,18,70,0,1,0,5
70,19,70,0,1,0,7
71,0,71,0,0,0,6
71,1,71,0,0,0,4
71,2,71,0,0,0,3
71,3,71,0,0,0,5
71,4,71,0,0,0,6
71,5,71,0,0,0,7
71,6,71,0,0,0,8
71,7,71,0,0,0,7
71,8,71,0,0,0,13
71,9,71,0,0,0,8
71,10,71,0,1,0,2
71,11,71,0,1,0,5
71,12,71,0,1,0,15
71,13,71,0,1,0,17
71,14,71,0,1,0,5
71,15,71,0,1,0,6
71,16,71,0,1,0,9
71,17,71,0,1,0,7
71,18,71,0,1,0,15
71,19,71,0,1,0,7
72,0,72,0,0,0,9
72,1,72,0,0,0,15
72,2,72,0,0,0,10
72,3,72,0,0,0,7
72,4,72,0,0,0,9
72,5,72,0,0,0,4
72,6,72,0,0,0,4
72,7,72,0,0,0,6
72,8,72,0,0,0,2
72,9,72,0,0,0,2
72,10,72,0,1,0,4
72,11,72,0,1,0,9
72,12,72,0,1,0,9
72,13,72,0,1,0,11
72,14,72,0,1,0,14
72,15,72,0,1,0,4
72,16,72,0,1,0,5
72,17,72,0,1,0,3
72,18,72,0,1,0,7
72,19,72,0,1,0,3
73,0,73,0,0,0,14
73,1,73,0,0,0,5
73,2,73,0,0,0,4
73,3,73,0,0,0,8
73,4,73,0,0,0,7
73,5,73,0,0,0,7
73,6,73,0,0,0,9
73,7,73,0,0,0,16
73,8,73,0,0,0,4
73,9,73,0,0,0,9
73,10,73,0,1,0,2
73,11,73,0,1,0,8
73,12,73,0,1,0,8
73,13,73,0,1,0,6
73,14,73,0,1,0,3
73,15,73,0,1,0,2
73,16,73,0,1,0,6
73,17,73,0,1,0,6
73,18,73,0,1,0,10
73,19,73,0,1,0,3
74,0,74,0,0,0,8
74,1,74,0,0,0,5
74,2,74,0,0,0,7
74,3,74,0,0,0,6
74,4,74,0,0,0,5
74,5,74,0,0,0,6
74,6,74,0,0,0,6
74,7,74,0,0,0,3
74,8,74,0,0,0,2
74,9,74,0,0,0,13
74,10,74,0,1,0,3
74,11,74,0,1,0,6
74,12,74,0,1,0,4
74,13,74,0,1,0,7
74,14,74,0,1,0,6
74,15,74,0,1,0,3
74,16,74,0,1,0,5
74,17,74,0,1,0,3
74,18,74,0,1,0,10
74,19,74,0,1,0,9
75,0,75,0,0,0,6
75,1,75,0,0,0,7
75,2,75,0,0,0,8
75,3,75,0,0,0,10
75,4,75,0,0,0,10
75,5,75,0,0,0,6
75,6,75,0,0,0,11
75,7,75,0,0,0,6
75,8,75,0,0,0,6
75,9,75,0,0,0,6
75,10,75,0,1,0,6
75,11,75,0,1,0,13
75,12,75,0,1,0,5
75,13,75,0,1,0,6
75,14,75,0,1,0,7
75,15,75,0,1,0,9
75,16,75,0,1,0,7
75,17,75,0,1,0,3
75,18,75,0,1,0,6
75,19,75,0,1,0,12
76,0,76,0,0,0,6
76,1,76,0,0,0,17
76,2,76,0,0,0,7
76,3,76,0,0,0,9
76,4,76,0,0,0,11
76,5,76,0,0,0,3
76,6,76,0,0,0,7
76,7,76,0,0,0,3
76,8,76,0,0,0,7
76,9,76,0,0,0,3
76,10,76,0,1,0,11
76,11,76,0,1,0,8
76,12,76,0,1,0,10
76,13,76,0,1,0,5
76,14,76,0,1,0,10
76,15,76,0,1,0,5
76,16,76,0,1,0,4
76,17,76,0,1,0,3
76,18,76,0,1,0,5
76,19,76,0,1,0,7
77,0,77,0,0,0,10
77,1,77,0,0,0,6
77,2,77,0,0,0,3
77,3,77,0,0,0,4
77,4,77,0,0,0,6
77,5,77,0,0,0,7
77,6,77,0,0,0,7
77,7,77,0,0,0,26
77,8,77,0,0,0,9
77,9,77,0,0,0,7
77,10,77,0,1,0,7
77,11,77,0,1,0,11
77,12,77,0,1,0,8
77,13,77,0,1,0,6
77,14,77,0,1,0,4
77,15,77,0,1,0,5
77,16,77,0,1,0,5
77,17,77,0,1,0,2
77,18,77,0,1,0,6
77,19,77,0,1,0,4
78,0,78,0,0,0,8
78,1,78,0,0,0,3
78,2,78,0,0,0,3
78,3,78,0,0,0,8
78,4,78,0,0,0,18
78,5,78,0,0,0,9
78,6,78,0,0,0,12
78,7,78,0,0,0,10
78,8,78,0,0,0,10
78,9,78,0,0,0,6
78,10,78,0,1,0,6
78,11,78,0,1,0,4
78,12,78,0,1,0,3
78,13,78,0,1,0,7
78,14,78,0,1,0,6
78,15,78,0,1,0,10
78,16,78,0,1,0,7
78,17,78,0,1,0,6
78,18,78,0,1,0,7
78,19,78,0,1,0,15
79,0,79,0,0,0,4
79,1,79,0,0,0,10
79,2,79,0,0,0,11
79,3,79,0,0,0,9
79,4,79,0,0,0,10
79,5,79,0,0,0,13
79,6,79,0,0,0,3
79,7,79,0,0,0,13
79,8,79,0,0,0,7
79,9,79,0,0,0,3
79,10,79,0,1,0,10
79,11,79,0,1,0,8
79,12,79,0,1,0,6
79,13,79,0,1,0,11
79,14,79,0,1,0,9
79,15,79,0,1,0,6
79,16,79,0,1,0,3
79,17,79,0,1,0,15
79,18,79,0,1,0,18
79,19,79,0,1,0,11
80,0,80,0,0,0,4
80,1,80,0,0,0,3
80,2,80,0,0,0,11
80,3,80,0,0,0,10
80,4,80,0,0,0,9
80,5,80,0,0,0,8
80,6,80,0,0,0,7
80,7,80,0,0,0,13
80,8,80,0,0,0,7
80,9,80,0,0,0,4
80,10,80,0,1,0,8
80,11,80,0,1,0,7
80,12,80,0,1,0,20
80,13,80,0,1,0,25
80,14,80,0,1,0,10
80,15,80,0,1,0,6
80,16,80,0,1,0,13
80,17,80,0,1,0,12
80,18,80,0,1,0,6
80,19,80,0,1,0,10
81,0,81,0,0,0,5
81,1,81,0,0,0,9
81,2,81,0,0,0,4
81,3,81,0,0,0,7
81,4,81,0,0,0,9
81,5,81,0,0,0,6
81,6,81,0,0,0,4
81,7,81,0,0,0,8
81,8,81,0,0,0,5
81,9,81,0,0,0,4
81,10,81,0,1,0,3
81,11,81,0,1,0,3
81,12,81,0,1,0,7
81,13,81,0,1,0,6
81,14,81,0,1,0,10
81,15,81,0,1,0,3
81,16,81,0,1,0,8
81,17,81,0,1,0,14
81,18,81,0,1,0,6
81,19,81,0,1,0,2
82,0,82,0,0,0,10
82,1,82,0,0,0,2
82,2,82,0,0,0,3
82,3,82,0,0,0,4
82,4,82,0,0,0,5
82,5,82,0,0,0,15
82,6,82,0,0,0,10
82,7,82,0,0,0,5
82,8,82,0,0,0,6
82,9,82,0,0,0,11
82,10,82,0,1,0,8
82,11,82,0,1,0,7
82,12,82,0,1,0,5
82,13,82,0,1,0,4
82,14,82,0,1,0,8
82,15,82,0,1,0,5
82,16,82,0,1,0,11
82,17,82,0,1,0,5
82,18,82,0,1,0,5
82,19,82,0,1,0,9
83,0,83,0,0,0,10
83,1,83,0,0,0,8
83,2,83,0,0,0,5
83,3,83,0,0,0,9
83,4,83,0,0,0,4
83,5,83,0,0,0,9
83,6,83,0,0,0,10
83,7,83,0,0,0,3
83,8,83,0,0,0,4
83,9,83,0,0,0,6
83,10,83,0,1,0,5
83,11,83,0,1,0,6
83,12,83,0,1,0,4
83,13,83,0,1,0,5
83,14,83,0,1,0,6
83,15,83,0,1,0,7
83,16,83,0,1,0,8
83,17,83,0,1,0,12
83,18,83,0,1,0,2
83,19,83,0,1,0,4
84,0,84,0,0,0,4
84,1,84,0,0,0,8
84,2,84,0,0,0,5
84,3,84,0,0,0,10
84,4,84,0,0,0,22
84,5,84,0,0,0,13
84,6,84,0,0,0,3
84,7,84,0,0,0,13
84,8,84,0,0,0,9
84,9,84,0,0,0,9
84,10,84,0,1,0,6
84,11,84,0,1,0,7
84,12,84,0,1,0,6
84,13,84,0,1,0,6
84,14,84,0,1,0,5
84,15,84,0,1,0,11
84,16,84,0,1,0,12
84,17,84,0,1,0,2
84,18,84,0,1,0,5
84,19,84,0,1,0,6
85,0,85,0,0,0,7
85,1,85,0,0,0,12
85,2,85,0,0,0,13
85,3,85,0,0,0,6
85,4,85,0,0,0,5
85,5,85,0,0,0,4
85,6,85,0,0,0,11
85,7,85,0,0,0,6
85,8,85,0,0,0,8
85,9,85,0,0,0,9
85,10,85,0,1,0,6
85,11,85,0,1,0,4
85,12,85,0,1,0,5
85,13,85,0,1,0,10
85,14,85,0,1,0,16
85,15,85,0,1,0,8
85,16,85,0,1,0,13
85,17,85,0,1,0,8
85,18,85,0,1,0,7
85,19,85,0,1,0,15
86,0,86,0,0,0,12
86,1,86,0,0,0,13
86,2,86,0,0,0,27
86,3,86,0,0,0,4
86,4,86,0,0,0,11
86,5,86,0,0,0,5
86,6,86,0,0,0,4
86,7,86,0,0,0,8
86,8,86,0,0,0,6
86,9,86,0,0,0,6
86,10,86,0,1,0,7
86,11,86,0,1,0,8
86,12,86,0,1,0,12
86,13,86,0,1,0,16
86,14,86,0,1,0,8
86,15,86,0,1,0,5
86,16,86,0,1,0,5
86,17,86,0,1,0,9
86,18,86,0,1,0,7
86,19,86,0,1,0,5
87,0,87,0,0,0,10
87,1,87,0,0,0,6
87,2,87,0,0,0,4
87,3,87,0,0,0,7
87,4,87,0,0,0,4
87,5,87,0,0,0,12
87,6,87,0,0,0,6
87,7,87,0,0,0,10
87,8,87,0,0,0,7
87,9,87,0,0,0,7
87,10,87,0,1,0,6
87,11,87,0,1,0,3
87,12,87,0,1,0,8
87,13,87,0,1,0,8
87,14,87,0,1,0,11
87,15,87,0,1,0,7
87,16,87,0,1,0,14
87,17,87,0,1,0,8
87,18,87,0,1,0,10
87,19,87,0,1,0,8
88,0,88,0,0,0,14
88,1,88,0,0,0,8
88,2,88,0,0,0,5
88,3,88,0,0,0,12
88,4,88,0,0,0,6
88,5,88,0,0,0,8
88,6,88,0,0,0,11
88,7,88,0,0,0,8
88,8,88,0,0,0,4
88,9,88,0,0,0,12
88,10,88,0,1,0,4
88,11,88,0,1,0,6
88,12,88,0,1,0,8
88,13,88,0,1,0,12
88,14,88,0,1,0,3
88,15,88,0,1,0,6
88,16,88,0,1,0,16
88,17,88,0,1,0,7
88,18,88,0,1,0,6
88,19,88,0,1,0,6
89,0,89,0,0,0,7
89,1,89,0,0,0,10
89,2,89,0,0,0,7
89,3,89,0,0,0,5
89,4,89,0,0,0,6
89,5,89,0,0,0,3
89,6,89,0,0,0,6
89,7,89,0,0,0,5
89,8,89,0,0,0,8
89,9,89,0,0,0,11
89,10,89,0,1,0,6
89,11,89,0,1,0,11
89,12,89,0,1,0,6
89,13,89,0,1,0,18
89,14,89,0,1,0,6
89,15,89,0,1,0,11
89,16,89,0,1,0,7
89,17,89,0,1,0,16
89,18,89,0,1,0,11
89,19,89,0,1,0,4
90,0,90,0,0,0,7
90,1,90,0,0,0,4
90,2,90,0,0,0,7
90,3,90,0,0,0,5
90,4,90,0,0,0,9
90,5,90,0,0,0,3
90,6,90,0,0,0,10
90,7,90,0,0,0,4
90,8,90,0,0,0,8
90,9,90,0,0,0,7
90,10,90,0,1,0,3
90,11,90,0,1,0,14
90,12,90,0,1,0,4
90,13,90,0,1,0,8
90,14,90,0,1,0,14
90,15,90,0,1,0,4
90,16,90,0,1,0,11
90,17,90,0,1,0,4
90,18,90,0,1,0,16
90,19,90,0,1,0,8
91,0,91,0,0,0,11
91,1,91,0,0,0,5
91,2,91,0,0,0,3
91,3,91,0,0,0,9
91,4,91,0,0,0,11
91,5,91,0,0,0,10
91,6,91,0,0,0,4
91,7,91,0,0,0,11
91,8,91,0,0,0,15
91,9,91,0,0,0,8
91,10,91,0,1,0,9
91,11,91,0,1,0,6
91,12,91,0,1,0,7
91,13,91,0,1,0,8
91,14,91,0,1,0,6
91,15,91,0,1,0,10
91,16,91,0,1,0,6
91,17,91,0,1,0,3
91,18,91,0,1,0,8
91,19,91,0,1,0,5
92,0,92,0,0,0,7
92,1,92,0,0,0,7
92,2,92,0,0,0,9
92,3,92,0,0,0,4
92,4,92,0,0,0,12
92,5,92,0,0,0,13
92,6,92,0,0,0,13
92,7,92,0,0,0,6
92,8,92,0,0,0,5
92,9,92,0,0,0,13
92,10,92,0,1,0,14
92,11,92,0,1,0,7
92,12,92,0,1,0,5
92,13,92,0,1,0,4
92,14,92,0,1,0,11
92,15,92,0,1,0,20
92,16,92,0,1,0,9
92,17,92,0,1,0,14
92,18,92,0,1,0,9
92,19,92,0,1,0,8
93,0,93,0,0,0,14
93,1,93,0,0,0,4
93,2,93,0,0,0,10
93,3,93,0,0,0,8
93,4,93,0,0,0,27
93,5,93,0,0,0,8
93,6,93,0,0,0,7
93,7,93,0,0,0,5
93,8,93,0,0,0,16
93,9,93,0,0,0,9
93,10,93,0,1,0,9
93,11,93,0,1,0,11
93,12,93,0,1,0,11
93,13,93,0,1,0,12
93,14,93,0,1,0,8
93,15,93,0,1,0,7
93,16,93,0,1,0,12
93,17,93,0,1,0,10
93,18,93,0,1,0,6
93,19,93,0,1,0,8
94,0,94,0,0,0,15
94,1,94,0,0,0,11
94,2,94,0,0,0,11
94,3,94,0,0,0,20
94,4,94,0,0,0,16
94,5,94,0,0,0,4
94,6,94,0,0,0,9
94,7,94,0,0,0,6
94,8,94,0,0,0,11
94,9,94,0,0,0,22
94,10,94,0,1,0,11
94,11,94,0,1,0,11
94,12,94,0,1,0,8
94,13,94,0,1,0,13
94,14,94,0,1,0,9
94,15,94,0,1,0,12
94,16,94,0,1,0,3
94,17,94,0,1,0,9
94,18,94,0,1,0,4
94,19,94,0,1,0,33
95,0,95,0,0,0,25
95,1,95,0,0,0,4
95,2,95,0,0,0,4
95,3,95,0,0,0,17
95,4,95,0,0,0,22
95,5,95,0,0,0,11
95,6,95,0,0,0,13
95,7,95,0,0,0,3
95,8,95,0,0,0,5
95,9,95,0,0,0,7
95,10,95,0,1,0,10
95,11,95,0,1,0,8
95,12,95,0,1,0,8
95,13,95,0,1,0,5
95,14,95,0,1,0,12
95,15,95,0,1,0,4
95,16,95,0,1,0,9
95,17,95,0,1,0,9
95,18,95,0,1,0,8
95,19,95,0,1,0,9
96,0,96,0,0,0,9
96,1,96,0,0,0,13
96,2,96,0,0,0,7
96,3,96,0,0,0,6
96,4,96,0,0,0,11
96,5,96,0,0,0,4
96,6,96,0,0,0,4
96,7,96,0,0,0,8
96,8,96,0,0,0,8
96,9,96,0,0,0,17
96,10,96,0,1,0,8
96,11,96,0,1,0,6
96,12,96,0,1,0,7
96,13,96,0,1,0,8
96,14,96,0,1,0,9
96,15,96,0,1,0,7
96,16,96,0,1,0,11
96,17,96,0,1,0,8
96,18,96,0,1,0,4
96,19,96,0,1,0,10
97,0,97,0,0,0,8
97,1,97,0,0,0,9
97,2,97,0,0,0,6
97,3,97,0,0,0,5
97,4,97,0,0,0,16
97,5,97,0,0,0,5
97,6,97,0,0,0,23
97,7,97,0,0,0,5
97,8,97,0,0,0,11
97,9,97,0,0,0,18
97,10,97,0,1,0,7
97,11,97,0,1,0,6
97,12,97,0,1,0,8
97,13,97,0,1,0,13
97,14,97,0,1,0,12
97,15,97,0,1,0,5
97,16,97,0,1,0,9
97,17,97,0,1,0,8
97,18,97,0,1,0,14
97,19,97,0,1,0,7
98,0,98,0,0,0,12
98,1,98,0,0,0,8
98,2,98,0,0,0,9
98,3,98,0,0,0,4
98,4,98,0,0,0,11
98,5,98,0,0,0,6
98,6,98,0,0,0,6
98,7,98,0,0,0,21
98,8,98,0,0,0,11
98,9,98,0,0,0,7
98,10,98,0,1,0,14
98,11,98,0,1,0,13
98,12,98,0,1,0,15
98,13,98,0,1,0,9
98,14,98,0,1,0,6
98,15,98,0,1,0,8
98,16,98,0,1,0,6
98,17,98,0,1,0,17
98,18,98,0,1,0,6
98,19,98,0,1,0,13
99,0,99,0,0,0,11
99,1,99,0,0,0,8
99,2,99,0,0,0,9
99,3,99,0,0,0,12
99,4,99,0,0,0,5
99,5,99,0,0,0,6
99,6,99,0,0,0,3
99,7,99,0,0,0,6
99,8,99,0,0,0,15
99,9,99,0,0,0,10
99,10,99,0,1,0,5
99,11,99,0,1,0,6
99,12,99,0,1,0,5
99,13,99,0,1,0,12
99,14,99,0,1,0,7
99,15,99,0,1,0,7
99,16,99,0,1,0,6
99,17,99,0,1,0,5
99,18,99,0,1,0,10
99,19,99,0,1,0,6
100,0,100,0,0,0,17
100,1,100,0,0,0,11
100,2,100,0,0,0,6
100,3,100,0,0,0,3
100,4,100,0,0,0,13
100,5,100,0,0,0,4
100,6,100,0,0,0,9
100,7,100,0,0,0,6
100,8,100,0,0,0,9
100,9,100,0,0,0,9
100,10,100,0,1,0,19
100,11,100,0,1,0,3
100,12,100,0,1,0,21
100,13,100,0,1,0,5
100,14,100,0,1,0,18
100,15,100,0,1,0,12
100,16,100,0,1,0,9
100,17,100,0,1,0,11
100,18,100,0,1,0,5
100,19,100,0,1,0,7
101,0,101,0,0,0,9
101,1,101,0,0,0,13
101,2,101,0,0,0,5
101,3,101,0,0,0,8
101,4,101,0,0,0,12
101,5,101,0,0,0,9
101,6,101,0,0,0,6
101,7,101,0,0,0,9
101,8,101,0,0,0,8
101,9,101,0,0,0,7
101,10,101,0,1,0,6
101,11,101,0,1,0,6
101,12,101,0,1,0,8
101,13,101,0,1,0,10
101,14,101,0,1,0,11
101,15,101,0,1,0,3
101,16,101,0,1,0,6
101,17,101,0,1,0,13
101,18,101,0,1,0,5
101,19,101,0,1,0,12
102,0,102,0,0,0,9
102,1,102,0,0,0,13
102,2,102,0,0,0,6
102,3,102,0,0,0,4
102,4,102,0,0,0,7
102,5,102,0,0,0,22
102,6,102,0,0,0,6
102,7,102,0,0,0,26
102,8,102,0,0,0,13
102,9,102,0,0,0,6
102,10,102,0,1,0,18
102,11,102,0,1,0,7
102,12,102,0,1,0,12
102,13,102,0,1,0,15
102,14,102,0,1,0,10
102,15,102,0,1,0,12
102,16,102,0,1,0,6
102,17,102,0,1,0,10
102,18,102,0,1,0,11
102,19,102,0,1,0,10
103,0,103,0,0,0,4
103,1,103,0,0,0,10
103,2,103,0,0,0,13
103,3,103,0,0,0,6
103,4,103,0,0,0,15
103,5,103,0,0,0,16
103,6,103,0,0,0,10
103,7,103,0,0,0,9
103,8,103,0,0,0,10
103,9,103,0,0,0,9
103,10,103,0,1,0,9
103,11,103,0,1,0,6
103,12,103,0,1,0,8
103,13,103,0,1,0,6
103,14,103,0,1,0,17
103,15,103,0,1,0,10
103,16,103,0,1,0,8
103,17,103,0,1,0,4
103,18,103,0,1,0,9
103,19,103,0,1,0,10
104,0,104,0,0,0,14
104,1,104,0,0,0,5
104,2,104,0,0,0,10
104,3,104,0,0,0,18
104,4,104,0,0,0,5
104,5,104,0,0,0,20
104,6,104,0,0,0,20
104,7,104,0,0,0,12
104,8,104,0,0,0,11
104,9,104,0,0,0,11
104,10,104,0,1,0,5
104,11,104,0,1,0,7
104,12,104,0,1,0,9
104,13,104,0,1,0,12
104,14,104,0,1,0,16
104,15,104,0,1,0,10
104,16,104,0,1,0,3
104,17,104,0,1,0,17
104,18,104,0,1,0,14
104,19,104,0,1,0,3
105,0,105,0,0,0,10
105,1,105,0,0,0,3
105,2,105,0,0,0,8
105,3,105,0,0,0,11
105,4,105,0,0,0,11
105,5,105,0,0,0,9
105,6,105,0,0,0,17
105,7,105,0,0,0,18
105,8,105,0,0,0,12
105,9,105,0,0,0,6
105,10,105,0,1,0,7
105,11,105,0,1,0,7
105,12,105,0,1,0,7
105,13,105,0,1,0,9
105,14,105,0,1,0,11
105,15,105,0,1,0,6
105,16,105,0,1,0,14
105,17,105,0,1,0,16
105,18,105,0,1,0,7
105,19,105,0,1,0,9
106,0,106,0,0,0,4
106,1,106,0,0,0,8
106,2,106,0,0,0,8
106,3,106,0,0,0,10
106,4,106,0,0,0,8
106,5,106,0,0,0,12
106,6,106,0,0,0,7
106,7,106,0,0,0,15
106,8,106,0,0,0,10
106,9,106,0,0,0,14
106,10,106,0,1,0,13
106,11,106,0,1,0,6
106,12,106,0,1,0,4
106,13,106,0,1,0,14
106,14,106,0,1,0,9
106,15,106,0,1,0,11
106,16,106,0,1,0,22
106,17,106,0,1,0,6
106,18,106,0,1,0,5
106,19,106,0,1,0,12
107,0,107,0,0,0,14
107,1,107,0,0,0,5
107,2,107,0,0,0,15
107,3,107,0,0,0,11
107,4,107,0,0,0,12
107,5,107,0,0,0,16
107,6,107,0,0,0,21
107,7,107,0,0,0,18
107,8,107,0,0,0,9
107,9,107,0,0,0,8
107,10,107,0,1,0,18
107,11,107,0,1,0,6
107,12,107,0,1,0,6
107,13,107,0,1,0,11
107,14,107,0,1,0,9
107,15,107,0,1,0,20
107,16,107,0,1,0,8
107,17,107,0,1,0,6
107,18,107,0,1,0,10
107,19,107,0,1,0,11
108,0,108,0,0,0,6
108,1,108,0,0,0,14
108,2,108,0,0,0,7
108,3,108,0,0,0,12
108,4,108,0,0,0,7
108,5,108,0,0,0,11
108,6,108,0,0,0,7
108,7,108,0,0,0,22
108,8,108,0,0,0,9
108,9,108,0,0,0,11
108,10,108,0,1,0,10
108,11,108,0,1,0,9
108,12,108,0,1,0,7
108,13,108,0,1,0,21
108,14,108,0,1,0,4
108,15,108,0,1,0,4
108,16,108,0,1,0,14
108,17,108,0,1,0,9
108,18,108,0,1,0,6
108,19,108,0,1,0,11
109,0,109,0,0,0,19
109,1,109,0,0,0,6
109,2,109,0,0,0,13
109,3,109,0,0,0,3
109,4,109,0,0,0,5
109,5,109,0,0,0,7
109,6,109,0,0,0,11
109,7,109,0,0,0,9
109,8,109,0,0,0,17
109,9,109,0,0,0,5
109,10,109,0,1,0,10
109,11,109,0,1,0,13
109,12,109,0,1,0,6
109,13,109,0,1,0,14
109,14,109,0,1,0,7
109,15,109,0,1,0,5
109,16,109,0,1,0,18
109,17,109,0,1,0,9
109,18,109,0,1,0,18
109,19,109,0,1,0,14
110,0,110,0,0,0,4
110,1,110,0,0,0,16
110,2,110,0,0,0,6
110,3,110,0,0,0,11
110,4,110,0,0,0,9
110,5,110,0,0,0,9
110,6,110,0,0,0,5
110,7,110,0,0,0,15
110,8,110,0,0,0,11
110,9,110,0,0,0,7
110,10,110,0,1,0,19
110,11,110,0,1,0,14
110,12,110,0,1,0,17
110,13,110,0,1,0,5
110,14,110,0,1,0,11
110,15,110,0,1,0,12
110,16,110,0,1,0,12
110,17,110,0,1,0,10
110,18,110,0,1,0,29
110,19,110,0,1,0,10
111,0,111,0,0,0,22
111,1,111,0,0,0,13
111,2,111,0,0,0,10
111,3,111,0,0,0,9
111,4,111,0,0,0,5
111,5,111,0,0,0,17
111,6,111,0,0,0,10
111,7,111,0,0,0,8
111,8,111,0,0,0,26
111,9,111,0,0,0,10
111,10,111,0,1,0,11
111,11,111,0,1,0,6
111,12,111,0,1,0,5
111,13,111,0,1,0,9
111,14,111,0,1,0,6
111,15,111,0,1,0,14
111,16,111,0,1,0,10
111,17,111,0,1,0,22
111,18,111,0,1,0,8
111,19,111,0,1,0,13
112,0,112,0,0,0,16
112,1,112,0,0,0,12
112,2,112,0,0,0,8
112,3,112,0,0,0,8
112,4,112,0,0,0,7
112,5,112,0,0,0,7
112,6,112,0,0,0,8
112,7,112,0,0,0,12
112,8,112,0,0,0,11
112,9,112,0,0,0,11
112,10,112,0,1,0,9
112,11,112,0,1,0,11
112,12,112,0,1,0,4
112,13,112,0,1,0,16
112,14,112,0,1,0,7
112,15,112,0,1,0,7
112,16,112,0,1,0,11
112,17,112,0,1,0,39
112,18,112,0,1,0,11
112,19,112,0,1,0,10
113,0,113,0,0,0,14
113,1,113,0,0,0,5
113,2,113,0,0,0,7
113,3,113,0,0,0,14
113,4,113,0,0,0,11
113,5,113,0,0,0,10
113,6,113,0,0,0,9
113,7,113,0,0,0,12
113,8,113,0,0,0,13
113,9,113,0,0,0,11
113,10,113,0,1,0,15
113,11,113,0,1,0,10
113,12,113,0,1,0,13
113,13,113,0,1,0,7
113,14,113,0,1,0,5
113,15,113,0,1,0,18
113,16,113,0,1,0,11
113,17,113,0,1,0,11
113,18,113,0,1,0,11
113,19,113,0,1,0,13
114,0,114,0,0,0,7
114,1,114,0,0,0,3
114,2,114,0,0,0,14
114,3,114,0,0,0,13
114,4,114,0,0,0,10
114,5,114,0,0,0,15
114,6,114,0,0,0,13
114,7,114,0,0,0,4
114,8,114,0,0,0,6
114,9,114,0,0,0,12
114,10,114,0,1,0,13
114,11,114,0,1,0,11
114,12,114,0,1,0,10
114,13,114,0,1,0,23
114,14,114,0,1,0,10
114,15,114,0,1,0,8
114,16,114,0,1,0,7
114,17,114,0,1,0,5
114,18,114,0,1,0,13
114,19,114,0,1,0,25
115,0,115,0,0,0,23
115,1,115,0,0,0,9
115,2,115,0,0,0,8
115,3,115,0,0,0,7
115,4,115,0,0,0,11
115,5,115,0,0,0,23
115,6,115,0,0,0,9
115,7,115,0,0,0,10
115,8,115,0,0,0,8
115,9,115,0,0,0,11
115,10,115,0,1,0,24
115,11,115,0,1,0,8
115,12,115,0,1,0,10
115,13,115,0,1,0,11
115,14,115,0,1,0,11
115,15,115,0,1,0,13
115,16,115,0,1,0,5
115,17,115,0,1,0,8
115,18,115,0,1,0,11
115,19,115,0,1,0,8
116,0,116,0,0,0,9
116,1,116,0,0,0,6
116,2,116,0,0,0,16
116,3,116,0,0,0,5
116,4,116,0,0,0,19
116,5,116,0,0,0,11
116,6,116,0,0,0,8
116,7,116,0,0,0,6
116,8,116,0,0,0,14
116,9,116,0,0,0,18
116,10,116,0,1,0,7
116,11,116,0,1,0,10
116,12,116,0,1,0,10
116,13,116,0,1,0,15
116,14,116,0,1,0,13
116,15,116,0,1,0,13
116,16,116,0,1,0,7
116,17,116,0,1,0,7
116,18,116,0,1,0,14
116,19,116,0,1,0,8
117,0,117,0,0,0,4
117,1,117,0,0,0,11
117,2,117,0,0,0,18
117,3,117,0,0,0,16
117,4,117,0,0,0,9
117,5,117,0,0,0,9
117,6,117,0,0,0,15
117,7,117,0,0,0,11
117,8,117,0,0,0,13
117,9,117,0,0,0,14
117,10,117,0,1,0,7
117,11,117,0,1,0,15
117,12,117,0,1,0,10
117,13,117,0,1,0,9
117,14,117,0,1,0,17
117,15,117,0,1,0,22
117,16,117,0,1,0,13
117,17,117,0,1,0,6
117,18,117,0,1,0,29
117,19,117,0,1,0,24
118,0,118,0,0,0,16
118,1,118,0,0,0,12
118,2,118,0,0,0,15
118,3,118,0,0,0,9
118,4,118,0,0,0,26
118,5,118,0,0,0,7
118,6,118,0,0,0,16
118,7,118,0,0,0,18
118,8,118,0,0,0,6
118,9,118,0,0,0,10
118,10,118,0,1,0,8
118,11,118,0,1,0,19
118,12,118,0,1,0,7
118,13,118,0,1,0,7
118,14,118,0,1,0,7
118,15,118,0,1,0,7
118,16,118,0,1,0,14
118,17,118,0,1,0,7
118,18,118,0,1,0,12
118,19,118,0,1,0,11
119,0,119,0,0,0,12
119,1,119,0,0,0,12
119,2,119,0,0,0,9
119,3,119,0,0,0,8
119,4,119,0,0,0,11
119,5,119,0,0,0,18
119,6,119,0,0,0,11
119,7,119,0,0,0,8
119,8,119,0,0,0,10
119,9,119,0,0,0,11
119,10,119,0,1,0,16
119,11,119,0,1,0,9
119,12,119,0,1,0,6
119,13,119,0,1,0,8
119,14,119,0,1,0,14
119,15,119,0,1,0,12
119,16,119,0,1,0,6
119,17,119,0,1,0,17
119,18,119,0,1,0,21
119,19,119,0,1,0,15
120,0,120,0,0,0,14
120,1,120,0,0,0,13
120,2,120,0,0,0,14
120,3,120,0,0,0,13
120,4,120,0,0,0,26
120,5,120,0,0,0,9
120,6,120,0,0,0,5
120,7,120,0,0,0,7
120,8,120,0,0,0,8
120,9,120,0,0,0,2
120,10,120,0,1,0,5
120,11,120,0,1,0,8
120,12,120,0,1,0,14
120,13,120,0,1,0,17
120,14,120,0,1,0,14
120,15,120,0,1,0,9
120,16,120,0,1,0,24
120,17,120,0,1,0,7
120,18,120,0,1,0,10
120,19,120,0,1,0,7
121,0,121,0,0,0,23
121,1,121,0,0,0,12
121,2,121,0,0,0,23
121,3,121,0,0,0,8
121,4,121,0,0,0,15
121,5,121,0,0,0,15
121,6,121,0,0,0,14
121,7,121,0,0,0,12
121,8,121,0,0,0,5
121,9,121,0,0,0,7
121,10,121,0,1,0,16
121,11,121,0,1,0,7
121,12,121,0,1,0,3
121,13,121,0,1,0,8
121,14,121,0,1,0,5
121,15,121,0,1,0,14
121,16,121,0,1,0,20
121,17,121,0,1,0,15
121,18,121,0,1,0,11
121,19,121,0,1,0,9
122,0,122,0,0,0,17
122,1,122,0,0,0,14
122,2,122,0,0,0,14
122,3,122,0,0,0,7
122,4,122,0,0,0,6
122,5,122,0,0,0,5
122,6,122,0,0,0,17
122,7,122,0,0,0,11
122,8,122,0,0,0,11
122,9,122,0,0,0,13
122,10,122,0,1,0,25
122,11,122,0,1,0,17
122,12,122,0,1,0,13
122,13,122,0,1,0,19
122,14,122,0,1,0,7
122,15,122,0,1,0,13
122,16,122,0,1,0,3
122,17,122,0,1,0,14
122,18,122,0,1,0,7
122,19,122,0,1,0,8
123,0,123,0,0,0,20
123,1,123,0,0,0,6
123,2,123,0,0,0,7
123,3,123,0,0,0,6
123,4,123,0,0,0,6
123,5,123,0,0,0,5
123,6,123,0,0,0,7
123,7,123,0,0,0,14
123,8,123,0,0,0,16
123,9,123,0,0,0,7
123,10,123,0,1,0,10
123,11,123,0,1,0,13
123,12,123,0,1,0,7
123,13,123,0,1,0,8
123,14,123,0,1,0,5
123,15,123,0,1,0,16
123,16,123,0,1,0,8
123,17,123,0,1,0,10
123,18,123,0,1,0,8
123,19,123,0,1,0,19
124,0,124,0,0,0,22
124,1,124,0,0,0,12
124,2,124,0,0,0,20
124,3,124,0,0,0,9
124,4,124,0,0,0,11
124,5,124,0,0,0,9
124,6,124,0,0,0,8
124,7,124,0,0,0,15
124,8,124,0,0,0,6
124,9,124,0,0,0,10
124,10,124,0,1,0,9
124,11,124,0,1,0,18
124,12,124,0,1,0,30
124,13,124,0,1,0,16
124,14,124,0,1,0,12
124,15,124,0,1,0,5
124,16,124,0,1,0,11
124,17,124,0,1,0,10
124,18,124,0,1,0,13
124,19,124,0,1,0,11
125,0,125,0,0,0,11
125,1,125,0,0,0,15
125,2,125,0,0,0,9
125,3,125,0,0,0,8
125,4,125,0,0,0,11
125,5,125,0,0,0,11
125,6,125,0,0,0,24
125,7,125,0,0,0,11
125,8,125,0,0,0,10
125,9,125,0,0,0,22
125,10,125,0,1,0,15
125,11,125,0,1,0,16
125,12,125,0,1,0,18
125,13,125,0,1,0,6
125,14,125,0,1,0,23
125,15,125,0,1,0,11
125,16,125,0,1,0,14
125,17,125,0,1,0,10
125,18,125,0,1,0,16
125,19,125,0,1,0,9
126,0,126,0,0,0,14
126,1,126,0,0,0,10
126,2,126,0,0,0,7
126,3,126,0,0,0,22
126,4,126,0,0,0,5
126,5,126,0,0,0,15
126,6,126,0,0,0,16
126,7,126,0,0,0,8
126,8,126,0,0,0,5
126,9,126,0,0,0,18
126,10,126,0,1,0,8
126,11,126,0,1,0,9
126,12,126,0,1,0,12
126,13,126,0,1,0,11
126,14,126,0,1,0,11
126,15,126,0,1,0,10
126,16,126,0,1,0,11
126,17,126,0,1,0,9
126,18,126,0,1,0,9
126,19,126,0,1,0,15
127,0,127,0,0,0,10
127,1,127,0,0,0,9
127,2,127,0,0,0,18
127,3,127,0,0,0,8
127,4,127,0,0,0,25
127,5,127,0,0,0,13
127,6,127,0,0,0,16
127,7,127,0,0,0,17
127,8,127,0,0,0,25
127,9,127,0,0,0,17
127,10,127,0,1,0,9
127,11,127,0,1,0,8
127,12,127,0,1,0,6
127,13,127,0,1,0,10
127,14,127,0,1,0,9
127,15,127,0,1,0,13
127,16,127,0,1,0,12
127,17,127,0,1,0,11
127,18,127,0,1,0,14
127,19,127,0,1,0,9
128,0,128,0,0,0,13
128,1,128,0,0,0,7
128,2,128,0,0,0,25
128,3,128,0,0,0,8
128,4,128,0,0,0,10
128,5,128,0,0,0,15
128,6,128,0,0,0,4
128,7,128,0,0,0,8
128,8,128,0,0,0,13
128,9,128,0,0,0,8
128,10,128,0,1,0,18
128,11,128,0,1,0,11
128,12,128,0,1,0,10
128,13,128,0,1,0,5
128,14,128,0,1,0,6
128,15,128,0,1,0,13
128,16,128,0,1,0,10
128,17,128,0,1,0,27
128,18,128,0,1,0,12
128,19,128,0,1,0,12
129,0,129,0,0,0,19
129,1,129,0,0,0,16
129,2,129,0,0,0,11
129,3,129,0,0,0,12
129,4,129,0,0,0,14
129,5,129,0,0,0,8
129,6,129,0,0,0,12
129,7,129,0,0,0,8
129,8,129,0,0,0,9
129,9,129,0,0,0,7
129,10,129,0,1,0,12
129,11,129,0,1,0,7
129,12,129,0,1,0,12
129,13,129,0,1,0,17
129,14,129,0,1,0,9
129,15,129,0,1,0,9
129,16,129,0,1,0,13
129,17,129,0,1,0,14
129,18,129,0,1,0,11
129,19,129,0,1,0,15
130,0,130,0,0,0,20
130,1,130,0,0,0,10
130,2,130,0,0,0,9
130,3,130,0,0,0,17
130,4,130,0,0,0,7
130,5,130,0,0,0,7
130,6,130,0,0,0,14
130,7,130,0,0,0,11
130,8,130,0,0,0,26
130,9,130,0,0,0,10
130,10,130,0,1,0,16
130,11,130,0,1,0,10
130,12,130,0,1,0,13
130,13,130,0,1,0,11
130,14,130,0,1,0,29
130,15,130,0,1,0,17
130,16,130,0,1,0,17
130,17,130,0,1,0,18
130,18,130,0,1,0,5
130,19,130,0,1,0,5
131,0,131,0,0,0,10
131,1,131,0,0,0,13
131,2,131,0,0,0,8
131,3,131,0,0,0,16
131,4,131,0,0,0,12
131,5,131,0,0,0,10
131,6,131,0,0,0,6
131,7,131,0,0,0,14
131,8,131,0,0,0,18
131,9,131,0,0,0,27
131,10,131,0,1,0,7
131,11,131,0,1,0,9
131,12,131,0,1,0,16
131,13,131,0,1,0,12
131,14,131,0,1,0,14
131,15,131,0,1,0,9
131,16,131,0,1,0,17
131,17,131,0,1,0,47
131,18,131,0,1,0,9
131,19,131,0,1,0,7
132,0,132,0,0,0,18
132,1,132,0,0,0,5
132,2,132,0,0,0,18
132,3,132,0,0,0,5
132,4,132,0,0,0,9
132,5,132,0,0,0,8
132,6,132,0,0,0,8
132,7,132,0,0,0,13
132,8,132,0,0,0,16
132,9,132,0,0,0,9
132,10,132,0,1,0,9
132,11,132,0,1,0,25
132,12,132,0,1,0,15
132,13,132,0,1,0,10
132,14,132,0,1,0,17
132,15,132,0,1,0,14
132,16,132,0,1,0,13
132,17,132,0,1,0,13
132,18,132,0,1,0,27
132,19,132,0,1,0,16
133,0,133,0,0,0,16
133,1,133,0,0,0,11
133,2,133,0,0,0,8
133,3,133,0,0,0,9
133,4,133,0,0,0,20
133,5,133,0,0,0,15
133,6,133,0,0,0,8
133,7,133,0,0,0,21
133,8,133,0,0,0,13
133,9,133,0,0,0,6
133,10,133,0,1,0,9
133,11,133,0,1,0,11
133,12,133,0,1,0,8
133,13,133,0,1,0,13
133,14,133,0,1,0,11
133,15,133,0,1,0,16
133,16,133,0,1,0,21
133,17,133,0,1,0,37
133,18,133,0,1,0,10
133,19,133,0,1,0,15
134,0,134,0,0,0,7
134,1,134,0,0,0,19
134,2,134,0,0,0,27
134,3,134,0,0,0,8
134,4,134,0,0,0,15
134,5,134,0,0,0,10
134,6,134,0,0,0,8
134,7,134,0,0,0,15
134,8,134,0,0,0,18
134,9,134,0,0,0,8
134,10,134,0,1,0,37
134,11,134,0,1,0,15
134,12,134,0,1,0,13
134,13,134,0,1,0,4
134,14,134,0,1,0,19
134,15,134,0,1,0,12
134,16,134,0,1,0,12
134,17,134,0,1,0,9
134,18,134,0,1,0,14
134,19,134,0,1,0,14
135,0,135,0,0,0,20
135,1,135,0,0,0,13
135,2,135,0,0,0,17
135,3,135,0,0,0,11
135,4,135,0,0,0,9
135,5,135,0,0,0,10
135,6,135,0,0,0,14
135,7,135,0,0,0,17
135,8,135,0,0,0,8
135,9,135,0,0,0,12
135,10,135,0,1,0,10
135,11,135,0,1,0,5
135,12,135,0,1,0,7
135,13,135,0,1,0,8
135,14,135,0,1,0,20
135,15,135,0,1,0,18
135,16,135,0,1,0,9
135,17,135,0,1,0,20
135,18,135,0,1,0,27
135,19,135,0,1,0,17
136,0,136,0,0,0,13
136,1,136,0,0,0,10
136,2,136,0,0,0,9
136,3,136,0,0,0,14
136,4,136,0,0,0,25
136,5,136,0,0,0,18
136,6,136,0,0,0,20
136,7,136,0,0,0,14
136,8,136,0,0,0,11
136,9,136,0,0,0,39
136,10,136,0,1,0,18
136,11,136,0,1,0,11
136,12,136,0,1,0,17
136,13,136,0,1,0,24
136,14,136,0,1,0,9
136,15,136,0,1,0,16
136,16,136,0,1,0,10
136,17,136,0,1,0,19
136,18,136,0,1,0,10
136,19,136,0,1,0,21
137,0,137,0,0,0,17
137,1,137,0,0,0,6
137,2,137,0,0,0,25
137,3,137,0,0,0,12
137,4,137,0,0,0,9
137,5,137,0,0,0,16
137,6,137,0,0,0,12
137,7,137,0,0,0,13
137,8,137,0,0,0,15
137,9,137,0,0,0,17
137,10,137,0,1,0,7
137,11,137,0,1,0,9
137,12,137,0,1,0,10
137,13,137,0,1,0,26
137,14,137,0,1,0,10
137,15,137,0,1,0,14
137,16,137,0,1,0,19
137,17,137,0,1,0,19
137,18,137,0,1,0,9
137,19,137,0,1,0,17
138,0,138,0,0,0,17
138,1,138,0,0,0,7
138,2,138,0,0,0,9
138,3,138,0,0,0,11
138,4,138,0,0,0,11
138,5,138,0,0,0,4
138,6,138,0,0,0,5
138,7,138,0,0,0,8
138,8,138,0,0,0,14
138,9,138,0,0,0,23
138,10,138,0,1,0,18
138,11,138,0,1,0,14
138,12,138,0,1,0,16
138,13,138,0,1,0,8
138,14,138,0,1,0,10
138,15,138,0,1,0,16
138,16,138,0,1,0,21
138,17,138,0,1,0,16
138,18,138,0,1,0,4
138,19,138,0,1,0,25
139,0,139,0,0,0,14
139,1,139,0,0,0,22
139,2,139,0,0,0,29
139,3,139,0,0,0,10
139,4,139,0,0,0,9
139,5,139,0,0,0,8
139,6,139,0,0,0,17
139,7,139,0,0,0,9
139,8,139,0,0,0,17
139,9,139,0,0,0,18
139,10,139,0,1,0,11
139,11,139,0,1,0,13
139,12,139,0,1,0,16
139,13,139,0,1,0,17
139,14,139,0,1,0,14
139,15,139,0,1,0,18
139,16,139,0,1,0,12
139,17,139,0,1,0,11
139,18,139,0,1,0,17
139,19,139,0,1,0,16
140,0,140,0,0,0,13
140,1,140,0,0,0,8
140,2,140,0,0,0,11
140,3,140,0,0,0,15
140,4,140,0,0,0,18
140,5,140,0,0,0,9
140,6,140,0,0,0,17
140,7,140,0,0,0,18
140,8,140,0,0,0,24
140,9,140,0,0,0,14
140,10,140,0,1,0,20
140,11,140,0,1,0,24
140,12,140,0,1,0,12
140,13,140,0,1,0,6
140,14,140,0,1,0,22
140,15,140,0,1,0,12
140,16,140,0,1,0,21
140,17,140,0,1,0,11
140,18,140,0,1,0,23
140,19,140,0,1,0,8
141,0,141,0,0,0,15
141,1,141,0,0,0,24
141,2,141,0,0,0,15
141,3,141,0,0,0,15
141,4,141,0,0,0,6
141,5,141,0,0,0,13
141,6,141,0,0,0,7
141,7,141,0,0,0,14
141,8,141,0,0,0,15
141,9,141,0,0,0,8
141,10,141,0,1,0,21
141,11,141,0,1,0,15
141,12,141,0,1,0,7
141,13,141,0,1,0,10
141,14,141,0,1,0,12
141,15,141,0,1,0,24
141,16,141,0,1,0,15
141,17,141,0,1,0,14
141,18,141,0,1,0,36
141,19,141,0,1,0,22
142,0,142,0,0,0,17
142,1,142,0,0,0,17
142,2,142,0,0,0,15
142,3,142,0,0,0,18
142,4,142,0,0,0,9
142,5,142,0,0,0,22
142,6,142,0,0,0,15
142,7,142,0,0,0,39
142,8,142,0,0,0,21
142,9,142,0,0,0,15
142,10,142,0,1,0,17
142,11,142,0,1,0,12
142,12,142,0,1,0,15
142,13,142,0,1,0,16
142,14,142,0,1,0,16
142,15,142,0,1,0,12
142,16,142,0,1,0,12
142,17,142,0,1,0,19
142,18,142,0,1,0,11
142,19,142,0,1,0,12
143,0,143,0,0,0,20
143,1,143,0,0,0,13
143,2,143,0,0,0,16
143,3,143,0,0,0,14
143,4,143,0,0,0,17
143,5,143,0,0,0,9
143,6,143,0,0,0,18
143,7,143,0,0,0,7
143,8,143,0,0,0,16
143,9,143,0,0,0,10
143,10,143,0,1,0,17
143,11,143,0,1,0,20
143,12,143,0,1,0,16
143,13,143,0,1,0,29
143,14,143,0,1,0,14
143,15,143,0,1,0,36
143,16,143,0,1,0,10
143,17,143,0,1,0,20
143,18,143,0,1,0,21
143,19,143,0,1,0,18
144,0,144,0,0,0,15
144,1,144,0,0,0,8
144,2,144,0,0,0,12
144,3,144,0,0,0,13
144,4,144,0,0,0,21
144,5,144,0,0,0,13
144,6,144,0,0,0,9
144,7,144,0,0,0,12
144,8,144,0,0,0,8
144,9,144,0,0,0,29
144,10,144,0,1,0,14
144,11,144,0,1,0,15
144,12,144,0,1,0,40
144,13,144,0,1,0,15
144,14,144,0,1,0,11
144,15,144,0,1,0,31
144,16,144,0,1,0,17
144,17,144,0,1,0,12
144,18,144,0,1,0,18
144,19,144,0,1,0,15
145,0,145,0,0,0,11
145,1,145,0,0,0,12
145,2,145,0,0,0,6
145,3,145,0,0,0,15
145,4,145,0,0,0,8
145,5,145,0,0,0,12
145,6,145,0,0,0,19
145,7,145,0,0,0,7
145,8,145,0,0,0,9
145,9,145,0,0,0,22
145,10,145,0,1,0,18
145,11,145,0,1,0,44
145,12,145,0,1,0,17
145,13,145,0,1,0,14
145,14,145,0,1,0,30
145,15,145,0,1,0,15
145,16,145,0,1,0,17
145,17,145,0,1,0,15
145,18,145,0,1,0,21
145,19,145,0,1,0,21
146,0,146,0,0,0,12
146,1,146,0,0,0,14
146,2,146,0,0,0,17
146,3,146,0,0,0,19
146,4,146,0,0,0,16
146,5,146,0,0,0,36
146,6,146,0,0,0,22
146,7,146,0,0,0,11
146,8,146,0,0,0,15
146,9,146,0,0,0,25
146,10,146,0,1,0,25
146,11,146,0,1,0,20
146,12,146,0,1,0,17
146,13,146,0,1,0,15
146,14,146,0,1,0,5
146,15,146,0,1,0,17
146,16,146,0,1,0,4
146,17,146,0,1,0,11
146,18,146,0,1,0,16
146,19,146,0,1,0,18
147,0,147,0,0,0,22
147,1,147,0,0,0,11
147,2,147,0,0,0,21
147,3,147,0,0,0,12
147,4,147,0,0,0,13
147,5,147,0,0,0,20
147,6,147,0,0,0,13
147,7,147,0,0,0,11
147,8,147,0,0,0,13
147,9,147,0,0,0,16
147,10,147,0,1,0,7
147,11,147,0,1,0,18
147,12,147,0,1,0,11
147,13,147,0,1,0,11
147,14,147,0,1,0,13
147,15,147,0,1,0,20
147,16,147,0,1,0,14
147,17,147,0,1,0,13
147,18,147,0,1,0,11
147,19,147,0,1,0,17
148,0,148,0,0,0,13
148,1,148,0,0,0,30
148,2,148,0,0,0,20
148,3,148,0,0,0,14
148,4,148,0,0,0,12
148,5,148,0,0,0,20
148,6,148,0,0,0,32
148,7,148,0,0,0,10
148,8,148,0,0,0,24
148,9,148,0,0,0,12
148,10,148,0,1,0,19
148,11,148,0,1,0,17
148,12,148,0,1,0,16
148,13,148,0,1,0,14
148,14,148,0,1,0,23
148,15,148,0,1,0,21
148,16,148,0,1,0,7
148,17,148,0,1,0,34
148,18,148,0,1,0,15
148,19,148,0,1,0,19
149,0,149,0,0,0,21
149,1,149,0,0,0,15
149,2,149,0,0,0,21
149,3,149,0,0,0,6
149,4,149,0,0,0,15
149,5,149,0,0,0,26
149,6,149,0,0,0,20
149,7,149,0,0,0,18
149,8,149,0,0,0,23
149,9,149,0,0,0,11
149,10,149,0,1,0,9
149,11,149,0,1,0,26
149,12,149,0,1,0,11
149,13,149,0,1,0,16
149,14,149,0,1,0,22
149,15,149,0,1,0,17
149,16,149,0,1,0,18
149,17,149,0,1,0,15
149,18,149,0,1,0,24
149,19,149,0,1,0,15
150,0,150,0,0,0,18
150,1,150,0,0,0,5
150,2,150,0,0,0,18
150,3,150,0,0,0,46
150,4,150,0,0,0,15
150,5,150,0,0,0,31
150,6,150,0,0,0,13
150,7,150,0,0,0,13
150,8,150,0,0,0,30
150,9,150,0,0,0,14
150,10,150,0,1,0,11
150,11,150,0,1,0,27
150,12,150,0,1,0,20
150,13,150,0,1,0,14
150,14,150,0,1,0,11
150,15,150,0,1,0,21
150,16,150,0,1,0,14
150,17,150,0,1,0,13
150,18,150,0,1,0,8
150,19,150,0,1,0,9
151,0,151,0,0,0,45
151,1,151,0,0,0,11
151,2,151,0,0,0,9
151,3,151,0,0,0,12
151,4,151,0,0,0,23
151,5,151,0,0,0,9
151,6,151,0,0,0,9
151,7,151,0,0,0,6
151,8,151,0,0,0,10
151,9,151,0,0,0,23
151,10,151,0,1,0,15
151,11,151,0,1,0,18
151,12,151,0,1,0,33
151,13,151,0,1,0,19
151,14,151,0,1,0,23
151,15,151,0,1,0,26
151,16,151,0,1,0,16
151,17,151,0,1,0,10
151,18,151,0,1,0,25
151,19,151,0,1,0,14
152,0,152,0,0,0,8
152,1,152,0,0,0,14
152,2,152,0,0,0,14
152,3,152,0,0,0,20
152,4,152,0,0,0,15
152,5,152,0,0,0,13
152,6,152,0,0,0,9
152,7,152,0,0,0,16
152,8,152,0,0,0,16
152,9,152,0,0,0,10
152,10,152,0,1,0,21
152,11,152,0,1,0,10
152,12,152,0,1,0,9
152,13,152,0,1,0,10
152,14,152,0,1,0,43
152,15,152,0,1,0,17
152,16,152,0,1,0,15
152,17,152,0,1,0,10
152,18,152,0,1,0,18
152,19,152,0,1,0,17
153,0,153,0,0,0,13
153,1,153,0,0,0,13
153,2,153,0,0,0,24
153,3,153,0,0,0,19
153,4,153,0,0,0,14
153,5,153,0,0,0,14
153,6,153,0,0,0,25
153,7,153,0,0,0,15
153,8,153,0,0,0,35
153,9,153,0,0,0,6
153,10,153,0,1,0,18
153,11,153,0,1,0,17
153,12,153,0,1,0,19
153,13,153,0,1,0,23
153,14,153,0,1,0,14
153,15,153,0,1,0,13
153,16,153,0,1,0,19
153,17,153,0,1,0,21
153,18,153,0,1,0,28
153,19,153,0,1,0,22
154,0,154,0,0,0,11
154,1,154,0,0,0,16
154,2,154,0,0,0,12
154,3,154,0,0,0,13
154,4,154,0,0,0,11
154,5,154,0,0,0,22
154,6,154,0,0,0,25
154,7,154,0,0,0,15
154,8,154,0,0,0,19
154,9,154,0,0,0,40
154,10,154,0,1,0,18
154,11,154,0,1,0,16
154,12,154,0,1,0,15
154,13,154,0,1,0,15
154,14,154,0,1,0,11
154,15,154,0,1,0,9
154,16,154,0,1,0,13
154,17,154,0,1,0,40
154,18,154,0,1,0,11
154,19,154,0,1,0,19
155,0,155,0,0,0,21
155,1,155,0,0,0,14
155,2,155,0,0,0,8
155,3,155,0,0,0,10
155,4,155,0,0,0,23
155,5,155,0,0,0,11
155,6,155,0,0,0,26
155,7,155,0,0,0,12
155,8,155,0,0,0,12
155,9,155,0,0,0,13
155,10,155,0,1,0,17
155,11,155,0,1,0,25
155,12,155,0,1,0,34
155,13,155,0,1,0,8
155,14,155,0,1,0,22
155,15,155,0,1,0,15
155,16,155,0,1,0,10
155,17,155,0,1,0,7
155,18,155,0,1,0,14
155,19,155,0,1,0,16
156,0,156,0,0,0,22
156,1,156,0,0,0,36
156,2,156,0,0,0,11
156,3,156,0,0,0,12
156,4,156,0,0,0,11
156,5,156,0,0,0,23
156,6,156,0,0,0,14
156,7,156,0,0,0,17
156,8,156,0,0,0,11
156,9,156,0,0,0,22
156,10,156,0,1,0,21
156,11,156,0,1,0,18
156,12,156,0,1,0,14
156,13,156,0,1,0,22
156,14,156,0,1,0,33
156,15,156,0,1,0,18
156,16,156,0,1,0,16
156,17,156,0,1,0,14
156,18,156,0,1,0,39
156,19,156,0,1,0,22
157,0,157,0,0,0,13
157,1,157,0,0,0,25
157,2,157,0,0,0,18
157,3,157,0,0,0,11
157,4,157,0,0,0,12
157,5,157,0,0,0,18
157,6,157,0,0,0,23
157,7,157,0,0,0,25
157,8,157,0,0,0,12
157,9,157,0,0,0,20
157,10,157,0,1,0,17
157,11,157,0,1,0,18
157,12,157,0,1,0,17
157,13,157,0,1,0,9
157,14,157,0,1,0,21
157,15,157,0,1,0,22
157,16,157,0,1,0,21
157,17,157,0,1,0,10
157,18,157,0,1,0,12
157,19,157,0,1,0,32
158,0,158,0,0,0,15
158,1,158,0,0,0,14
158,2,158,0,0,0,20
158,3,158,0,0,0,13
158,4,158,0,0,0,17
158,5,158,0,0,0,20
158,6,158,0,0,0,5
158,7,158,0,0,0,16
158,8,158,0,0,0,11
158,9,158,0,0,0,18
158,10,158,0,1,0,8
158,11,158,0,1,0,17
158,12,158,0,1,0,14
158,13,158,0,1,0,13
158,14,158,0,1,0,39
158,15,158,0,1,0,16
158,16,158,0,1,0,27
158,17,158,0,1,0,26
158,18,158,0,1,0,8
158,19,158,0,1,0,13
159,0,159,0,0,0,20
159,1,159,0,0,0,25
159,2,159,0,0,0,28
159,3,159,0,0,0,11
159,4,159,0,0,0,14
159,5,159,0,0,0,11
159,6,159,0,0,0,17
159,7,159,0,0,0,10
159,8,159,0,0,0,17
159,9,159,0,0,0,21
159,10,159,0,1,0,20
159,11,159,0,1,0,12
159,12,159,0,1,0,15
159,13,159,0,1,0,11
159,14,159,0,1,0,10
159,15,159,0,1,0,12
159,16,159,0,1,0,14
159,17,159,0,1,0,15
159,18,159,0,1,0,29
159,19,159,0,1,0,29
160,0,160,0,0,0,13
160,1,160,0,0,0,23
160,2,160,0,0,0,25
160,3,160,0,0,0,20
160,4,160,0,0,0,19
160,5,160,0,0,0,14
160,6,160,0,0,0,17
160,7,160,0,0,0,22
160,8,160,0,0,0,13
160,9,160,0,0,0,12
160,10,160,0,1,0,29
160,11,160,0,1,0,12
160,12,160,0,1,0,8
160,13,160,0,1,0,12
160,14,160,0,1,0,22
160,15,160,0,1,0,10
160,16,160,0,1,0,18
160,17,160,0,1,0,13
160,18,160,0,1,0,12
160,19,160,0,1,0,17
161,0,161,0,0,0,19
161,1,161,0,0,0,17
161,2,161,0,0,0,20
161,3,161,0,0,0,8
161,4,161,0,0,0,34
161,5,161,0,0,0,22
161,6,161,0,0,0,23
161,7,161,0,0,0,16
161,8,161,0,0,0,22
161,9,161,0,0,0,19
161,10,161,0,1,0,9
161,11,161,0,1,0,23
161,12,161,0,1,0,9
161,13,161,0,1,0,13
161,14,161,0,1,0,9
161,15,161,0,1,0,35
161,16,161,0,1,0,18
161,17,161,0,1,0,22
161,18,161,0,1,0,21
161,19,161,0,1,0,9
162,0,162,0,0,0,14
162,1,162,0,0,0,25
162,2,162,0,0,0,21
162,3,162,0,0,0,23
162,4,162,0,0,0,19
162,5,162,0,0,0,16
162,6,162,0,0,0,9
162,7,162,0,0,0,13
162,8,162,0,0,0,22
162,9,162,0,0,0,23
162,10,162,0,1,0,18
162,11,162,0,1,0,13
162,12,162,0,1,0,11
162,13,162,0,1,0,13
162,14,162,0,1,0,18
162,15,162,0,1,0,10
162,16,162,0,1,0,21
162,17,162,0,1,0,8
162,18,162,0,1,0,30
162,19,162,0,1,0,18
163,0,163,0,0,0,14
163,1,163,0,0,0,18
163,2,163,0,0,0,9
163,3,163,0,0,0,20
163,4,163,0,0,0,20
163,5,163,0,0,0,17
163,6,163,0,0,0,26
163,7,163,0,0,0,11
163,8,163,0,0,0,12
163,9,163,0,0,0,13
163,10,163,0,1,0,39
163,11,163,0,1,0,20
163,12,163,0,1,0,14
163,13,163,0,1,0,12
163,14,163,0,1,0,10
163,15,163,0,1,0,23
163,16,163,0,1,0,36
163,17,163,0,1,0,21
163,18,163,0,1,0,18
163,19,163,0,1,0,27
164,0,164,0,0,0,24
164,1,164,0,0,0,18
164,2,164,0,0,0,24
164,3,164,0,0,0,24
164,4,164,0,0,0,16
164,5,164,0,0,0,14
164,6,164,0,0,0,7
164,7,164,0,0,0,17
164,8,164,0,0,0,31
164,9,164,0,0,0,10
164,10,164,0,1,0,16
164,11,164,0,1,0,13
164,12,164,0,1,0,11
164,13,164,0,1,0,30
164,14,164,0,1,0,27
164,15,164,0,1,0,13
164,16,164,0,1,0,15
164,17,164,0,1,0,10
164,18,164,0,1,0,12
164,19,164,0,1,0,16
165,0,165,0,0,0,42
165,1,165,0,0,0,18
165,2,165,0,0,0,20
165,3,165,0,0,0,8
165,4,165,0,0,0,21
165,5,165,0,0,0,23
165,6,165,0,0,0,17
165,7,165,0,0,0,12
165,8,165,0,0,0,13
165,9,165,0,0,0,25
165,10,165,0,1,0,11
165,11,165,0,1,0,29
165,12,165,0,1,0,26
165,13,165,0,1,0,36
165,14,165,0,1,0,9
165,15,165,0,1,0,14
165,16,165,0,1,0,26
165,17,165,0,1,0,19
165,18,165,0,1,0,12
165,19,165,0,1,0,14
166,0,166,0,0,0,18
166,1,166,0,0,0,16
166,2,166,0,0,0,19
166,3,166,0,0,0,11
166,4,166,0,0,0,19
166,5,166,0,0,0,7
166,6,166,0,0,0,20
166,7,166,0,0,0,13
166,8,166,0,0,0,12
166,9,166,0,0,0,41
166,10,166,0,1,0,8
166,11,166,0,1,0,9
166,12,166,0,1,0,15
166,13,166,0,1,0,10
166,14,166,0,1,0,11
166,15,166,0,1,0,22
166,16,166,0,1,0,21
166,17,166,0,1,0,18
166,18,166,0,1,0,12
166,19,166,0,1,0,20
167,0,167,0,0,0,37
167,1,167,0,0,0,14
167,2,167,0,0,0,21
167,3,167,0,0,0,18
167,4,167,0,0,0,22
167,5,167,0,0,0,29
167,6,167,0,0,0,17
167,7,167,0,0,0,23
167,8,167,0,0,0,27
167,9,167,0,0,0,18
167,10,167,0,1,0,8
167,11,167,0,1,0,20
167,12,167,0,1,0,14
167,13,167,0,1,0,19
167,14,167,0,1,0,44
167,15,167,0,1,0,11
167,16,167,0,1,0,30
167,17,167,0,1,0,11
167,18,167,0,1,0,17
167,19,167,0,1,0,24
168,0,168,0,0,0,20
168,1,168,0,0,0,26
168,2,168,0,0,0,8
168,3,168,0,0,0,11
168,4,168,0,0,0,20
168,5,168,0,0,0,24
168,6,168,0,0,0,20
168,7,168,0,0,0,15
168,8,168,0,0,0,10
168,9,168,0,0,0,10
168,10,168,0,1,0,35
168,11,168,0,1,0,17
168,12,168,0,1,0,13
168,13,168,0,1,0,18
168,14,168,0,1,0,38
168,15,168,0,1,0,18
168,16,168,0,1,0,18
168,17,168,0,1,0,23
168,18,168,0,1,0,10
168,19,168,0,1,0,16
169,0,169,0,0,0,20
169,1,169,0,0,0,24
169,2,169,0,0,0,20
169,3,169,0,0,0,13
169,4,169,0,0,0,28
169,5,169,0,0,0,6
169,6,169,0,0,0,19
169,7,169,0,0,0,25
169,8,169,0,0,0,22
169,9,169,0,0,0,13
169,10,169,0,1,0,27
169,11,169,0,1,0,25
169,12,169,0,1,0,16
169,13,169,0,1,0,21
169,14,169,0,1,0,18
169,15,169,0,1,0,17
169,16,169,0,1,0,24
169,17,169,0,1,0,14
169,18,169,0,1,0,17
169,19,169,0,1,0,12
170,0,170,0,0,0,8
170,1,170,0,0,0,20
170,2,170,0,0,0,11
170,3,170,0,0,0,21
170,4,170,0,0,0,16
170,5,170,0,0,0,10
170,6,170,0,0,0,10
170,7,170,0,0,0,28
170,8,170,0,0,0,18
170,9,170,0,0,0,21
170,10,170,0,1,0,16
170,11,170,0,1,0,30
170,12,170,0,1,0,18
170,13,170,0,1,0,17
170,14,170,0,1,0,25
170,15,170,0,1,0,21
170,16,170,0,1,0,26
170,17,170,0,1,0,14
170,18,170,0,1,0,23
170,19,170,0,1,0,7
171,0,171,0,0,0,11
171,1,171,0,0,0,11
171,2,171,0,0,0,20
171,3,171,0,0,0,17
171,4,171,0,0,0,30
171,5,171,0,0,0,12
171,6,171,0,0,0,27
171,7,171,0,0,0,21
171,8,171,0,0,0,11
171,9,171,0,0,0,26
171,10,171,0,1,0,19
171,11,171,0,1,0,32
171,12,171,0,1,0,15
171,13,171,0,1,0,20
171,14,171,0,1,0,12
171,15,171,0,1,0,30
171,16,171,0,1,0,14
171,17,171,0,1,0,21
171,18,171,0,1,0,12
171,19,171,0,1,0,11
172,0,172,0,0,0,13
172,1,172,0,0,0,24
172,2,172,0,0,0,26
172,3,172,0,0,0,9
172,4,172,0,0,0,16
172,5,172,0,0,0,12
172,6,172,0,0,0,17
172,7,172,0,0,0,11
172,8,172,0,0,0,18
172,9,172,0,0,0,19
172,10,172,0,1,0,26
172,11,172,0,1,0,10
172,12,172,0,1,0,15
172,13,172,0,1,0,15
172,14,172,0,1,0,38
172,15,172,0,1,0,26
172,16,172,0,1,0,17
172,17,172,0,1,0,17
172,18,172,0,1,0,29
172,19,172,0,1,0,15
173,0,173,0,0,0,14
173,1,173,0,0,0,11
173,2,173,0,0,0,12
173,3,173,0,0,0,20
173,4,173,0,0,0,24
173,5,173,0,0,0,17
173,6,173,0,0,0,13
173,7,173,0,0,0,31
173,8,173,0,0,0,30
173,9,173,0,0,0,7
173,10,173,0,1,0,23
173,11,173,0,1,0,15
173,12,173,0,1,0,26
173,13,173,0,1,0,21
173,14,173,0,1,0,22
173,15,173,0,1,0,23
173,16,173,0,1,0,14
173,17,173,0,1,0,17
173,18,173,0,1,0,39
173,19,173,0,1,0,20
174,0,174,0,0,0,19
174,1,174,0,0,0,43
174,2,174,0,0,0,23
174,3,174,0,0,0,24
174,4,174,0,0,0,27
174,5,174,0,0,0,20
174,6,174,0,0,0,17
174,7,174,0,0,0,17
174,8,174,0,0,0,11
174,9,174,0,0,0,20
174,10,174,0,1,0,15
174,11,174,0,1,0,29
174,12,174,0,1,0,21
174,13,174,0,1,0,12
174,14,174,0,1,0,32
174,15,174,0,1,0,40
174,16,174,0,1,0,19
174,17,174,0,1,0,33
174,18,174,0,1,0,18
174,19,174,0,1,0,15
175,0,175,0,0,0,24
175,1,175,0,0,0,23
175,2,175,0,0,0,19
175,3,175,0,0,0,32
175,4,175,0,0,0,18
175,5,175,0,0,0,14
175,6,175,0,0,0,17
175,7,175,0,0,0,14
175,8,175,0,0,0,24
175,9,175,0,0,0,13
175,10,175,0,1,0,13
175,11,175,0,1,0,16
175,12,175,0,1,0,14
175,13,175,0,1,0,31
175,14,175,0,1,0,18
175,15,175,0,1,0,17
175,16,175,0,1,0,18
175,17,175,0,1,0,6
175,18,175,0,1,0,10
175,19,175,0,1,0,22
176,0,176,0,0,0,29
176,1,176,0,0,0,26
176,2,176,0,0,0,17
176,3,176,0,0,0,10
176,4,176,0,0,0,21
176,5,176,0,0,0,20
176,6,176,0,0,0,12
176,7,176,0,0,0,16
176,8,176,0,0,0,14
176,9,176,0,0,0,22
176,10,176,0,1,0,12
176,11,176,0,1,0,24
176,12,176,0,1,0,25
176,13,176,0,1,0,18
176,14,176,0,1,0,23
176,15,176,0,1,0,15
176,16,176,0,1,0,15
176,17,176,0,1,0,21
176,18,176,0,1,0,15
176,19,176,0,1,0,18
177,0,177,0,0,0,13
177,1,177,0,0,0,30
177,2,177,0,0,0,20
177,3,177,0,0,0,16
177,4,177,0,0,0,16
177,5,177,0,0,0,26
177,6,177,0,0,0,23
177,7,177,0,0,0,20
177,8,177,0,0,0,18
177,9,177,0,0,0,22
177,10,177,0,1,0,27
177,11,177,0,1,0,19
177,12,177,0,1,0,14
177,13,177,0,1,0,24
177,14,177,0,1,0,36
177,15,177,0,1,0,28
177,16,177,0,1,0,37
177,17,177,0,1,0,9
177,18,177,0,1,0,32
177,19,177,0,1,0,12
178,0,178,0,0,0,22
178,1,178,0,0,0,23
178,2,178,0,0,0,39
178,3,178,0,0,0,50
178,4,178,0,0,0,19
178,5,178,0,0,0,40
178,6,178,0,0,0,30
178,7,178,0,0,0,9
178,8,178,0,0,0,25
178,9,178,0,0,0,12
178,10,178,0,1,0,26
178,11,178,0,1,0,31
178,12,178,0,1,0,15
178,13,178,0,1,0,21
178,14,178,0,1,0,13
178,15,178,0,1,0,46
178,16,178,0,1,0,15
178,17,178,0,1,0,12
178,18,178,0,1,0,26
178,19,178,0,1,0,34
179,0,179,0,0,0,50
179,1,179,0,0,0,18
179,2,179,0,0,0,11
179,3,179,0,0,0,22
179,4,179,0,0,0,31
179,5,179,0,0,0,16
179,6,179,0,0,0,16
179,7,179,0,0,0,34
179,8,179,0,0,0,22
179,9,179,0,0,0,17
179,10,179,0,1,0,20
179,11,179,0,1,0,40
179,12,179,0,1,0,22
179,13,179,0,1,0,22
179,14,179,0,1,0,25
179,15,179,0,1,0,21
179,16,179,0,1,0,16
179,17,179,0,1,0,14
179,18,179,0,1,0,20
179,19,179,0,1,0,18
180,0,180,0,0,0,15
180,1,180,0,0,0,20
180,2,180,0,0,0,21
180,3,180,0,0,0,20
180,4,180,0,0,0,27
180,5,180,0,0,0,22
180,6,180,0,0,0,17
180,7,180,0,0,0,14
180,8,180,0,0,0,9
180,9,180,0,0,0,15
180,10,180,0,1,0,8
180,11,180,0,1,0,15
180,12,180,0,1,0,21
180,13,180,0,1,0,15
180,14,180,0,1,0,21
180,15,180,0,1,0,22
180,16,180,0,1,0,35
180,17,180,0,1,0,39
180,18,180,0,1,0,35
180,19,180,0,1,0,30
181,0,181,0,0,0,16
181,1,181,0,0,0,17
181,2,181,0,0,0,28
181,3,181,0,0,0,53
181,4,181,0,0,0,22
181,5,181,0,0,0,11
181,6,181,0,0,0,13
181,7,181,0,0,0,17
181,8,181,0,0,0,23
181,9,181,0,0,0,15
181,10,181,0,1,0,23
181,11,181,0,1,0,14
181,12,181,0,1,0,30
181,13,181,0,1,0,23
181,14,181,0,1,0,21
181,15,181,0,1,0,21
181,16,181,0,1,0,34
181,17,181,0,1,0,19
181,18,181,0,1,0,38
181,19,181,0,1,0,25
182,0,182,0,0,0,49
182,1,182,0,0,0,15
182,2,182,0,0,0,35
182,3,182,0,0,0,20
182,4,182,0,0,0,31
182,5,182,0,0,0,16
182,6,182,0,0,0,9
182,7,182,0,0,0,18
182,8,182,0,0,0,34
182,9,182,0,0,0,13
182,10,182,0,1,0,12
182,11,182,0,1,0,35
182,12,182,0,1,0,13
182,13,182,0,1,0,17
182,14,182,0,1,0,19
182,15,182,0,1,0,44
182,16,182,0,1,0,37
182,17,182,0,1,0,31
182,18,182,0,1,0,20
182,19,182,0,1,0,18
183,0,183,0,0,0,38
183,1,183,0,0,0,17
183,2,183,0,0,0,35
183,3,183,0,0,0,12
183,4,183,0,0,0,24
183,5,183,0,0,0,14
183,6,183,0,0,0,32
183,7,183,0,0,0,19
183,8,183,0,0,0,8
183,9,183,0,0,0,16
183,10,183,0,1,0,61
183,11,183,0,1,0,21
183,12,183,0,1,0,33
183,13,183,0,1,0,24
183,14,183,0,1,0,12
183,15,183,0,1,0,9
183,16,183,0,1,0,23
183,17,183,0,1,0,17
183,18,183,0,1,0,14
183,19,183,0,1,0,18
184,0,184,0,0,0,11
184,1,184,0,0,0,13
184,2,184,0,0,0,22
184,3,184,0,0,0,11
184,4,184,0,0,0,44
184,5,184,0,0,0,18
184,6,184,0,0,0,17
184,7,184,0,0,0,20
184,8,184,0,0,0,17
184,9,184,0,0,0,17
184,10,184,0,1,0,13
184,11,184,0,1,0,12
184,12,184,0,1,0,10
184,13,184,0,1,0,13
184,14,184,0,1,0,35
184,15,184,0,1,0,23
184,16,184,0,1,0,15
184,17,184,0,1,0,36
184,18,184,0,1,0,28
184,19,184,0,1,0,15
185,0,185,0,0,0,38
185,1,185,0,0,0,14
185,2,185,0,0,0,35
185,3,185,0,0,0,32
185,4,185,0,0,0,20
185,5,185,0,0,0,15
185,6,185,0,0,0,7
185,7,185,0,0,0,34
185,8,185,0,0,0,35
185,9,185,0,0,0,22
185,10,185,0,1,0,16
185,11,185,0,1,0,14
185,12,185,0,1,0,15
185,13,185,0,1,0,52
185,14,185,0,1,0,14
185,15,185,0,1,0,54
185,16,185,0,1,0,17
185,17,185,0,1,0,30
185,18,185,0,1,0,20
185,19,185,0,1,0,11
186,0,186,0,0,0,19
186,1,186,0,0,0,19
186,2,186,0,0,0,29
186,3,186,0,0,0,25
186,4,186,0,0,0,26
186,5,186,0,0,0,15
186,6,186,0,0,0,18
186,7,186,0,0,0,25
186,8,186,0,0,0,39
186,9,186,0,0,0,13
186,10,186,0,1,0,26
186,11,186,0,1,0,19
186,12,186,0,1,0,12
186,13,186,0,1,0,43
186,14,186,0,1,0,9
186,15,186,0,1,0,24
186,16,186,0,1,0,17
186,17,186,0,1,0,18
186,18,186,0,1,0,18
186,19,186,0,1,0,23
187,0,187,0,0,0,25
187,1,187,0,0,0,36
187,2,187,0,0,0,19
187,3,187,0,0,0,13
187,4,187,0,0,0,36
187,5,187,0,0,0,17
187,6,187,0,0,0,18
187,7,187,0,0,0,17
187,8,187,0,0,0,27
187,9,187,0,0,0,15
187,10,187,0,1,0,30
187,11,187,0,1,0,31
187,12,187,0,1,0,27
187,13,187,0,1,0,13
187,14,187,0,1,0,9
187,15,187,0,1,0,37
187,16,187,0,1,0,12
187,17,187,0,1,0,9
187,18,187,0,1,0,23
187,19,187,0,1,0,11
188,0,188,0,0,0,44
188,1,188,0,0,0,19
188,2,188,0,0,0,40
188,3,188,0,0,0,16
188,4,188,0,0,0,16
188,5,188,0,0,0,44
188,6,188,0,0,0,19
188,7,188,0,0,0,24
188,8,188,0,0,0,35
188,9,188,0,0,0,28
188,10,188,0,1,0,19
188,11,188,0,1,0,19
188,12,188,0,1,0,17
188,13,188,0,1,0,33
188,14,188,0,1,0,26
188,15,188,0,1,0,55
188,16,188,0,1,0,18
188,17,188,0,1,0,21
188,18,188,0,1,0,22
188,19,188,0,1,0,28
189,0,189,0,0,0,17
189,1,189,0,0,0,17
189,2,189,0,0,0,17
189,3,189,0,0,0,19
189,4,189,0,0,0,21
189,5,189,0,0,0,13
189,6,189,0,0,0,22
189,7,189,0,0,0,21
189,8,189,0,0,0,40
189,9,189,0,0,0,27
189,10,189,0,1,0,24
189,11,189,0,1,0,37
189,12,189,0,1,0,45
189,13,189,0,1,0,17
189,14,189,0,1,0,50
189,15,189,0,1,0,26
189,16,189,0,1,0,11
189,17,189,0,1,0,14
189,18,189,0,1,0,43
189,19,189,0,1,0,23
190,0,190,0,0,0,27
190,1,190,0,0,0,8
190,2,190,0,0,0,34
190,3,190,0,0,0,13
190,4,190,0,0,0,16
190,5,190,0,0,0,25
190,6,190,0,0,0,26
190,7,190,0,0,0,35
190,8,190,0,0,0,15
190,9,190,0,0,0,25
190,10,190,0,1,0,12
190,11,190,0,1,0,45
190,12,190,0,1,0,17
190,13,190,0,1,0,30
190,14,190,0,1,0,21
190,15,190,0,1,0,15
190,16,190,0,1,0,14
190,17,190,0,1,0,11
190,18,190,0,1,0,39
190,19,190,0,1,0,31
191,0,191,0,0,0,25
191,1,191,0,0,0,23
191,2,191,0,0,0,31
191,3,191,0,0,0,24
191,4,191,0,0,0,17
191,5,191,0,0,0,18
191,6,191,0,0,0,19
191,7,191,0,0,0,22
191,8,191,0,0,0,23
191,9,191,0,0,0,28
191,10,191,0,1,0,23
191,11,191,0,1,0,23
191,12,191,0,1,0,17
191,13,191,0,1,0,18
191,14,191,0,1,0,17
191,15,191,0,1,0,10
191,16,191,0,1,0,17
191,17,191,0,1,0,18
191,18,191,0,1,0,26
191,19,191,0,1,0,21
192,0,192,0,0,0,29
192,1,192,0,0,0,25
192,2,192,0,0,0,22
192,3,192,0,0,0,24
192,4,192,0,0,0,43
192,5,192,0,0,0,19
192,6,192,0,0,0,33
192,7,192,0,0,0,23
192,8,192,0,0,0,19
192,9,192,0,0,0,31
192,10,192,0,1,0,25
192,11,192,0,1,0,24
192,12,192,0,1,0,18
192,13,192,0,1,0,8
192,14,192,0,1,0,25
192,15,192,0,1,0,28
192,16,192,0,1,0,15
192,17,192,0,1,0,35
192,18,192,0,1,0,26
192,19,192,0,1,0,27
193,0,193,0,0,0,20
193,1,193,0,0,0,25
193,2,193,0,0,0,19
193,3,193,0,0,0,26
193,4,193,0,0,0,21
193,5,193,0,0,0,15
193,6,193,0,0,0,10
193,7,193,0,0,0,32
193,8,193,0,0,0,29
193,9,193,0,0,0,13
193,10,193,0,1,0,22
193,11,193,0,1,0,17
193,12,193,0,1,0,17
193,13,193,0,1,0,11
193,14,193,0,1,0,39
193,15,193,0,1,0,19
193,16,193,0,1,0,23
193,17,193,0,1,0,26
193,18,193,0,1,0,25
193,19,193,0,1,0,18
194,0,194,0,0,0,26
194,1,194,0,0,0,31
194,2,194,0,0,0,30
194,3,194,0,0,0,20
194,4,194,0,0,0,16
194,5,194,0,0,0,37
194,6,194,0,0,0,23
194,7,194,0,0,0,16
194,8,194,0,0,0,21
194,9,194,0,0,0,11
194,10,194,0,1,0,22
194,11,194,0,1,0,19
194,12,194,0,1,0,27
194,13,194,0,1,0,7
194,14,194,0,1,0,21
194,15,194,0,1,0,27
194,16,194,0,1,0,24
194,17,194,0,1,0,29
194,18,194,0,1,0,29
194,19,194,0,1,0,38
195,0,195,0,0,0,36
195,1,195,0,0,0,29
195,2,195,0,0,0,13
195,3,195,0,0,0,19
195,4,195,0,0,0,20
195,5,195,0,0,0,14
195,6,195,0,0,0,34
195,7,195,0,0,0,29
195,8,195,0,0,0,30
195,9,195,0,0,0,23
195,10,195,0,1,0,28
195,11,195,0,1,0,16
195,12,195,0,1,0,20
195,13,195,0,1,0,33
195,14,195,0,1,0,30
195,15,195,0,1,0,17
195,16,195,0,1,0,48
195,17,195,0,1,0,19
195,18,195,0,1,0,25
195,19,195,0,1,0,24
196,0,196,0,0,0,11
196,1,196,0,0,0,43
196,2,196,0,0,0,16
196,3,196,0,0,0,36
196,4,196,0,0,0,15
196,5,196,0,0,0,14
196,6,196,0,0,0,41
196,7,196,0,0,0,29
196,8,196,0,0,0,49
196,9,196,0,0,0,21
196,10,196,0,1,0,22
196,11,196,0,1,0,11
196,12,196,0,1,0,11
196,13,196,0,1,0,26
196,14,196,0,1,0,35
196,15,196,0,1,0,25
196,16,196,0,1,0,31
196,17,196,0,1,0,18
196,18,196,0,1,0,36
196,19,196,0,1,0,15
197,0,197,0,0,0,20
197,1,197,0,0,0,25
197,2,197,0,0,0,43
197,3,197,0,0,0,20
197,4,197,0,0,0,27
197,5,197,0,0,0,11
197,6,197,0,0,0,19
197,7,197,0,0,0,11
197,8,197,0,0,0,31
197,9,197,0,0,0,41
197,10,197,0,1,0,20
197,11,197,0,1,0,13
197,12,197,0,1,0,18
197,13,197,0,1,0,24
197,14,197,0,1,0,19
197,15,197,0,1,0,25
197,16,197,0,1,0,14
197,17,197,0,1,0,37
197,18,197,0,1,0,11
197,19,197,0,1,0,25
198,0,198,0,0,0,21
198,1,198,0,0,0,14
198,2,198,0,0,0,14
198,3,198,0,0,0,23
198,4,198,0,0,0,21
198,5,198,0,0,0,25
198,6,198,0,0,0,37
198,7,198,0,0,0,37
198,8,198,0,0,0,24
198,9,198,0,0,0,14
198,10,198,0,1,0,21
198,11,198,0,1,0,18
198,12,198,0,1,0,21
198,13,198,0,1,0,33
198,14,198,0,1,0,26
198,15,198,0,1,0,37
198,16,198,0,1,0,21
198,17,198,0,1,0,24
198,18,198,0,1,0,18
198,19,198,0,1,0,17
199,0,199,0,0,0,41
199,1,199,0,0,0,30
199,2,199,0,0,0,12
199,3,199,0,0,0,20
199,4,199,0,0,0,29
199,5,199,0,0,0,31
199,6,199,0,0,0,20
199,7,199,0,0,0,19
199,8,199,0,0,0,18
199,9,199,0,0,0,32
199,10,199,0,1,0,15
199,11,199,0,1,0,18
199,12,199,0,1,0,28
199,13,199,0,1,0,41
199,14,199,0,1,0,35
199,15,199,0,1,0,33
199,16,199,0,1,0,34
199,17,199,0,1,0,22
199,18,199,0,1,0,32
199,19,199,0,1,0,18
200,0,200,0,0,0,20
200,1,200,0,0,0,16
200,2,200,0,0,0,45
200,3,200,0,0,0,32
200,4,200,0,0,0,40
200,5,200,0,0,0,21
200,6,200,0,0,0,35
200,7,200,0,0,0,21
200,8,200,0,0,0,29
200,9,200,0,0,0,32
200,10,200,0,1,0,17
200,11,200,0,1,0,29
200,12,200,0,1,0,37
200,13,200,0,1,0,24
200,14,200,0,1,0,23
200,15,200,0,1,0,39
200,16,200,0,1,0,16
200,17,200,0,1,0,32
200,18,200,0,1,0,23
200,19,200,0,1,0,43
201,0,201,0,0,0,32
201,1,201,0,0,0,12
201,2,201,0,0,0,16
201,3,201,0,0,0,25
201,4,201,0,0,0,53
201,5,201,0,0,0,40
201,6,201,0,0,0,24
201,7,201,0,0,0,15
201,8,201,0,0,0,30
201,9,201,0,0,0,13
201,10,201,0,1,0,33
201,11,201,0,1,0,20
201,12,201,0,1,0,25
201,13,201,0,1,0,34
201,14,201,0,1,0,37
201,15,201,0,1,0,27
201,16,201,0,1,0,24
201,17,201,0,1,0,39
201,18,201,0,1,0,20
201,19,201,0,1,0,24
202,0,202,0,0,0,24
202,1,202,0,0,0,36
202,2,202,0,0,0,18
202,3,202,0,0,0,12
202,4,202,0,0,0,18
202,5,202,0,0,0,41
202,6,202,0,0,0,18
202,7,202,0,0,0,39
202,8,202,0,0,0,39
202,9,202,0,0,0,31
202,10,202,0,1,0,25
202,11,202,0,1,0,12
202,12,202,0,1,0,34
202,13,202,0,1,0,36
202,14,202,0,1,0,15
202,15,202,0,1,0,17
202,16,202,0,1,0,32
202,17,202,0,1,0,21
202,18,202,0,1,0,27
202,19,202,0,1,0,37
203,0,203,0,0,0,24
203,1,203,0,0,0,23
203,2,203,0,0,0,34
203,3,203,0,0,0,25
203,4,203,0,0,0,19
203,5,203,0,0,0,15
203,6,203,0,0,0,20
203,7,203,0,0,0,26
203,8,203,0,0,0,38
203,9,203,0,0,0,30
203,10,203,0,1,0,20
203,11,203,0,1,0,35
203,12,203,0,1,0,30
203,13,203,0,1,0,35
203,14,203,0,1,0,16
203,15,203,0,1,0,33
203,16,203,0,1,0,63
203,17,203,0,1,0,20
203,18,203,0,1,0,16
203,19,203,0,1,0,20
204,0,204,0,0,0,28
204,1,204,0,0,0,39
204,2,204,0,0,0,14
204,3,204,0,0,0,18
204,4,204,0,0,0,14
204,5,204,0,0,0,25
204,6,204,0,0,0,31
204,7,204,0,0,0,29
204,8,204,0,0,0,25
204,9,204,0,0,0,22
204,10,204,0,1,0,18
204,11,204,0,1,0,18
204,12,204,0,1,0,16
204,13,204,0,1,0,26
204,14,204,0,1,0,18
204,15,204,0,1,0,16
204,16,204,0,1,0,65
204,17,204,0,1,0,18
204,18,204,0,1,0,23
204,19,204,0,1,0,28
205,0,205,0,0,0,12
205,1,205,0,0,0,24
205,2,205,0,0,0,27
205,3,205,0,0,0,13
205,4,205,0,0,0,21
205,5,205,0,0,0,27
205,6,205,0,0,0,22
205,7,205,0,0,0,18
205,8,205,0,0,0,20
205,9,205,0,0,0,26
205,10,205,0,1,0,17
205,11,205,0,1,0,28
205,12,205,0,1,0,42
205,13,205,0,1,0,28
205,14,205,0,1,0,24
205,15,205,0,1,0,24
205,16,205,0,1,0,34
205,17,205,0,1,0,11
205,18,205,0,1,0,39
205,19,205,0,1,0,38
206,0,206,0,0,0,19
206,1,206,0,0,0,15
206,2,206,0,0,0,30
206,3,206,0,0,0,20
206,4,206,0,0,0,16
206,5,206,0,0,0,22
206,6,206,0,0,0,24
206,7,206,0,0,0,19
206,8,206,0,0,0,20
206,9,206,0,0,0,41
206,10,206,0,1,0,34
206,11,206,0,1,0,36
206,12,206,0,1,0,18
206,13,206,0,1,0,33
206,14,206,0,1,0,22
206,15,206,0,1,0,17
206,16,206,0,1,0,20
206,17,206,0,1,0,52
206,18,206,0,1,0,38
206,19,206,0,1,0,12
207,0,207,0,0,0,28
207,1,207,0,0,0,16
207,2,207,0,0,0,21
207,3,207,0,0,0,27
207,4,207,0,0,0,27
207,5,207,0,0,0,24
207,6,207,0,0,0,26
207,7,207,0,0,0,15
207,8,207,0,0,0,16
207,9,207,0,0,0,30
207,10,207,0,1,0,19
207,11,207,0,1,0,28
207,12,207,0,1,0,42
207,13,207,0,1,0,19
207,14,207,0,1,0,18
207,15,207,0,1,0,53
207,16,207,0,1,0,19
207,17,207,0,1,0,21
207,18,207,0,1,0,10
207,19,207,0,1,0,21
208,0,208,0,0,0,18
208,1,208,0,0,0,18
208,2,208,0,0,0,23
208,3,208,0,0,0,8
208,4,208,0,0,0,20
208,5,208,0,0,0,25
208,6,208,0,0,0,26
208,7,208,0,0,0,25
208,8,208,0,0,0,49
208,9,208,0,0,0,21
208,10,208,0,1,0,16
208,11,208,0,1,0,21
208,12,208,0,1,0,27
208,13,208,0,1,0,13
208,14,208,0,1,0,27
208,15,208,0,1,0,20
208,16,208,0,1,0,18
208,17,208,0,1,0,23
208,18,208,0,1,0,20
208,19,208,0,1,0,24
209,0,209,0,0,0,27
209,1,209,0,0,0,33
209,2,209,0,0,0,17
209,3,209,0,0,0,37
209,4,209,0,0,0,19
209,5,209,0,0,0,38
209,6,209,0,0,0,45
209,7,209,0,0,0,57
209,8,209,0,0,0,31
209,9,209,0,0,0,28
209,10,209,0,1,0,29
209,11,209,0,1,0,36
209,12,209,0,1,0,50
209,13,209,0,1,0,38
209,14,209,0,1,0,29
209,15,209,0,1,0,26
209,16,209,0,1,0,36
209,17,209,0,1,0,33
209,18,209,0,1,0,28
209,19,209,0,1,0,32
210,0,210,0,0,0,15
210,1,210,0,0,0,47
210,2,210,0,0,0,34
210,3,210,0,0,0,29
210,4,210,0,0,0,46
210,5,210,0,0,0,31
210,6,210,0,0,0,17
210,7,210,0,0,0,83
210,8,210,0,0,0,42
210,9,210,0,0,0,36
210,10,210,0,1,0,23
210,11,210,0,1,0,25
210,12,210,0,1,0,27
210,13,210,0,1,0,20
210,14,210,0,1,0,16
210,15,210,0,1,0,19
210,16,210,0,1,0,32
210,17,210,0,1,0,25
210,18,210,0,1,0,19
210,19,210,0,1,0,27
211,0,211,0,0,0,34
211,1,211,0,0,0,30
211,2,211,0,0,0,12
211,3,211,0,0,0,28
211,4,211,0,0,0,56
211,5,211,0,0,0,12
211,6,211,0,0,0,23
211,7,211,0,0,0,25
211,8,211,0,0,0,15
211,9,211,0,0,0,37
211,10,211,0,1,0,20
211,11,211,0,1,0,36
211,12,211,0,1,0,38
211,13,211,0,1,0,22
211,14,211,0,1,0,28
211,15,211,0,1,0,37
211,16,211,0,1,0,20
211,17,211,0,1,0,13
211,18,211,0,1,0,40
211,19,211,0,1,0,20
212,0,212,0,0,0,31
212,1,212,0,0,0,32
212,2,212,0,0,0,33
212,3,212,0,0,0,19
212,4,212,0,0,0,27
212,5,212,0,0,0,18
212,6,212,0,0,0,67
212,7,212,0,0,0,40
212,8,212,0,0,0,14
212,9,212,0,0,0,31
212,10,212,0,1,0,29
212,11,212,0,1,0,18
212,12,212,0,1,0,17
212,13,212,0,1,0,21
212,14,212,0,1,0,42
212,15,212,0,1,0,29
212,16,212,0,1,0,23
212,17,212,0,1,0,35
212,18,212,0,1,0,8
212,19,212,0,1,0,30
213,0,213,0,0,0,18
213,1,213,0,0,0,28
213,2,213,0,0,0,24
213,3,213,0,0,0,17
213,4,213,0,0,0,33
213,5,213,0,0,0,20
213,6,213,0,0,0,45
213,7,213,0,0,0,14
213,8,213,0,0,0,29
213,9,213,0,0,0,23
213,10,213,0,1,0,38
213,11,213,0,1,0,26
213,12,213,0,1,0,18
213,13,213,0,1,0,18
213,14,213,0,1,0,22
213,15,213,0,1,0,42
213,16,213,0,1,0,51
213,17,213,0,1,0,29
213,18,213,0,1,0,14
213,19,213,0,1,0,34
214,0,214,0,0,0,27
214,1,214,0,0,0,17
214,2,214,0,0,0,17
214,3,214,0,0,0,40
214,4,214,0,0,0,22
214,5,214,0,0,0,14
214,6,214,0,0,0,22
214,7,214,0,0,0,33
214,8,214,0,0,0,20
214,9,214,0,0,0,38
214,10,214,0,1,0,31
214,11,214,0,1,0,27
214,12,214,0,1,0,33
214,13,214,0,1,0,14
214,14,214,0,1,0,24
214,15,214,0,1,0,38
214,16,214,0,1,0,39
214,17,214,0,1,0,32
214,18,214,0,1,0,20
214,19,214,0,1,0,16
215,0,215,0,0,0,21
215,1,215,0,0,0,30
215,2,215,0,0,0,37
215,3,215,0,0,0,17
215,4,215,0,0,0,33
215,5,215,0,0,0,34
215,6,215,0,0,0,33
215,7,215,0,0,0,40
215,8,215,0,0,0,28
215,9,215,0,0,0,54
215,10,215,0,1,0,30
215,11,215,0,1,0,43
215,12,215,0,1,0,14
215,13,215,0,1,0,30
215,14,215,0,1,0,18
215,15,215,0,1,0,57
215,16,215,0,1,0,25
215,17,215,0,1,0,25
215,18,215,0,1,0,32
215,19,215,0,1,0,61
216,0,216,0,0,0,33
216,1,216,0,0,0,23
216,2,216,0,0,0,21
216,3,216,0,0,0,25
216,4,216,0,0,0,21
216,5,216,0,0,0,49
216,6,216,0,0,0,50
216,7,216,0,0,0,19
216,8,216,0,0,0,33
216,9,216,0,0,0,23
216,10,216,0,1,0,21
216,11,216,0,1,0,35
216,12,216,0,1,0,37
216,13,216,0,1,0,39
216,14,216,0,1,0,20
216,15,216,0,1,0,19
216,16,216,0,1,0,19
216,17,216,0,1,0,43
216,18,216,0,1,0,15
216,19,216,0,1,0,29
217,0,217,0,0,0,31
217,1,217,0,0,0,45
217,2,217,0,0,0,17
217,3,217,0,0,0,34
217,4,217,0,0,0,44
217,5,217,0,0,0,29
217,6,217,0,0,0,20
217,7,217,0,0,0,22
217,8,217,0,0,0,31
217,9,217,0,0,0,20
217,10,217,0,1,0,37
217,11,217,0,1,0,32
217,12,217,0,1,0,26
217,13,217,0,1,0,30
217,14,217,0,1,0,17
217,15,217,0,1,0,22
217,16,217,0,1,0,43
217,17,217,0,1,0,24
217,18,217,0,1,0,25
217,19,217,0,1,0,40
218,0,218,0,0,0,35
218,1,218,0,0,0,19
218,2,218,0,0,0,28
218,3,218,0,0,0,22
218,4,218,0,0,0,29
218,5,218,0,0,0,21
218,6,218,0,0,0,50
218,7,218,0,0,0,31
218,8,218,0,0,0,28
218,9,218,0,0,0,20
218,10,218,0,1,0,30
218,11,218,0,1,0,34
218,12,218,0,1,0,23
218,13,218,0,1,0,22
218,14,218,0,1,0,44
218,15,218,0,1,0,31
218,16,218,0,1,0,24
218,17,218,0,1,0,35
218,18,218,0,1,0,16
218,19,218,0,1,0,16
219,0,219,0,0,0,20
219,1,219,0,0,0,53
219,2,219,0,0,0,27
219,3,219,0,0,0,36
219,4,219,0,0,0,22
219,5,219,0,0,0,22
219,6,219,0,0,0,29
219,7,219,0,0,0,37
219,8,219,0,0,0,41
219,9,219,0,0,0,36
219,10,219,0,1,0,14
219,11,219,0,1,0,47
219,12,219,0,1,0,26
219,13,219,0,1,0,27
219,14,219,0,1,0,18
219,15,219,0,1,0,17
219,16,219,0,1,0,8
219,17,219,0,1,0,18
219,18,219,0,1,0,26
219,19,219,0,1,0,40
220,0,220,0,0,0,22
220,1,220,0,0,0,63
220,2,220,0,0,0,30
220,3,220,0,0,0,44
220,4,220,0,0,0,30
220,5,220,0,0,0,25
220,6,220,0,0,0,33
220,7,220,0,0,0,26
220,8,220,0,0,0,37
220,9,220,0,0,0,16
220,10,220,0,1,0,35
220,11,220,0,1,0,36
220,12,220,0,1,0,61
220,13,220,0,1,0,28
220,14,220,0,1,0,33
220,15,220,0,1,0,18
220,16,220,0,1,0,41
220,17,220,0,1,0,22
220,18,220,0,1,0,23
220,19,220,0,1,0,37
221,0,221,0,0,0,25
221,1,221,0,0,0,26
221,2,221,0,0,0,31
221,3,221,0,0,0,23
221,4,221,0,0,0,27
221,5,221,0,0,0,38
221,6,221,0,0,0,23
221,7,221,0,0,0,18
221,8,221,0,0,0,45
221,9,221,0,0,0,21
221,10,221,0,1,0,64
221,11,221,0,1,0,21
221,12,221,0,1,0,31
221,13,221,0,1,0,51
221,14,221,0,1,0,29
221,15,221,0,1,0,52
221,16,221,0,1,0,40
221,17,221,0,1,0,16
221,18,221,0,1,0,35
221,19,221,0,1,0,55
222,0,222,0,0,0,28
222,1,222,0,0,0,17
222,2,222,0,0,0,24
222,3,222,0,0,0,26
222,4,222,0,0,0,28
222,5,222,0,0,0,22
222,6,222,0,0,0,29
222,7,222,0,0,0,41
222,8,222,0,0,0,50
222,9,222,0,0,0,25
222,10,222,0,1,0,34
222,11,222,0,1,0,32
222,12,222,0,1,0,29
222,13,222,0,1,0,32
222,14,222,0,1,0,23
222,15,222,0,1,0,26
222,16,222,0,1,0,23
222,17,222,0,1,0,17
222,18,222,0,1,0,30
222,19,222,0,1,0,23
223,0,223,0,0,0,25
223,1,223,0,0,0,23
223,2,223,0,0,0,29
223,3,223,0,0,0,15
223,4,223,0,0,0,71
223,5,223,0,0,0,33
223,6,223,0,0,0,23
223,7,223,0,0,0,45
223,8,223,0,0,0,42
223,9,223,0,0,0,22
223,10,223,0,1,0,29
223,11,223,0,1,0,40
223,12,223,0,1,0,27
223,13,223,0,1,0,38
223,14,223,0,1,0,23
223,15,223,0,1,0,19
223,16,223,0,1,0,28
223,17,223,0,1,0,17
223,18,223,0,1,0,20
223,19,223,0,1,0,32
224,0,224,0,0,0,23
224,1,224,0,0,0,22
224,2,224,0,0,0,14
224,3,224,0,0,0,39
224,4,224,0,0,0,19
224,5,224,0,0,0,10
224,6,224,0,0,0,26
224,7,224,0,0,0,32
224,8,224,0,0,0,35
224,9,224,0,0,0,52
224,10,224,0,1,0,29
224,11,224,0,1,0,27
224,12,224,0,1,0,28
224,13,224,0,1,0,24
224,14,224,0,1,0,15
224,15,224,0,1,0,17
224,16,224,0,1,0,23
224,17,224,0,1,0,19
224,18,224,0,1,0,33
224,19,224,0,1,0,14
225,0,225,0,0,0,43
225,1,225,0,0,0,50
225,2,225,0,0,0,56
225,3,225,0,0,0,26
225,4,225,0,0,0,45
225,5,225,0,0,0,9
225,6,225,0,0,0,31
225,7,225,0,0,0,43
225,8,225,0,0,0,24
225,9,225,0,0,0,16
225,10,225,0,1,0,46
225,11,225,0,1,0,36
225,12,225,0,1,0,25
225,13,225,0,1,0,28
225,14,225,0,1,0,19
225,15,225,0,1,0,30
225,16,225,0,1,0,24
225,17,225,0,1,0,25
225,18,225,0,1,0,17
225,19,225,0,1,0,47
226,0,226,0,0,0,29
226,1,226,0,0,0,31
226,2,226,0,0,0,22
226,3,226,0,0,0,21
226,4,226,0,0,0,14
226,5,226,0,0,0,29
226,6,226,0,0,0,26
226,7,226,0,0,0,35
226,8,226,0,0,0,32
226,9,226,0,0,0,44
226,10,226,0,1,0,26
226,11,226,0,1,0,47
226,12,226,0,1,0,36
226,13,226,0,1,0,42
226,14,226,0,1,0,35
226,15,226,0,1,0,19
226,16,226,0,1,0,27
226,17,226,0,1,0,30
226,18,226,0,1,0,49
226,19,226,0,1,0,16
227,0,227,0,0,0,27
227,1,227,0,0,0,24
227,2,227,0,0,0,28
227,3,227,0,0,0,36
227,4,227,0,0,0,31
227,5,227,0,0,0,19
227,6,227,0,0,0,48
227,7,227,0,0,0,24
227,8,227,0,0,0,20
227,9,227,0,0,0,37
227,10,227,0,1,0,28
227,11,227,0,1,0,30
227,12,227,0,1,0,15
227,13,227,0,1,0,18
227,14,227,0,1,0,28
227,15,227,0,1,0,32
227,16,227,0,1,0,41
227,17,227,0,1,0,38
227,18,227,0,1,0,29
227,19,227,0,1,0,27
228,0,228,0,0,0,38
228,1,228,0,0,0,27
228,2,228,0,0,0,27
228,3,228,0,0,0,19
228,4,228,0,0,0,37
228,5,228,0,0,0,30
228,6,228,0,0,0,35
228,7,228,0,0,0,19
228,8,228,0,0,0,24
228,9,228,0,0,0,31
228,10,228,0,1,0,41
228,11,228,0,1,0,32
228,12,228,0,1,0,24
228,13,228,0,1,0,23
228,14,228,0,1,0,23
228,15,228,0,1,0,23
228,16,228,0,1,0,38
228,17,228,0,1,0,29
228,18,228,0,1,0,34
228,19,228,0,1,0,45
229,0,229,0,0,0,20
229,1,229,0,0,0,54
229,2,229,0,0,0,48
229,3,229,0,0,0,24
229,4,229,0,0,0,20
229,5,229,0,0,0,37
229,6,229,0,0,0,17
229,7,229,0,0,0,33
229,8,229,0,0,0,31
229,9,229,0,0,0,28
229,10,229,0,1,0,47
229,11,229,0,1,0,32
229,12,229,0,1,0,29
229,13,229,0,1,0,39
229,14,229,0,1,0,40
229,15,229,0,1,0,23
229,16,229,0,1,0,26
229,17,229,0,1,0,46
229,18,229,0,1,0,32
229,19,229,0,1,0,63
230,0,230,0,0,0,54
230,1,230,0,0,0,24
230,2,230,0,0,0,35
230,3,230,0,0,0,46
230,4,230,0,0,0,35
230,5,230,0,0,0,19
230,6,230,0,0,0,24
230,7,230,0,0,0,32
230,8,230,0,0,0,33
230,9,230,0,0,0,18
230,10,230,0,1,0,24
230,11,230,0,1,0,40
230,12,230,0,1,0,61
230,13,230,0,1,0,16
230,14,230,0,1,0,31
230,15,230,0,1,0,17
230,16,230,0,1,0,38
230,17,230,0,1,0,54
230,18,230,0,1,0,45
230,19,230,0,1,0,44
231,0,231,0,0,0,31
231,1,231,0,0,0,24
231,2,231,0,0,0,19
231,3,231,0,0,0,48
231,4,231,0,0,0,55
231,5,231,0,0,0,21
231,6,231,0,0,0,23
231,7,231,0,0,0,33
231,8,231,0,0,0,29
231,9,231,0,0,0,54
231,10,231,0,1,0,26
231,11,231,0,1,0,21
231,12,231,0,1,0,20
231,13,231,0,1,0,26
231,14,231,0,1,0,30
231,15,231,0,1,0,25
231,16,231,0,1,0,24
231,17,231,0,1,0,46
231,18,231,0,1,0,77
231,19,231,0,1,0,28
232,0,232,0,0,0,26
232,1,232,0,0,0,36
232,2,232,0,0,0,51
232,3,232,0,0,0,21
232,4,232,0,0,0,30
232,5,232,0,0,0,18
232,6,232,0,0,0,72
232,7,232,0,0,0,22
232,8,232,0,0,0,25
232,9,232,0,0,0,38
232,10,232,0,1,0,20
232,11,232,0,1,0,35
232,12,232,0,1,0,36
232,13,232,0,1,0,49
232,14,232,0,1,0,33
232,15,232,0,1,0,47
232,16,232,0,1,0,21
232,17,232,0,1,0,34
232,18,232,0,1,0,33
232,19,232,0,1,0,40
233,0,233,0,0,0,32
233,1,233,0,0,0,40
233,2,233,0,0,0,22
233,3,233,0,0,0,26
233,4,233,0,0,0,23
233,5,233,0,0,0,44
233,6,233,0,0,0,41
233,7,233,0,0,0,30
233,8,233,0,0,0,36
233,9,233,0,0,0,29
233,10,233,0,1,0,26
233,11,233,0,1,0,39
233,12,233,0,1,0,48
233,13,233,0,1,0,43
233,14,233,0,1,0,47
233,15,233,0,1,0,51
233,16,233,0,1,0,19
233,17,233,0,1,0,34
233,18,233,0,1,0,31
233,19,233,0,1,0,45
234,0,234,0,0,0,21
234,1,234,0,0,0,44
234,2,234,0,0,0,23
234,3,234,0,0,0,36
234,4,234,0,0,0,54
234,5,234,0,0,0,22
234,6,234,0,0,0,60
234,7,234,0,0,0,67
234,8,234,0,0,0,30
234,9,234,0,0,0,31
234,10,234,0,1,0,19
234,11,234,0,1,0,17
234,12,234,0,1,0,40
234,13,234,0,1,0,35
234,14,234,0,1,0,50
234,15,234,0,1,0,24
234,16,234,0,1,0,41
234,17,234,0,1,0,31
234,18,234,0,1,0,33
234,19,234,0,1,0,32
235,0,235,0,0,0,39
235,1,235,0,0,0,38
235,2,235,0,0,0,29
235,3,235,0,0,0,24
235,4,235,0,0,0,33
235,5,235,0,0,0,45
235,6,235,0,0,0,35
235,7,235,0,0,0,17
235,8,235,0,0,0,47
235,9,235,0,0,0,50
235,10,235,0,1,0,38
235,11,235,0,1,0,61
235,12,235,0,1,0,49
235,13,235,0,1,0,18
235,14,235,0,1,0,60
235,15,235,0,1,0,30
235,16,235,0,1,0,13
235,17,235,0,1,0,38
235,18,235,0,1,0,37
235,19,235,0,1,0,55
236,0,236,0,0,0,36
236,1,236,0,0,0,24
236,2,236,0,0,0,27
236,3,236,0,0,0,85
236,4,236,0,0,0,32
236,5,236,0,0,0,45
236,6,236,0,0,0,18
236,7,236,0,0,0,34
236,8,236,0,0,0,54
236,9,236,0,0,0,17
236,10,236,0,1,0,24
236,11,236,0,1,0,24
236,12,236,0,1,0,61
236,13,236,0,1,0,30
236,14,236,0,1,0,25
236,15,236,0,1,0,21
236,16,236,0,1,0,32
236,17,236,0,1,0,25
236,18,236,0,1,0,22
236,19,236,0,1,0,26
237,0,237,0,0,0,39
237,1,237,0,0,0,25
237,2,237,0,0,0,37
237,3,237,0,0,0,27
237,4,237,0,0,0,38
237,5,237,0,0,0,34
237,6,237,0,0,0,27
237,7,237,0,0,0,36
237,8,237,0,0,0,42
237,9,237,0,0,0,29
237,10,237,0,1,0,48
237,11,237,0,1,0,21
237,12,237,0,1,0,46
237,13,237,0,1,0,44
237,14,237,0,1,0,24
237,15,237,0,1,0,37
237,16,237,0,1,0,41
237,17,237,0,1,0,31
237,18,237,0,1,0,32
237,19,237,0,1,0,48
238,0,238,0,0,0,26
238,1,238,0,0,0,22
238,2,238,0,0,0,55
238,3,238,0,0,0,23
238,4,238,0,0,0,38
238,5,238,0,0,0,28
238,6,238,0,0,0,24
238,7,238,0,0,0,40
238,8,238,0,0,0,20
238,9,238,0,0,0,20
238,10,238,0,1,0,47
238,11,238,0,1,0,31
238,12,238,0,1,0,39
238,13,238,0,1,0,57
238,14,238,0,1,0,26
238,15,238,0,1,0,28
238,16,238,0,1,0,29
238,17,238,0,1,0,29
238,18,238,0,1,0,50
238,19,238,0,1,0,46
239,0,239,0,0,0,41
239,1,239,0,0,0,43
239,2,239,0,0,0,44
239,3,239,0,0,0,35
239,4,239,0,0,0,31
239,5,239,0,0,0,22
239,6,239,0,0,0,20
239,7,239,0,0,0,26
239,8,239,0,0,0,38
239,9,239,0,0,0,27
239,10,239,0,1,0,32
239,11,239,0,1,0,49
239,12,239,0,1,0,36
239,13,239,0,1,0,35
239,14,239,0,1,0,30
239,15,239,0,1,0,25
239,16,239,0,1,0,26
239,17,239,0,1,0,36
239,18,239,0,1,0,23
239,19,239,0,1,0,22
240,0,240,0,0,0,40
240,1,240,0,0,0,45
240,2,240,0,0,0,13
240,3,240,0,0,0,32
240,4,240,0,0,0,48
240,5,240,0,0,0,28
240,6,240,0,0,0,35
240,7,240,0,0,0,22
240,8,240,0,0,0,51
240,9,240,0,0,0,27
240,10,240,0,1,0,45
240,11,240,0,1,0,38
240,12,240,0,1,0,34
240,13,240,0,1,0,33
240,14,240,0,1,0,33
240,15,240,0,1,0,29
240,16,240,0,1,0,31
240,17,240,0,1,0,15
240,18,240,0,1,0,17
240,19,240,0,1,0,40
241,0,241,0,0,0,36
241,1,241,0,0,0,42
241,2,241,0,0,0,40
241,3,241,0,0,0,65
241,4,241,0,0,0,31
241,5,241,0,0,0,32
241,6,241,0,0,0,31
241,7,241,0,0,0,40
241,8,241,0,0,0,57
241,9,241,0,0,0,24
241,10,241,0,1,0,39
241,11,241,0,1,0,26
241,12,241,0,1,0,22
241,13,241,0,1,0,24
241,14,241,0,1,0,25
241,15,241,0,1,0,23
241,16,241,0,1,0,39
241,17,241,0,1,0,24
241,18,241,0,1,0,29
241,19,241,0,1,0,36
242,0,242,0,0,0,32
242,1,242,0,0,0,19
242,2,242,0,0,0,30
242,3,242,0,0,0,43
242,4,242,0,0,0,27
242,5,242,0,0,0,40
242,6,242,0,0,0,23
242,7,242,0,0,0,32
242,8,242,0,0,0,36
242,9,242,0,0,0,31
242,10,242,0,1,0,45
242,11,242,0,1,0,44
242,12,242,0,1,0,35
242,13,242,0,1,0,60
242,14,242,0,1,0,23
242,15,242,0,1,0,49
242,16,242,0,1,0,28
242,17,242,0,1,0,53
242,18,242,0,1,0,37
242,19,242,0,1,0,27
243,0,243,0,0,0,29
243,1,243,0,0,0,16
243,2,243,0,0,0,38
243,3,243,0,0,0,16
243,4,243,0,0,0,32
243,5,243,0,0,0,25
243,6,243,0,0,0,30
243,7,243,0,0,0,19
243,8,243,0,0,0,23
243,9,243,0,0,0,60
243,10,243,0,1,0,25
243,11,243,0,1,0,42
243,12,243,0,1,0,30
243,13,243,0,1,0,38
243,14,243,0,1,0,46
243,15,243,0,1,0,43
243,16,243,0,1,0,29
243,17,243,0,1,0,42
243,18,243,0,1,0,49
243,19,243,0,1,0,32
244,0,244,0,0,0,86
244,1,244,0,0,0,20
244,2,244,0,0,0,38
244,3,244,0,0,0,26
244,4,244,0,0,0,23
244,5,244,0,0,0,36
244,6,244,0,0,0,20
244,7,244,0,0,0,26
244,8,244,0,0,0,29
244,9,244,0,0,0,18
244,10,244,0,1,0,27
244,11,244,0,1,0,20
244,12,244,0,1,0,28
244,13,244,0,1,0,35
244,14,244,0,1,0,52
244,15,244,0,1,0,71
244,16,244,0,1,0,27
244,17,244,0,1,0,36
244,18,244,0,1,0,47
244,19,244,0,1,0,25
245,0,245,0,0,0,34
245,1,245,0,0,0,47
245,2,245,0,0,0,33
245,3,245,0,0,0,28
245,4,245,0,0,0,27
245,5,245,0,0,0,40
245,6,245,0,0,0,15
245,7,245,0,0,0,28
245,8,245,0,0,0,26
245,9,245,0,0,0,36
245,10,245,0,1,0,21
245,11,245,0,1,0,17
245,12,245,0,1,0,37
245,13,245,0,1,0,32
245,14,245,0,1,0,37
245,15,245,0,1,0,47
245,16,245,0,1,0,14
245,17,245,0,1,0,54
245,18,245,0,1,0,38
245,19,245,0,1,0,63
246,0,246,0,0,0,47
246,1,246,0,0,0,27
246,2,246,0,0,0,67
246,3,246,0,0,0,34
246,4,246,0,0,0,71
246,5,246,0,0,0,27
246,6,246,0,0,0,16
246,7,246,0,0,0,34
246,8,246,0,0,0,32
246,9,246,0,0,0,52
246,10,246,0,1,0,17
246,11,246,0,1,0,18
246,12,246,0,1,0,29
246,13,246,0,1,0,33
246,14,246,0,1,0,35
246,15,246,0,1,0,33
246,16,246,0,1,0,32
246,17,246,0,1,0,28
246,18,246,0,1,0,32
246,19,246,0,1,0,44
247,0,247,0,0,0,27
247,1,247,0,0,0,21
247,2,247,0,0,0,44
247,3,247,0,0,0,41
247,4,247,0,0,0,40
247,5,247,0,0,0,40
247,6,247,0,0,0,58
247,7,247,0,0,0,28
247,8,247,0,0,0,35
247,9,247,0,0,0,20
247,10,247,0,1,0,27
247,11,247,0,1,0,25
247,12,247,0,1,0,31
247,13,247,0,1,0,30
247,14,247,0,1,0,28
247,15,247,0,1,0,41
247,16,247,0,1,0,28
247,17,247,0,1,0,37
247,18,247,0,1,0,14
247,19,247,0,1,0,33
248,0,248,0,0,0,55
248,1,248,0,0,0,31
248,2,248,0,0,0,36
248,3,248,0,0,0,41
248,4,248,0,0,0,34
248,5,248,0,0,0,56
248,6,248,0,0,0,24
248,7,248,0,0,0,48
248,8,248,0,0,0,25
248,9,248,0,0,0,53
248,10,248,0,1,0,33
248,11,248,0,1,0,34
248,12,248,0,1,0,22
248,13,248,0,1,0,24
248,14,248,0,1,0,30
248,15,248,0,1,0,37
248,16,248,0,1,0,16
248,17,248,0,1,0,51
248,18,248,0,1,0,30
248,19,248,0,1,0,32
249,0,249,0,0,0,19
249,1,249,0,0,0,28
249,2,249,0,0,0,34
249,3,249,0,0,0,32
249,4,249,0,0,0,33
249,5,249,0,0,0,32
249,6,249,0,0,0,33
249,7,249,0,0,0,26
249,8,249,0,0,0,17
249,9,249,0,0,0,37
249,10,249,0,1,0,36
249,11,249,0,1,0,26
249,12,249,0,1,0,29
249,13,249,0,1,0,47
249,14,249,0,1,0,19
249,15,249,0,1,0,36
249,16,249,0,1,0,46
249,17,249,0,1,0,33
249,18,249,0,1,0,37
249,19,249,0,1,0,24
250,0,250,0,0,0,85
250,1,250,0,0,0,20
250,2,250,0,0,0,65
250,3,250,0,0,0,32
250,4,250,0,0,0,62
250,5,250,0,0,0,47
250,6,250,0,0,0,34
250,7,250,0,0,0,33
250,8,250,0,0,0,67
250,9,250,0,0,0,34
250,10,250,0,1,0,22
250,11,250,0,1,0,40
250,12,250,0,1,0,69
250,13,250,0,1,0,46
250,14,250,0,1,0,42
250,15,250,0,1,0,28
250,16,250,0,1,0,31
250,17,250,0,1,0,44
250,18,250,0,1,0,28
250,19,250,0,1,0,37
251,0,251,0,0,0,45
251,1,251,0,0,0,30
251,2,251,0,0,0,51
251,3,251,0,0,0,44
251,4,251,0,0,0,25
251,5,251,0,0,0,44
251,6,251,0,0,0,37
251,7,251,0,0,0,34
251,8,251,0,0,0,37
251,9,251,0,0,0,20
251,10,251,0,1,0,25
251,11,251,0,1,0,25
251,12,251,0,1,0,39
251,13,251,0,1,0,46
251,14,251,0,1,0,29
251,15,251,0,1,0,42
251,16,251,0,1,0,47
251,17,251,0,1,0,47
251,18,251,0,1,0,37
251,19,251,0,1,0,42
252,0,252,0,0,0,21
252,1,252,0,0,0,30
252,2,252,0,0,0,26
252,3,252,0,0,0,35
252,4,252,0,0,0,51
252,5,252,0,0,0,34
252,6,252,0,0,0,64
252,7,252,0,0,0,35
252,8,252,0,0,0,23
252,9,252,0,0,0,45
252,10,252,0,1,0,26
252,11,252,0,1,0,42
252,12,252,0,1,0,29
252,13,252,0,1,0,38
252,14,252,0,1,0,36
252,15,252,0,1,0,28
252,16,252,0,1,0,28
252,17,252,0,1,0,63
252,18,252,0,1,0,40
252,19,252,0,1,0,37
253,0,253,0,0,0,21
253,1,253,0,0,0,51
253,2,253,0,0,0,31
253,3,253,0,0,0,25
253,4,253,0,0,0,33
253,5,253,0,0,0,33
253,6,253,0,0,0,25
253,7,253,0,0,0,33
253,8,253,0,0,0,54
253,9,253,0,0,0,37
253,10,253,0,1,0,31
253,11,253,0,1,0,26
253,12,253,0,1,0,53
253,13,253,0,1,0,34
253,14,253,0,1,0,24
253,15,253,0,1,0,41
253,16,253,0,1,0,30
253,17,253,0,1,0,57
253,18,253,0,1,0,68
253,19,253,0,1,0,46
254,0,254,0,0,0,24
254,1,254,0,0,0,36
254,2,254,0,0,0,30
254,3,254,0,0,0,31
254,4,254,0,0,0,33
254,5,254,0,0,0,35
254,6,254,0,0,0,61
254,7,254,0,0,0,32
254,8,254,0,0,0,34
254,9,254,0,0,0,24
254,10,254,0,1,0,44
254,11,254,0,1,0,37
254,12,254,0,1,0,49
254,13,254,0,1,0,68
254,14,254,0,1,0,41
254,15,254,0,1,0,24
254,16,254,0,1,0,21
254,17,254,0,1,0,46
254,18,254,0,1,0,22
254,19,254,0,1,0,27
255,0,255,0,0,0,74
255,1,255,0,0,0,29
255,2,255,0,0,0,30
255,3,255,0,0,0,44
255,4,255,0,0,0,74
255,5,255,0,0,0,47
255,6,255,0,0,0,26
255,7,255,0,0,0,57
255,8,255,0,0,0,28
255,9,255,0,0,0,41
255,10,255,0,1,0,19
255,11,255,0,1,0,23
255,12,255,0,1,0,81
255,13,255,0,1,0,41
255,14,255,0,1,0,43
255,15,255,0,1,0,46
255,16,255,0,1,0,40
255,17,255,0,1,0,74
255,18,255,0,1,0,23
255,19,255,0,1,0,55
256,0,256,0,0,0,47
256,1,256,0,0,0,31
256,2,256,0,0,0,37
256,3,256,0,0,0,22
256,4,256,0,0,0,35
256,5,256,0,0,0,53
256,6,256,0,0,0,27
256,7,256,0,0,0,37
256,8,256,0,0,0,33
256,9,256,0,0,0,60
256,10,256,0,1,0,24
256,11,256,0,1,0,44
256,12,256,0,1,0,51
256,13,256,0,1,0,37
256,14,256,0,1,0,16
256,15,256,0,1,0,42
256,16,256,0,1,0,28
256,17,256,0,1,0,55
256,18,256,0,1,0,30
256,19,256,0,1,0,37
257,0,257,0,0,0,21
257,1,257,0,0,0,49
257,2,257,0,0,0,35
257,3,257,0,0,0,29
257,4,257,0,0,0,16
257,5,257,0,0,0,28
257,6,257,0,0,0,25
257,7,257,0,0,0,37
257,8,257,0,0,0,30
257,9,257,0,0,0,52
257,10,257,0,1,0,26
257,11,257,0,1,0,75
257,12,257,0,1,0,29
257,13,257,0,1,0,37
257,14,257,0,1,0,38
257,15,257,0,1,0,26
257,16,257,0,1,0,49
257,17,257,0,1,0,53
257,18,257,0,1,0,21
257,19,257,0,1,0,29
258,0,258,0,0,0,60
258,1,258,0,0,0,36
258,2,258,0,0,0,55
258,3,258,0,0,0,72
258,4,258,0,0,0,41
258,5,258,0,0,0,24
258,6,258,0,0,0,66
258,7,258,0,0,0,21
258,8,258,0,0,0,22
258,9,258,0,0,0,20
258,10,258,0,1,0,56
258,11,258,0,1,0,39
258,12,258,0,1,0,57
258,13,258,0,1,0,37
258,14,258,0,1,0,40
258,15,258,0,1,0,79
258,16,258,0,1,0,56
258,17,258,0,1,0,33
258,18,258,0,1,0,37
258,19,258,0,1,0,22
259,0,259,0,0,0,28
259,1,259,0,0,0,57
259,2,259,0,0,0,31
259,3,259,0,0,0,25
259,4,259,0,0,0,42
259,5,259,0,0,0,62
259,6,259,0,0,0,30
259,7,259,0,0,0,30
259,8,259,0,0,0,17
259,9,259,0,0,0,29
259,10,259,0,1,0,52
259,11,259,0,1,0,62
259,12,259,0,1,0,43
259,13,259,0,1,0,41
259,14,259,0,1,0,35
259,15,259,0,1,0,32
259,16,259,0,1,0,31
259,17,259,0,1,0,33
259,18,259,0,1,0,36
259,19,259,0,1,0,29
260,0,260,0,0,0,50
260,1,260,0,0,0,50
260,2,260,0,0,0,54
260,3,260,0,0,0,48
260,4,260,0,0,0,48
260,5,260,0,0,0,53
260,6,260,0,0,0,52
260,7,260,0,0,0,53
260,8,260,0,0,0,30
260,9,260,0,0,0,47
260,10,260,0,1,0,24
260,11,260,0,1,0,27
260,12,260,0,1,0,38
260,13,260,0,1,0,47
260,14,260,0,1,0,35
260,15,260,0,1,0,132
260,16,260,0,1,0,27
260,17,260,0,1,0,26
260,18,260,0,1,0,43
260,19,260,0,1,0,48
261,0,261,0,0,0,60
261,1,261,0,0,0,29
261,2,261,0,0,0,28
261,3,261,0,0,0,41
261,4,261,0,0,0,37
261,5,261,0,0,0,41
261,6,261,0,0,0,33
261,7,261,0,0,0,27
261,8,261,0,0,0,28
261,9,261,0,0,0,26
261,10,261,0,1,0,88
261,11,261,0,1,0,44
261,12,261,0,1,0,44
261,13,261,0,1,0,37
261,14,261,0,1,0,38
261,15,261,0,1,0,52
261,16,261,0,1,0,25
261,17,261,0,1,0,44
261,18,261,0,1,0,40
261,19,261,0,1,0,51
262,0,262,0,0,0,43
262,1,262,0,0,0,39
262,2,262,0,0,0,26
262,3,262,0,0,0,29
262,4,262,0,0,0,62
262,5,262,0,0,0,39
262,6,262,0,0,0,31
262,7,262,0,0,0,39
262,8,262,0,0,0,37
262,9,262,0,0,0,31
262,10,262,0,1,0,29
262,11,262,0,1,0,41
262,12,262,0,1,0,35
262,13,262,0,1,0,32
262,14,262,0,1,0,26
262,15,262,0,1,0,27
262,16,262,0,1,0,53
262,17,262,0,1,0,21
262,18,262,0,1,0,53
262,19,262,0,1,0,32
263,0,263,0,0,0,42
263,1,263,0,0,0,58
263,2,263,0,0,0,62
263,3,263,0,0,0,54
263,4,263,0,0,0,44
263,5,263,0,0,0,42
263,6,263,0,0,0,44
263,7,263,0,0,0,45
263,8,263,0,0,0,23
263,9,263,0,0,0,38
263,10,263,0,1,0,34
263,11,263,0,1,0,37
263,12,263,0,1,0,26
263,13,263,0,1,0,30
263,14,263,0,1,0,30
263,15,263,0,1,0,25
263,16,263,0,1,0,20
263,17,263,0,1,0,46
263,18,263,0,1,0,51
263,19,263,0,1,0,36
264,0,264,0,0,0,25
264,1,264,0,0,0,83
264,2,264,0,0,0,37
264,3,264,0,0,0,51
264,4,264,0,0,0,56
264,5,264,0,0,0,20
264,6,264,0,0,0,34
264,7,264,0,0,0,26
264,8,264,0,0,0,56
264,9,264,0,0,0,46
264,10,264,0,1,0,29
264,11,264,0,1,0,48
264,12,264,0,1,0,43
264,13,264,0,1,0,58
264,14,264,0,1,0,28
264,15,264,0,1,0,39
264,16,264,0,1,0,52
264,17,264,0,1,0,41
264,18,264,0,1,0,17
264,19,264,0,1,0,26
265,0,265,0,0,0,52
265,1,265,0,0,0,41
265,2,265,0,0,0,25
265,3,265,0,0,0,36
265,4,265,0,0,0,23
265,5,265,0,0,0,33
265,6,265,0,0,0,37
265,7,265,0,0,0,26
265,8,265,0,0,0,43
265,9,265,0,0,0,38
265,10,265,0,1,0,60
265,11,265,0,1,0,35
265,12,265,0,1,0,16
265,13,265,0,1,0,35
265,14,265,0,1,0,16
265,15,265,0,1,0,46
265,16,265,0,1,0,32
265,17,265,0,1,0,34
265,18,265,0,1,0,19
265,19,265,0,1,0,37
266,0,266,0,0,0,35
266,1,266,0,0,0,46
266,2,266,0,0,0,19
266,3,266,0,0,0,64
266,4,266,0,0,0,44
266,5,266,0,0,0,33
266,6,266,0,0,0,66
266,7,266,0,0,0,33
266,8,266,0,0,0,52
266,9,266,0,0,0,20
266,10,266,0,1,0,57
266,11,266,0,1,0,70
266,12,266,0,1,0,58
266,13,266,0,1,0,37
266,14,266,0,1,0,45
266,15,266,0,1,0,29
266,16,266,0,1,0,46
266,17,266,0,1,0,35
266,18,266,0,1,0,53
266,19,266,0,1,0,33
267,0,267,0,0,0,55
267,1,267,0,0,0,38
267,2,267,0,0,0,31
267,3,267,0,0,0,21
267,4,267,0,0,0,37
267,5,267,0,0,0,38
267,6,267,0,0,0,37
267,7,267,0,0,0,24
267,8,267,0,0,0,53
267,9,267,0,0,0,24
267,10,267,0,1,0,34
267,11,267,0,1,0,49
267,12,267,0,1,0,37
267,13,267,0,1,0,41
267,14,267,0,1,0,39
267,15,267,0,1,0,27
267,16,267,0,1,0,35
267,17,267,0,1,0,34
267,18,267,0,1,0,71
267,19,267,0,1,0,35
268,0,268,0,0,0,58
268,1,268,0,0,0,35
268,2,268,0,0,0,33
268,3,268,0,0,0,30
268,4,268,0,0,0,38
268,5,268,0,0,0,34
268,6,268,0,0,0,61
268,7,268,0,0,0,60
268,8,268,0,0,0,26
268,9,268,0,0,0,29
268,10,268,0,1,0,46
268,11,268,0,1,0,50
268,12,268,0,1,0,23
268,13,268,0,1,0,64
268,14,268,0,1,0,33
268,15,268,0,1,0,39
268,16,268,0,1,0,31
268,17,268,0,1,0,42
268,18,268,0,1,0,69
268,19,268,0,1,0,37
269,0,269,0,0,0,33
269,1,269,0,0,0,43
269,2,269,0,0,0,39
269,3,269,0,0,0,33
269,4,269,0,0,0,51
269,5,269,0,0,0,49
269,6,269,0,0,0,18
269,7,269,0,0,0,44
269,8,269,0,0,0,53
269,9,269,0,0,0,34
269,10,269,0,1,0,32
269,11,269,0,1,0,37
269,12,269,0,1,0,40
269,13,269,0,1,0,30
269,14,269,0,1,0,70
269,15,269,0,1,0,38
269,16,269,0,1,0,32
269,17,269,0,1,0,23
269,18,269,0,1,0,41
269,19,269,0,1,0,46
270,0,270,0,0,0,66
270,1,270,0,0,0,73
270,2,270,0,0,0,49
270,3,270,0,0,0,29
270,4,270,0,0,0,33
270,5,270,0,0,0,68
270,6,270,0,0,0,57
270,7,270,0,0,0,26
270,8,270,0,0,0,54
270,9,270,0,0,0,34
270,10,270,0,1,0,40
270,11,270,0,1,0,28
270,12,270,0,1,0,42
270,13,270,0,1,0,74
270,14,270,0,1,0,54
270,15,270,0,1,0,28
270,16,270,0,1,0,21
270,17,270,0,1,0,37
270,18,270,0,1,0,68
270,19,270,0,1,0,34
271,0,271,0,0,0,45
271,1,271,0,0,0,20
271,2,271,0,0,0,41
271,3,271,0,0,0,53
271,4,271,0,0,0,33
271,5,271,0,0,0,35
271,6,271,0,0,0,60
271,7,271,0,0,0,19
271,8,271,0,0,0,110
271,9,271,0,0,0,43
271,10,271,0,1,0,34
271,11,271,0,1,0,21
271,12,271,0,1,0,59
271,13,271,0,1,0,27
271,14,271,0,1,0,31
271,15,271,0,1,0,67
271,16,271,0,1,0,38
271,17,271,0,1,0,46
271,18,271,0,1,0,54
271,19,271,0,1,0,34
272,0,272,0,0,0,31
272,1,272,0,0,0,36
272,2,272,0,0,0,31
272,3,272,0,0,0,46
272,4,272,0,0,0,51
272,5,272,0,0,0,40
272,6,272,0,0,0,36
272,7,272,0,0,0,29
272,8,272,0,0,0,58
272,9,272,0,0,0,43
272,10,272,0,1,0,58
272,11,272,0,1,0,40
272,12,272,0,1,0,43
272,13,272,0,1,0,29
272,14,272,0,1,0,25
272,15,272,0,1,0,45
272,16,272,0,1,0,46
272,17,272,0,1,0,75
272,18,272,0,1,0,35
272,19,272,0,1,0,85
273,0,273,0,0,0,37
273,1,273,0,0,0,27
273,2,273,0,0,0,29
273,3,273,0,0,0,74
273,4,273,0,0,0,56
273,5,273,0,0,0,56
273,6,273,0,0,0,40
273,7,273,0,0,0,40
273,8,273,0,0,0,25
273,9,273,0,0,0,43
273,10,273,0,1,0,57
273,11,273,0,1,0,37
273,12,273,0,1,0,66
273,13,273,0,1,0,29
273,14,273,0,1,0,56
273,15,273,0,1,0,32
273,16,273,0,1,0,35
273,17,273,0,1,0,20
273,18,273,0,1,0,57
273,19,273,0,1,0,25
274,0,274,0,0,0,33
274,1,274,0,0,0,29
274,2,274,0,0,0,55
274,3,274,0,0,0,55
274,4,274,0,0,0,49
274,5,274,0,0,0,45
274,6,274,0,0,0,51
274,7,274,0,0,0,33
274,8,274,0,0,0,55
274,9,274,0,0,0,58
274,10,274,0,1,0,46
274,11,274,0,1,0,56
274,12,274,0,1,0,45
274,13,274,0,1,0,24
274,14,274,0,1,0,65
274,15,274,0,1,0,24
274,16,274,0,1,0,30
274,17,274,0,1,0,51
274,18,274,0,1,0,40
274,19,274,0,1,0,29
275,0,275,0,0,0,44
275,1,275,0,0,0,22
275,2,275,0,0,0,32
275,3,275,0,0,0,62
275,4,275,0,0,0,28
275,5,275,0,0,0,30
275,6,275,0,0,0,25
275,7,275,0,0,0,38
275,8,275,0,0,0,26
275,9,275,0,0,0,50
275,10,275,0,1,0,31
275,11,275,0,1,0,25
275,12,275,0,1,0,45
275,13,275,0,1,0,38
275,14,275,0,1,0,43
275,15,275,0,1,0,58
275,16,275,0,1,0,37
275,17,275,0,1,0,66
275,18,275,0,1,0,57
275,19,275,0,1,0,37
276,0,276,0,0,0,50
276,1,276,0,0,0,32
276,2,276,0,0,0,29
276,3,276,0,0,0,30
276,4,276,0,0,0,42
276,5,276,0,0,0,54
276,6,276,0,0,0,36
276,7,276,0,0,0,34
276,8,276,0,0,0,35
276,9,276,0,0,0,24
276,10,276,0,1,0,33
276,11,276,0,1,0,54
276,12,276,0,1,0,34
276,13,276,0,1,0,89
276,14,276,0,1,0,54
276,15,276,0,1,0,68
276,16,276,0,1,0,15
276,17,276,0,1,0,41
276,18,276,0,1,0,46
276,19,276,0,1,0,80
277,0,277,0,0,0,28
277,1,277,0,0,0,69
277,2,277,0,0,0,69
277,3,277,0,0,0,32
277,4,277,0,0,0,68
277,5,277,0,0,0,25
277,6,277,0,0,0,67
277,7,277,0,0,0,42
277,8,277,0,0,0,51
277,9,277,0,0,0,34
277,10,277,0,1,0,33
277,11,277,0,1,0,30
277,12,277,0,1,0,43
277,13,277,0,1,0,43
277,14,277,0,1,0,56
277,15,277,0,1,0,51
277,16,277,0,1,0,32
277,17,277,0,1,0,64
277,18,277,0,1,0,32
277,19,277,0,1,0,31
278,0,278,0,0,0,47
278,1,278,0,0,0,66
278,2,278,0,0,0,33
278,3,278,0,0,0,48
278,4,278,0,0,0,34
278,5,278,0,0,0,86
278,6,278,0,0,0,45
278,7,278,0,0,0,35
278,8,278,0,0,0,30
278,9,278,0,0,0,37
278,10,278,0,1,0,63
278,11,278,0,1,0,21
278,12,278,0,1,0,93
278,13,278,0,1,0,49
278,14,278,0,1,0,44
278,15,278,0,1,0,39
278,16,278,0,1,0,60
278,17,278,0,1,0,41
278,18,278,0,1,0,29
278,19,278,0,1,0,48
279,0,279,0,0,0,49
279,1,279,0,0,0,38
279,2,279,0,0,0,62
279,3,279,0,0,0,50
279,4,279,0,0,0,61
279,5,279,0,0,0,50
279,6,279,0,0,0,85
279,7,279,0,0,0,42
279,8,279,0,0,0,42
279,9,279,0,0,0,28
279,10,279,0,1,0,90
279,11,279,0,1,0,78
279,12,279,0,1,0,39
279,13,279,0,1,0,28
279,14,279,0,1,0,35
279,15,279,0,1,0,35
279,16,279,0,1,0,41
279,17,279,0,1,0,36
279,18,279,0,1,0,17
279,19,279,0,1,0,38
280,0,280,0,0,0,26
280,1,280,0,0,0,27
280,2,280,0,0,0,33
280,3,280,0,0,0,48
280,4,280,0,0,0,37
280,5,280,0,0,0,32
280,6,280,0,0,0,26
280,7,280,0,0,0,25
280,8,280,0,0,0,32
280,9,280,0,0,0,31
280,10,280,0,1,0,38
280,11,280,0,1,0,39
280,12,280,0,1,0,30
280,13,280,0,1,0,55
280,14,280,0,1,0,48
280,15,280,0,1,0,54
280,16,280,0,1,0,51
280,17,280,0,1,0,49
280,18,280,0,1,0,53
280,19,280,0,1,0,54
281,0,281,0,0,0,62
281,1,281,0,0,0,32
281,2,281,0,0,0,42
281,3,281,0,0,0,62
281,4,281,0,0,0,70
281,5,281,0,0,0,47
281,6,281,0,0,0,27
281,7,281,0,0,0,84
281,8,281,0,0,0,50
281,9,281,0,0,0,102
281,10,281,0,1,0,49
281,11,281,0,1,0,76
281,12,281,0,1,0,60
281,13,281,0,1,0,77
281,14,281,0,1,0,42
281,15,281,0,1,0,49
281,16,281,0,1,0,52
281,17,281,0,1,0,28
281,18,281,0,1,0,37
281,19,281,0,1,0,60
282,0,282,0,0,0,34
282,1,282,0,0,0,51
282,2,282,0,0,0,51
282,3,282,0,0,0,45
282,4,282,0,0,0,43
282,5,282,0,0,0,23
282,6,282,0,0,0,28
282,7,282,0,0,0,32
282,8,282,0,0,0,42
282,9,282,0,0,0,41
282,10,282,0,1,0,46
282,11,282,0,1,0,33
282,12,282,0,1,0,43
282,13,282,0,1,0,39
282,14,282,0,1,0,52
282,15,282,0,1,0,31
282,16,282,0,1,0,83
282,17,282,0,1,0,45
282,18,282,0,1,0,27
282,19,282,0,1,0,24
283,0,283,0,0,0,53
283,1,283,0,0,0,40
283,2,283,0,0,0,47
283,3,283,0,0,0,41
283,4,283,0,0,0,57
283,5,283,0,0,0,54
283,6,283,0,0,0,84
283,7,283,0,0,0,81
283,8,283,0,0,0,28
283,9,283,0,0,0,50
283,10,283,0,1,0,30
283,11,283,0,1,0,38
283,12,283,0,1,0,51
283,13,283,0,1,0,66
283,14,283,0,1,0,39
283,15,283,0,1,0,37
283,16,283,0,1,0,63
283,17,283,0,1,0,31
283,18,283,0,1,0,22
283,19,283,0,1,0,47
284,0,284,0,0,0,20
284,1,284,0,0,0,63
284,2,284,0,0,0,35
284,3,284,0,0,0,56
284,4,284,0,0,0,31
284,5,284,0,0,0,49
284,6,284,0,0,0,51
284,7,284,0,0,0,40
284,8,284,0,0,0,41
284,9,284,0,0,0,20
284,10,284,0,1,0,23
284,11,284,0,1,0,51
284,12,284,0,1,0,24
284,13,284,0,1,0,37
284,14,284,0,1,0,45
284,15,284,0,1,0,51
284,16,284,0,1,0,39
284,17,284,0,1,0,66
284,18,284,0,1,0,48
284,19,284,0,1,0,49
285,0,285,0,0,0,48
285,1,285,0,0,0,47
285,2,285,0,0,0,37
285,3,285,0,0,0,28
285,4,285,0,0,0,29
285,5,285,0,0,0,27
285,6,285,0,0,0,58
285,7,285,0,0,0,39
285,8,285,0,0,0,36
285,9,285,0,0,0,61
285,10,285,0,1,0,16
285,11,285,0,1,0,58
285,12,285,0,1,0,30
285,13,285,0,1,0,70
285,14,285,0,1,0,51
285,15,285,0,1,0,30
285,16,285,0,1,0,40
285,17,285,0,1,0,48
285,18,285,0,1,0,23
285,19,285,0,1,0,51
286,0,286,0,0,0,32
286,1,286,0,0,0,67
286,2,286,0,0,0,50
286,3,286,0,0,0,49
286,4,286,0,0,0,67
286,5,286,0,0,0,67
286,6,286,0,0,0,61
286,7,286,0,0,0,38
286,8,286,0,0,0,26
286,9,286,0,0,0,60
286,10,286,0,1,0,38
286,11,286,0,1,0,28
286,12,286,0,1,0,31
286,13,286,0,1,0,46
286,14,286,0,1,0,43
286,15,286,0,1,0,61
286,16,286,0,1,0,58
286,17,286,0,1,0,32
286,18,286,0,1,0,57
286,19,286,0,1,0,43
287,0,287,0,0,0,37
287,1,287,0,0,0,36
287,2,287,0,0,0,85
287,3,287,0,0,0,68
287,4,287,0,0,0,81
287,5,287,0,0,0,43
287,6,287,0,0,0,52
287,7,287,0,0,0,80
287,8,287,0,0,0,36
287,9,287,0,0,0,55
287,10,287,0,1,0,37
287,11,287,0,1,0,28
287,12,287,0,1,0,61
287,13,287,0,1,0,31
287,14,287,0,1,0,50
287,15,287,0,1,0,47
287,16,287,0,1,0,47
287,17,287,0,1,0,73
287,18,287,0,1,0,42
287,19,287,0,1,0,38
288,0,288,0,0,0,98
288,1,288,0,0,0,60
288,2,288,0,0,0,49
288,3,288,0,0,0,26
288,4,288,0,0,0,60
288,5,288,0,0,0,33
288,6,288,0,0,0,36
288,7,288,0,0,0,38
288,8,288,0,0,0,59
288,9,288,0,0,0,52
288,10,288,0,1,0,49
288,11,288,0,1,0,51
288,12,288,0,1,0,54
288,13,288,0,1,0,39
288,14,288,0,1,0,33
288,15,288,0,1,0,42
288,16,288,0,1,0,61
288,17,288,0,1,0,45
288,18,288,0,1,0,68
288,19,288,0,1,0,48
289,0,289,0,0,0,35
289,1,289,0,0,0,39
289,2,289,0,0,0,37
289,3,289,0,0,0,71
289,4,289,0,0,0,47
289,5,289,0,0,0,53
289,6,289,0,0,0,40
289,7,289,0,0,0,28
289,8,289,0,0,0,39
289,9,289,0,0,0,67
289,10,289,0,1,0,101
289,11,289,0,1,0,42
289,12,289,0,1,0,46
289,13,289,0,1,0,32
289,14,289,0,1,0,29
289,15,289,0,1,0,77
289,16,289,0,1,0,50
289,17,289,0,1,0,66
289,18,289,0,1,0,38
289,19,289,0,1,0,40
290,0,290,0,0,0,52
290,1,290,0,0,0,43
290,2,290,0,0,0,25
290,3,290,0,0,0,95
290,4,290,0,0,0,51
290,5,290,0,0,0,67
290,6,290,0,0,0,45
290,7,290,0,0,0,84
290,8,290,0,0,0,68
290,9,290,0,0,0,31
290,10,290,0,1,0,53
290,11,290,0,1,0,64
290,12,290,0,1,0,52
290,13,290,0,1,0,22
290,14,290,0,1,0,66
290,15,290,0,1,0,34
290,16,290,0,1,0,38
290,17,290,0,1,0,44
290,18,290,0,1,0,37
290,19,290,0,1,0,55
291,0,291,0,0,0,26
291,1,291,0,0,0,51
291,2,291,0,0,0,67
291,3,291,0,0,0,53
291,4,291,0,0,0,61
291,5,291,0,0,0,71
291,6,291,0,0,0,62
291,7,291,0,0,0,44
291,8,291,0,0,0,62
291,9,291,0,0,0,43
291,10,291,0,1,0,60
291,11,291,0,1,0,46
291,12,291,0,1,0,47
291,13,291,0,1,0,73
291,14,291,0,1,0,50
291,15,291,0,1,0,60
291,16,291,0,1,0,84
291,17,291,0,1,0,27
291,18,291,0,1,0,53
291,19,291,0,1,0,44
292,0,292,0,0,0,29
292,1,292,0,0,0,41
292,2,292,0,0,0,38
292,3,292,0,0,0,40
292,4,292,0,0,0,31
292,5,292,0,0,0,70
292,6,292,0,0,0,54
292,7,292,0,0,0,30
292,8,292,0,0,0,52
292,9,292,0,0,0,59
292,10,292,0,1,0,33
292,11,292,0,1,0,33
292,12,292,0,1,0,52
292,13,292,0,1,0,22
292,14,292,0,1,0,41
292,15,292,0,1,0,30
292,16,292,0,1,0,37
292,17,292,0,1,0,45
292,18,292,0,1,0,56
292,19,292,0,1,0,40
293,0,293,0,0,0,32
293,1,293,0,0,0,82
293,2,293,0,0,0,38
293,3,293,0,0,0,46
293,4,293,0,0,0,29
293,5,293,0,0,0,60
293,6,293,0,0,0,52
293,7,293,0,0,0,33
293,8,293,0,0,0,33
293,9,293,0,0,0,65
293,10,293,0,1,0,62
293,11,293,0,1,0,47
293,12,293,0,1,0,47
293,13,293,0,1,0,70
293,14,293,0,1,0,28
293,15,293,0,1,0,51
293,16,293,0,1,0,73
293,17,293,0,1,0,30
293,18,293,0,1,0,45
293,19,293,0,1,0,29
294,0,294,0,0,0,67
294,1,294,0,0,0,66
294,2,294,0,0,0,74
294,3,294,0,0,0,62
294,4,294,0,0,0,76
294,5,294,0,0,0,65
294,6,294,0,0,0,50
294,7,294,0,0,0,59
294,8,294,0,0,0,52
294,9,294,0,0,0,63
294,10,294,0,1,0,26
294,11,294,0,1,0,26
294,12,294,0,1,0,35
294,13,294,0,1,0,52
294,14,294,0,1,0,34
294,15,294,0,1,0,46
294,16,294,0,1,0,26
294,17,294,0,1,0,34
294,18,294,0,1,0,58
294,19,294,0,1,0,61
295,0,295,0,0,0,45
295,1,295,0,0,0,37
295,2,295,0,0,0,29
295,3,295,0,0,0,68
295,4,295,0,0,0,44
295,5,295,0,0,0,37
295,6,295,0,0,0,76
295,7,295,0,0,0,73
295,8,295,0,0,0,27
295,9,295,0,0,0,39
295,10,295,0,1,0,57
295,11,295,0,1,0,37
295,12,295,0,1,0,47
295,13,295,0,1,0,75
295,14,295,0,1,0,24
295,15,295,0,1,0,60
295,16,295,0,1,0,60
295,17,295,0,1,0,62
295,18,295,0,1,0,71
295,19,295,0,1,0,49
296,0,296,0,0,0,55
296,1,296,0,0,0,48
296,2,296,0,0,0,42
296,3,296,0,0,0,30
296,4,296,0,0,0,43
296,5,296,0,0,0,45
296,6,296,0,0,0,26
296,7,296,0,0,0,45
296,8,296,0,0,0,31
296,9,296,0,0,0,49
296,10,296,0,1,0,46
296,11,296,0,1,0,69
296,12,296,0,1,0,46
296,13,296,0,1,0,65
296,14,296,0,1,0,55
296,15,296,0,1,0,59
296,16,296,0,1,0,40
296,17,296,0,1,0,53
296,18,296,0,1,0,62
296,19,296,0,1,0,32
297,0,297,0,0,0,52
297,1,297,0,0,0,27
297,2,297,0,0,0,40
297,3,297,0,0,0,37
297,4,297,0,0,0,50
297,5,297,0,0,0,64
297,6,297,0,0,0,30
297,7,297,0,0,0,79
297,8,297,0,0,0,58
297,9,297,0,0,0,72
297,10,297,0,1,0,32
297,11,297,0,1,0,33
297,12,297,0,1,0,38
297,13,297,0,1,0,47
297,14,297,0,1,0,18
297,15,297,0,1,0,24
297,16,297,0,1,0,42
297,17,297,0,1,0,41
297,18,297,0,1,0,63
297,19,297,0,1,0,37
298,0,298,0,0,0,47
298,1,298,0,0,0,39
298,2,298,0,0,0,52
298,3,298,0,0,0,51
298,4,298,0,0,0,31
298,5,298,0,0,0,78
298,6,298,0,0,0,41
298,7,298,0,0,0,27
298,8,298,0,0,0,62
298,9,298,0,0,0,48
298,10,298,0,1,0,68
298,11,298,0,1,0,35
298,12,298,0,1,0,49
298,13,298,0,1,0,40
298,14,298,0,1,0,48
298,15,298,0,1,0,31
298,16,298,0,1,0,43
298,17,298,0,1,0,38
298,18,298,0,1,0,35
298,19,298,0,1,0,79
299,0,299,0,0,0,26
299,1,299,0,0,0,57
299,2,299,0,0,0,44
299,3,299,0,0,0,57
299,4,299,0,0,0,64
299,5,299,0,0,0,53
299,6,299,0,0,0,52
299,7,299,0,0,0,26
299,8,299,0,0,0,37
299,9,299,0,0,0,48
299,10,299,0,1,0,48
299,11,299,0,1,0,55
299,12,299,0,1,0,28
299,13,299,0,1,0,52
299,14,299,0,1,0,42
299,15,299,0,1,0,42
299,16,299,0,1,0,51
299,17,299,0,1,0,39
299,18,299,0,1,0,34
299,19,299,0,1,0,70
300,0,300,0,0,0,39
300,1,300,0,0,0,59
300,2,300,0,0,0,48
300,3,300,0,0,0,53
300,4,300,0,0,0,62
300,5,300,0,0,0,97
300,6,300,0,0,0,40
300,7,300,0,0,0,58
300,8,300,0,0,0,93
300,9,300,0,0,0,59
300,10,300,0,1,0,57
300,11,300,0,1,0,39
300,12,300,0,1,0,33
300,13,300,0,1,0,37
300,14,300,0,1,0,48
300,15,300,0,1,0,39
300,16,300,0,1,0,43
300,17,300,0,1,0,56
300,18,300,0,1,0,39
300,19,300,0,1,0,62
301,0,301,0,0,0,45
301,1,301,0,0,0,86
301,2,301,0,0,0,59
301,3,301,0,0,0,53
301,4,301,0,0,0,46
301,5,301,0,0,0,58
301,6,301,0,0,0,58
301,7,301,0,0,0,54
301,8,301,0,0,0,43
301,9,301,0,0,0,37
301,10,301,0,1,0,51
301,11,301,0,1,0,51
301,12,301,0,1,0,64
301,13,301,0,1,0,32
301,14,301,0,1,0,44
301,15,301,0,1,0,83
301,16,301,0,1,0,51
301,17,301,0,1,0,62
301,18,301,0,1,0,75
301,19,301,0,1,0,45
302,0,302,0,0,0,50
302,1,302,0,0,0,46
302,2,302,0,0,0,77
302,3,302,0,0,0,76
302,4,302,0,0,0,61
302,5,302,0,0,0,32
302,6,302,0,0,0,50
302,7,302,0,0,0,49
302,8,302,0,0,0,45
302,9,302,0,0,0,61
302,10,302,0,1,0,36
302,11,302,0,1,0,32
302,12,302,0,1,0,46
302,13,302,0,1,0,41
302,14,302,0,1,0,37
302,15,302,0,1,0,60
302,16,302,0,1,0,34
302,17,302,0,1,0,30
302,18,302,0,1,0,57
302,19,302,0,1,0,88
303,0,303,0,0,0,36
303,1,303,0,0,0,45
303,2,303,0,0,0,67
303,3,303,0,0,0,45
303,4,303,0,0,0,47
303,5,303,0,0,0,37
303,6,303,0,0,0,104
303,7,303,0,0,0,50
303,8,303,0,0,0,58
303,9,303,0,0,0,32
303,10,303,0,1,0,61
303,11,303,0,1,0,37
303,12,303,0,1,0,48
303,13,303,0,1,0,52
303,14,303,0,1,0,36
303,15,303,0,1,0,69
303,16,303,0,1,0,83
303,17,303,0,1,0,46
303,18,303,0,1,0,69
303,19,303,0,1,0,30
304,0,304,0,0,0,80
304,1,304,0,0,0,63
304,2,304,0,0,0,44
304,3,304,0,0,0,76
304,4,304,0,0,0,59
304,5,304,0,0,0,35
304,6,304,0,0,0,43
304,7,304,0,0,0,59
304,8,304,0,0,0,50
304,9,304,0,0,0,51
304,10,304,0,1,0,44
304,11,304,0,1,0,50
304,12,304,0,1,0,52
304,13,304,0,1,0,66
304,14,304,0,1,0,55
304,15,304,0,1,0,43
304,16,304,0,1,0,39
304,17,304,0,1,0,53
304,18,304,0,1,0,57
304,19,304,0,1,0,36
305,0,305,0,0,0,66
305,1,305,0,0,0,32
305,2,305,0,0,0,64
305,3,305,0,0,0,81
305,4,305,0,0,0,40
305,5,305,0,0,0,50
305,6,305,0,0,0,41
305,7,305,0,0,0,38
305,8,305,0,0,0,49
305,9,305,0,0,0,37
305,10,305,0,1,0,33
305,11,305,0,1,0,53
305,12,305,0,1,0,50
305,13,305,0,1,0,45
305,14,305,0,1,0,62
305,15,305,0,1,0,53
305,16,305,0,1,0,26
305,17,305,0,1,0,29
305,18,305,0,1,0,57
305,19,305,0,1,0,85
306,0,306,0,0,0,89
306,1,306,0,0,0,77
306,2,306,0,0,0,60
306,3,306,0,0,0,50
306,4,306,0,0,0,26
306,5,306,0,0,0,50
306,6,306,0,0,0,72
306,7,306,0,0,0,59
306,8,306,0,0,0,67
306,9,306,0,0,0,69
306,10,306,0,1,0,87
306,11,306,0,1,0,43
306,12,306,0,1,0,88
306,13,306,0,1,0,60
306,14,306,0,1,0,66
306,15,306,0,1,0,29
306,16,306,0,1,0,56
306,17,306,0,1,0,54
306,18,306,0,1,0,54
306,19,306,0,1,0,55
307,0,307,0,0,0,71
307,1,307,0,0,0,59
307,2,307,0,0,0,48
307,3,307,0,0,0,61
307,4,307,0,0,0,45
307,5,307,0,0,0,32
307,6,307,0,0,0,56
307,7,307,0,0,0,71
307,8,307,0,0,0,64
307,9,307,0,0,0,36
307,10,307,0,1,0,52
307,11,307,0,1,0,37
307,12,307,0,1,0,44
307,13,307,0,1,0,64
307,14,307,0,1,0,53
307,15,307,0,1,0,75
307,16,307,0,1,0,50
307,17,307,0,1,0,26
307,18,307,0,1,0,51
307,19,307,0,1,0,39
308,0,308,0,0,0,70
308,1,308,0,0,0,45
308,2,308,0,0,0,62
308,3,308,0,0,0,59
308,4,308,0,0,0,82
308,5,308,0,0,0,43
308,6,308,0,0,0,78
308,7,308,0,0,0,75
308,8,308,0,0,0,63
308,9,308,0,0,0,43
308,10,308,0,1,0,80
308,11,308,0,1,0,33
308,12,308,0,1,0,58
308,13,308,0,1,0,49
308,14,308,0,1,0,44
308,15,308,0,1,0,54
308,16,308,0,1,0,74
308,17,308,0,1,0,70
308,18,308,0,1,0,76
308,19,308,0,1,0,42
309,0,309,0,0,0,65
309,1,309,0,0,0,52
309,2,309,0,0,0,39
309,3,309,0,0,0,49
309,4,309,0,0,0,33
309,5,309,0,0,0,38
309,6,309,0,0,0,55
309,7,309,0,0,0,48
309,8,309,0,0,0,70
309,9,309,0,0,0,89
309,10,309,0,1,0,47
309,11,309,0,1,0,65
309,12,309,0,1,0,73
309,13,309,0,1,0,73
309,14,309,0,1,0,50
309,15,309,0,1,0,33
309,16,309,0,1,0,55
309,17,309,0,1,0,42
309,18,309,0,1,0,42
309,19,309,0,1,0,56
310,0,310,0,0,0,44
310,1,310,0,0,0,54
310,2,310,0,0,0,65
310,3,310,0,0,0,79
310,4,310,0,0,0,58
310,5,310,0,0,0,40
310,6,310,0,0,0,66
310,7,310,0,0,0,73
310,8,310,0,0,0,81
310,9,310,0,0,0,54
310,10,310,0,1,0,51
310,11,310,0,1,0,54
310,12,310,0,1,0,45
310,13,310,0,1,0,52
310,14,310,0,1,0,91
310,15,310,0,1,0,58
310,16,310,0,1,0,78
310,17,310,0,1,0,71
310,18,310,0,1,0,49
310,19,310,0,1,0,70
311,0,311,0,0,0,38
311,1,311,0,0,0,73
311,2,311,0,0,0,42
311,3,311,0,0,0,62
311,4,311,0,0,0,66
311,5,311,0,0,0,48
311,6,311,0,0,0,50
311,7,311,0,0,0,62
311,8,311,0,0,0,38
311,9,311,0,0,0,58
311,10,311,0,1,0,58
311,11,311,0,1,0,105
311,12,311,0,1,0,48
311,13,311,0,1,0,45
311,14,311,0,1,0,90
311,15,311,0,1,0,42
311,16,311,0,1,0,27
311,17,311,0,1,0,69
311,18,311,0,1,0,49
311,19,311,0,1,0,139
312,0,312,0,0,0,66
312,1,312,0,0,0,66
312,2,312,0,0,0,31
312,3,312,0,0,0,26
312,4,312,0,0,0,57
312,5,312,0,0,0,49
312,6,312,0,0,0,54
312,7,312,0,0,0,38
312,8,312,0,0,0,58
312,9,312,0,0,0,55
312,10,312,0,1,0,28
312,11,312,0,1,0,70
312,12,312,0,1,0,49
312,13,312,0,1,0,58
312,14,312,0,1,0,56
312,15,312,0,1,0,48
312,16,312,0,1,0,50
312,17,312,0,1,0,42
312,18,312,0,1,0,93
312,19,312,0,1,0,57
313,0,313,0,0,0,60
313,1,313,0,0,0,27
313,2,313,0,0,0,44
313,3,313,0,0,0,44
313,4,313,0,0,0,53
313,5,313,0,0,0,77
313,6,313,0,0,0,53
313,7,313,0,0,0,36
313,8,313,0,0,0,77
313,9,313,0,0,0,41
313,10,313,0,1,0,50
313,11,313,0,1,0,63
313,12,313,0,1,0,50
313,13,313,0,1,0,86
313,14,313,0,1,0,71
313,15,313,0,1,0,79
313,16,313,0,1,0,62
313,17,313,0,1,0,131
313,18,313,0,1,0,69
313,19,313,0,1,0,42
314,0,314,0,0,0,36
314,1,314,0,0,0,77
314,2,314,0,0,0,74
314,3,314,0,0,0,61
314,4,314,0,0,0,64
314,5,314,0,0,0,45
314,6,314,0,0,0,49
314,7,314,0,0,0,77
314,8,314,0,0,0,23
314,9,314,0,0,0,95
314,10,314,0,1,0,62
314,11,314,0,1,0,44
314,12,314,0,1,0,61
314,13,314,0,1,0,58
314,14,314,0,1,0,36
314,15,314,0,1,0,43
314,16,314,0,1,0,70
314,17,314,0,1,0,56
314,18,314,0,1,0,124
314,19,314,0,1,0,44
315,0,315,0,0,0,65
315,1,315,0,0,0,55
315,2,315,0,0,0,53
315,3,315,0,0,0,79
315,4,315,0,0,0,51
315,5,315,0,0,0,47
315,6,315,0,0,0,47
315,7,315,0,0,0,64
315,8,315,0,0,0,72
315,9,315,0,0,0,63
315,10,315,0,1,0,35
315,11,315,0,1,0,60
315,12,315,0,1,0,33
315,13,315,0,1,0,37
315,14,315,0,1,0,26
315,15,315,0,1,0,42
315,16,315,0,1,0,40
315,17,315,0,1,0,49
315,18,315,0,1,0,104
315,19,315,0,1,0,54
316,0,316,0,0,0,61
316,1,316,0,0,0,48
316,2,316,0,0,0,53
316,3,316,0,0,0,71
316,4,316,0,0,0,54
316,5,316,0,0,0,126
316,6,316,0,0,0,58
316,7,316,0,0,0,35
316,8,316,0,0,0,60
316,9,316,0,0,0,71
316,10,316,0,1,0,53
316,11,316,0,1,0,62
316,12,316,0,1,0,26
316,13,316,0,1,0,59
316,14,316,0,1,0,78
316,15,316,0,1,0,52
316,16,316,0,1,0,91
316,17,316,0,1,0,40
316,18,316,0,1,0,55
316,19,316,0,1,0,77
317,0,317,0,0,0,71
317,1,317,0,0,0,81
317,2,317,0,0,0,32
317,3,317,0,0,0,56
317,4,317,0,0,0,95
317,5,317,0,0,0,52
317,6,317,0,0,0,42
317,7,317,0,0,0,70
317,8,317,0,0,0,43
317,9,317,0,0,0,84
317,10,317,0,1,0,36
317,11,317,0,1,0,119
317,12,317,0,1,0,59
317,13,317,0,1,0,81
317,14,317,0,1,0,22
317,15,317,0,1,0,47
317,16,317,0,1,0,68
317,17,317,0,1,0,37
317,18,317,0,1,0,63
317,19,317,0,1,0,51
318,0,318,0,0,0,80
318,1,318,0,0,0,104
318,2,318,0,0,0,64
318,3,318,0,0,0,43
318,4,318,0,0,0,39
318,5,318,0,0,0,48
318,6,318,0,0,0,84
318,7,318,0,0,0,51
318,8,318,0,0,0,69
318,9,318,0,0,0,75
318,10,318,0,1,0,76
318,11,318,0,1,0,42
318,12,318,0,1,0,49
318,13,318,0,1,0,56
318,14,318,0,1,0,86
318,15,318,0,1,0,66
318,16,318,0,1,0,60
318,17,318,0,1,0,67
318,18,318,0,1,0,31
318,19,318,0,1,0,43
319,0,319,0,0,0,39
319,1,319,0,0,0,62
319,2,319,0,0,0,34
319,3,319,0,0,0,76
319,4,319,0,0,0,72
319,5,319,0,0,0,49
319,6,319,0,0,0,74
319,7,319,0,0,0,62
319,8,319,0,0,0,64
319,9,319,0,0,0,50
319,10,319,0,1,0,49
319,11,319,0,1,0,64
319,12,319,0,1,0,33
319,13,319,0,1,0,65
319,14,319,0,1,0,51
319,15,319,0,1,0,45
319,16,319,0,1,0,116
319,17,319,0,1,0,33
319,18,319,0,1,0,53
319,19,319,0,1,0,38
320,0,320,0,0,0,57
320,1,320,0,0,0,53
320,2,320,0,0,0,90
320,3,320,0,0,0,57
320,4,320,0,0,0,54
320,5,320,0,0,0,51
320,6,320,0,0,0,46
320,7,320,0,0,0,65
320,8,320,0,0,0,65
320,9,320,0,0,0,92
320,10,320,0,1,0,71
320,11,320,0,1,0,45
320,12,320,0,1,0,33
320,13,320,0,1,0,47
320,14,320,0,1,0,83
320,15,320,0,1,0,46
320,16,320,0,1,0,49
320,17,320,0,1,0,46
320,18,320,0,1,0,47
320,19,320,0,1,0,44
321,0,321,0,0,0,69
321,1,321,0,0,0,45
321,2,321,0,0,0,67
321,3,321,0,0,0,52
321,4,321,0,0,0,45
321,5,321,0,0,0,96
321,6,321,0,0,0,75
321,7,321,0,0,0,50
321,8,321,0,0,0,56
321,9,321,0,0,0,65
321,10,321,0,1,0,50
321,11,321,0,1,0,47
321,12,321,0,1,0,52
321,13,321,0,1,0,75
321,14,321,0,1,0,97
321,15,321,0,1,0,61
321,16,321,0,1,0,67
321,17,321,0,1,0,77
321,18,321,0,1,0,96
321,19,321,0,1,0,62
322,0,322,0,0,0,48
322,1,322,0,0,0,53
322,2,322,0,0,0,76
322,3,322,0,0,0,90
322,4,322,0,0,0,48
322,5,322,0,0,0,77
322,6,322,0,0,0,41
322,7,322,0,0,0,72
322,8,322,0,0,0,47
322,9,322,0,0,0,35
322,10,322,0,1,0,43
322,11,322,0,1,0,78
322,12,322,0,1,0,99
322,13,322,0,1,0,78
322,14,322,0,1,0,111
322,15,322,0,1,0,78
322,16,322,0,1,0,52
322,17,322,0,1,0,45
322,18,322,0,1,0,48
322,19,322,0,1,0,84
323,0,323,0,0,0,34
323,1,323,0,0,0,113
323,2,323,0,0,0,82
323,3,323,0,0,0,64
323,4,323,0,0,0,45
323,5,323,0,0,0,59
323,6,323,0,0,0,66
323,7,323,0,0,0,70
323,8,323,0,0,0,55
323,9,323,0,0,0,94
323,10,323,0,1,0,53
323,11,323,0,1,0,96
323,12,323,0,1,0,34
323,13,323,0,1,0,44
323,14,323,0,1,0,38
323,15,323,0,1,0,72
323,16,323,0,1,0,102
323,17,323,0,1,0,56
323,18,323,0,1,0,56
323,19,323,0,1,0,69
324,0,324,0,0,0,57
324,1,324,0,0,0,70
324,2,324,0,0,0,65
324,3,324,0,0,0,54
324,4,324,0,0,0,56
324,5,324,0,0,0,45
324,6,324,0,0,0,89
324,7,324,0,0,0,43
324,8,324,0,0,0,61
324,9,324,0,0,0,51
324,10,324,0,1,0,86
324,11,324,0,1,0,70
324,12,324,0,1,0,55
324,13,324,0,1,0,79
324,14,324,0,1,0,35
324,15,324,0,1,0,60
324,16,324,0,1,0,55
324,17,324,0,1,0,80
324,18,324,0,1,0,95
324,19,324,0,1,0,42
325,0,325,0,0,0,66
325,1,325,0,0,0,58
325,2,325,0,0,0,81
325,3,325,0,0,0,61
325,4,325,0,0,0,69
325,5,325,0,0,0,81
325,6,325,0,0,0,78
325,7,325,0,0,0,63
325,8,325,0,0,0,79
325,9,325,0,0,0,51
325,10,325,0,1,0,40
325,11,325,0,1,0,49
325,12,325,0,1,0,24
325,13,325,0,1,0,49
325,14,325,0,1,0,59
325,15,325,0,1,0,69
325,16,325,0,1,0,78
325,17,325,0,1,0,82
325,18,325,0,1,0,47
325,19,325,0,1,0,41
326,0,326,0,0,0,46
326,1,326,0,0,0,46
326,2,326,0,0,0,71
326,3,326,0,0,0,93
326,4,326,0,0,0,54
326,5,326,0,0,0,38
326,6,326,0,0,0,89
326,7,326,0,0,0,94
326,8,326,0,0,0,114
326,9,326,0,0,0,34
326,10,326,0,1,0,59
326,11,326,0,1,0,39
326,12,326,0,1,0,88
326,13,326,0,1,0,43
326,14,326,0,1,0,39
326,15,326,0,1,0,77
326,16,326,0,1,0,94
326,17,326,0,1,0,77
326,18,326,0,1,0,43
326,19,326,0,1,0,72
327,0,327,0,0,0,52
327,1,327,0,0,0,60
327,2,327,0,0,0,39
327,3,327,0,0,0,75
327,4,327,0,0,0,68
327,5,327,0,0,0,54
327,6,327,0,0,0,58
327,7,327,0,0,0,49
327,8,327,0,0,0,65
327,9,327,0,0,0,58
327,10,327,0,1,0,54
327,11,327,0,1,0,82
327,12,327,0,1,0,49
327,13,327,0,1,0,61
327,14,327,0,1,0,59
327,15,327,0,1,0,63
327,16,327,0,1,0,77
327,17,327,0,1,0,95
327,18,327,0,1,0,46
327,19,327,0,1,0,52
328,0,328,0,0,0,82
328,1,328,0,0,0,77
328,2,328,0,0,0,88
328,3,328,0,0,0,91
328,4,328,0,0,0,104
328,5,328,0,0,0,60
328,6,328,0,0,0,28
328,7,328,0,0,0,66
328,8,328,0,0,0,53
328,9,328,0,0,0,38
328,10,328,0,1,0,90
328,11,328,0,1,0,92
328,12,328,0,1,0,74
328,13,328,0,1,0,101
328,14,328,0,1,0,58
328,15,328,0,1,0,43
328,16,328,0,1,0,83
328,17,328,0,1,0,65
328,18,328,0,1,0,73
328,19,328,0,1,0,91
329,0,329,0,0,0,40
329,1,329,0,0,0,53
329,2,329,0,0,0,57
329,3,329,0,0,0,66
329,4,329,0,0,0,54
329,5,329,0,0,0,60
329,6,329,0,0,0,60
329,7,329,0,0,0,65
329,8,329,0,0,0,38
329,9,329,0,0,0,36
329,10,329,0,1,0,34
329,11,329,0,1,0,40
329,12,329,0,1,0,48
329,13,329,0,1,0,56
329,14,329,0,1,0,77
329,15,329,0,1,0,37
329,16,329,0,1,0,77
329,17,329,0,1,0,64
329,18,329,0,1,0,122
329,19,329,0,1,0,42
330,0,330,0,0,0,47
330,1,330,0,0,0,59
330,2,330,0,0,0,52
330,3,330,0,0,0,64
330,4,330,0,0,0,62
330,5,330,0,0,0,114
330,6,330,0,0,0,136
330,7,330,0,0,0,31
330,8,330,0,0,0,56
330,9,330,0,0,0,36
330,10,330,0,1,0,37
330,11,330,0,1,0,42
330,12,330,0,1,0,49
330,13,330,0,1,0,65
330,14,330,0,1,0,48
330,15,330,0,1,0,108
330,16,330,0,1,0,77
330,17,330,0,1,0,108
330,18,330,0,1,0,87
330,19,330,0,1,0,91
331,0,331,0,0,0,41
331,1,331,0,0,0,55
331,2,331,0,0,0,109
331,3,331,0,0,0,84
331,4,331,0,0,0,42
331,5,331,0,0,0,64
331,6,331,0,0,0,77
331,7,331,0,0,0,38
331,8,331,0,0,0,77
331,9,331,0,0,0,56
331,10,331,0,1,0,55
331,11,331,0,1,0,57
331,12,331,0,1,0,79
331,13,331,0,1,0,61
331,14,331,0,1,0,68
331,15,331,0,1,0,50
331,16,331,0,1,0,52
331,17,331,0,1,0,57
331,18,331,0,1,0,39
331,19,331,0,1,0,93
332,0,332,0,0,0,55
332,1,332,0,0,0,38
332,2,332,0,0,0,62
332,3,332,0,0,0,123
332,4,332,0,0,0,89
332,5,332,0,0,0,76
332,6,332,0,0,0,40
332,7,332,0,0,0,46
332,8,332,0,0,0,72
332,9,332,0,0,0,72
332,10,332,0,1,0,54
332,11,332,0,1,0,68
332,12,332,0,1,0,52
332,13,332,0,1,0,37
332,14,332,0,1,0,85
332,15,332,0,1,0,30
332,16,332,0,1,0,91
332,17,332,0,1,0,65
332,18,332,0,1,0,61
332,19,332,0,1,0,64
333,0,333,0,0,0,85
333,1,333,0,0,0,73
333,2,333,0,0,0,85
333,3,333,0,0,0,67
333,4,333,0,0,0,111
333,5,333,0,0,0,71
333,6,333,0,0,0,37
333,7,333,0,0,0,46
333,8,333,0,0,0,53
333,9,333,0,0,0,44
333,10,333,0,1,0,66
333,11,333,0,1,0,84
333,12,333,0,1,0,60
333,13,333,0,1,0,74
333,14,333,0,1,0,58
333,15,333,0,1,0,34
333,16,333,0,1,0,46
333,17,333,0,1,0,77
333,18,333,0,1,0,81
333,19,333,0,1,0,79
334,0,334,0,0,0,71
334,1,334,0,0,0,44
334,2,334,0,0,0,68
334,3,334,0,0,0,45
334,4,334,0,0,0,70
334,5,334,0,0,0,97
334,6,334,0,0,0,62
334,7,334,0,0,0,67
334,8,334,0,0,0,82
334,9,334,0,0,0,86
334,10,334,0,1,0,58
334,11,334,0,1,0,146
334,12,334,0,1,0,93
334,13,334,0,1,0,83
334,14,334,0,1,0,44
334,15,334,0,1,0,84
334,16,334,0,1,0,66
334,17,334,0,1,0,54
334,18,334,0,1,0,78
334,19,334,0,1,0,75
335,0,335,0,0,0,72
335,1,335,0,0,0,85
335,2,335,0,0,0,84
335,3,335,0,0,0,53
335,4,335,0,0,0,51
335,5,335,0,0,0,83
335,6,335,0,0,0,36
335,7,335,0,0,0,62
335,8,335,0,0,0,43
335,9,335,0,0,0,91
335,10,335,0,1,0,53
335,11,335,0,1,0,44
335,12,335,0,1,0,91
335,13,335,0,1,0,88
335,14,335,0,1,0,49
335,15,335,0,1,0,86
335,16,335,0,1,0,53
335,17,335,0,1,0,55
335,18,335,0,1,0,58
335,19,335,0,1,0,32
336,0,336,0,0,0,58
336,1,336,0,0,0,75
336,2,336,0,0,0,115
336,3,336,0,0,0,67
336,4,336,0,0,0,57
336,5,336,0,0,0,163
336,6,336,0,0,0,66
336,7,336,0,0,0,136
336,8,336,0,0,0,47
336,9,336,0,0,0,66
336,10,336,0,1,0,55
336,11,336,0,1,0,117
336,12,336,0,1,0,96
336,13,336,0,1,0,44
336,14,336,0,1,0,48
336,15,336,0,1,0,32
336,16,336,0,1,0,57
336,17,336,0,1,0,38
336,18,336,0,1,0,64
336,19,336,0,1,0,48
337,0,337,0,0,0,51
337,1,337,0,0,0,93
337,2,337,0,0,0,66
337,3,337,0,0,0,111
337,4,337,0,0,0,60
337,5,337,0,0,0,60
337,6,337,0,0,0,56
337,7,337,0,0,0,50
337,8,337,0,0,0,83
337,9,337,0,0,0,70
337,10,337,0,1,0,58
337,11,337,0,1,0,60
337,12,337,0,1,0,56
337,13,337,0,1,0,80
337,14,337,0,1,0,55
337,15,337,0,1,0,58
337,16,337,0,1,0,64
337,17,337,0,1,0,84
337,18,337,0,1,0,66
337,19,337,0,1,0,62
338,0,338,0,0,0,71
338,1,338,0,0,0,88
338,2,338,0,0,0,52
338,3,338,0,0,0,65
338,4,338,0,0,0,69
338,5,338,0,0,0,41
338,6,338,0,0,0,52
338,7,338,0,0,0,57
338,8,338,0,0,0,99
338,9,338,0,0,0,69
338,10,338,0,1,0,71
338,11,338,0,1,0,52
338,12,338,0,1,0,42
338,13,338,0,1,0,71
338,14,338,0,1,0,63
338,15,338,0,1,0,114
338,16,338,0,1,0,53
338,17,338,0,1,0,87
338,18,338,0,1,0,84
338,19,338,0,1,0,80
339,0,339,0,0,0,72
339,1,339,0,0,0,67
339,2,339,0,0,0,92
339,3,339,0,0,0,142
339,4,339,0,0,0,59
339,5,339,0,0,0,52
339,6,339,0,0,0,94
339,7,339,0,0,0,118
339,8,339,0,0,0,65
339,9,339,0,0,0,62
339,10,339,0,1,0,43
339,11,339,0,1,0,61
339,12,339,0,1,0,44
339,13,339,0,1,0,60
339,14,339,0,1,0,86
339,15,339,0,1,0,93
339,16,339,0,1,0,62
339,17,339,0,1,0,67
339,18,339,0,1,0,68
339,19,339,0,1,0,84
340,0,340,0,0,0,74
340,1,340,0,0,0,48
340,2,340,0,0,0,72
340,3,340,0,0,0,105
340,4,340,0,0,0,109
340,5,340,0,0,0,91
340,6,340,0,0,0,57
340,7,340,0,0,0,35
340,8,340,0,0,0,101
340,9,340,0,0,0,48
340,10,340,0,1,0,80
340,11,340,0,1,0,57
340,12,340,0,1,0,48
340,13,340,0,1,0,78
340,14,340,0,1,0,38
340,15,340,0,1,0,78
340,16,340,0,1,0,45
340,17,340,0,1,0,56
340,18,340,0,1,0,29
340,19,340,0,1,0,47
341,0,341,0,0,0,45
341,1,341,0,0,0,46
341,2,341,0,0,0,45
341,3,341,0,0,0,83
341,4,341,0,0,0,58
341,5,341,0,0,0,84
341,6,341,0,0,0,67
341,7,341,0,0,0,74
341,8,341,0,0,0,111
341,9,341,0,0,0,71
341,10,341,0,1,0,87
341,11,341,0,1,0,75
341,12,341,0,1,0,52
341,13,341,0,1,0,80
341,14,341,0,1,0,129
341,15,341,0,1,0,37
341,16,341,0,1,0,50
341,17,341,0,1,0,52
341,18,341,0,1,0,79
341,19,341,0,1,0,70
342,0,342,0,0,0,152
342,1,342,0,0,0,58
342,2,342,0,0,0,60
342,3,342,0,0,0,50
342,4,342,0,0,0,44
342,5,342,0,0,0,31
342,6,342,0,0,0,73
342,7,342,0,0,0,59
342,8,342,0,0,0,67
342,9,342,0,0,0,74
342,10,342,0,1,0,88
342,11,342,0,1,0,66
342,12,342,0,1,0,58
342,13,342,0,1,0,43
342,14,342,0,1,0,87
342,15,342,0,1,0,127
342,16,342,0,1,0,58
342,17,342,0,1,0,63
342,18,342,0,1,0,61
342,19,342,0,1,0,84
343,0,343,0,0,0,165
343,1,343,0,0,0,79
343,2,343,0,0,0,125
343,3,343,0,0,0,50
343,4,343,0,0,0,47
343,5,343,0,0,0,65
343,6,343,0,0,0,152
343,7,343,0,0,0,107
343,8,343,0,0,0,61
343,9,343,0,0,0,83
343,10,343,0,1,0,65
343,11,343,0,1,0,99
343,12,343,0,1,0,49
343,13,343,0,1,0,95
343,14,343,0,1,0,42
343,15,343,0,1,0,102
343,16,343,0,1,0,73
343,17,343,0,1,0,45
343,18,343,0,1,0,98
343,19,343,0,1,0,78
344,0,344,0,0,0,45
344,1,344,0,0,0,89
344,2,344,0,0,0,118
344,3,344,0,0,0,73
344,4,344,0,0,0,72
344,5,344,0,0,0,69
344,6,344,0,0,0,65
344,7,344,0,0,0,64
344,8,344,0,0,0,91
344,9,344,0,0,0,48
344,10,344,0,1,0,55
344,11,344,0,1,0,80
344,12,344,0,1,0,40
344,13,344,0,1,0,54
344,14,344,0,1,0,73
344,15,344,0,1,0,66
344,16,344,0,1,0,93
344,17,344,0,1,0,99
344,18,344,0,1,0,71
344,19,344,0,1,0,57
345,0,345,0,0,0,45
345,1,345,0,0,0,61
345,2,345,0,0,0,73
345,3,345,0,0,0,79
345,4,345,0,0,0,80
345,5,345,0,0,0,85
345,6,345,0,0,0,107
345,7,345,0,0,0,70
345,8,345,0,0,0,120
345,9,345,0,0,0,111
345,10,345,0,1,0,67
345,11,345,0,1,0,98
345,12,345,0,1,0,66
345,13,345,0,1,0,102
345,14,345,0,1,0,51
345,15,345,0,1,0,83
345,16,345,0,1,0,69
345,17,345,0,1,0,62
345,18,345,0,1,0,57
345,19,345,0,1,0,68
346,0,346,0,0,0,45
346,1,346,0,0,0,43
346,2,346,0,0,0,76
346,3,346,0,0,0,82
346,4,346,0,0,0,77
346,5,346,0,0,0,89
346,6,346,0,0,0,104
346,7,346,0,0,0,67
346,8,346,0,0,0,73
346,9,346,0,0,0,64
346,10,346,0,1,0,64
346,11,346,0,1,0,47
346,12,346,0,1,0,109
346,13,346,0,1,0,60
346,14,346,0,1,0,117
346,15,346,0,1,0,56
346,16,346,0,1,0,116
346,17,346,0,1,0,68
346,18,346,0,1,0,70
346,19,346,0,1,0,92
347,0,347,0,0,0,78
347,1,347,0,0,0,52
347,2,347,0,0,0,65
347,3,347,0,0,0,74
347,4,347,0,0,0,74
347,5,347,0,0,0,72
347,6,347,0,0,0,58
347,7,347,0,0,0,169
347,8,347,0,0,0,37
347,9,347,0,0,0,67
347,10,347,0,1,0,80
347,11,347,0,1,0,61
347,12,347,0,1,0,51
347,13,347,0,1,0,119
347,14,347,0,1,0,80
347,15,347,0,1,0,67
347,16,347,0,1,0,60
347,17,347,0,1,0,47
347,18,347,0,1,0,89
347,19,347,0,1,0,76
348,0,348,0,0,0,110
348,1,348,0,0,0,101
348,2,348,0,0,0,60
348,3,348,0,0,0,91
348,4,348,0,0,0,92
348,5,348,0,0,0,59
348,6,348,0,0,0,54
348,7,348,0,0,0,67
348,8,348,0,0,0,84
348,9,348,0,0,0,65
348,10,348,0,1,0,56
348,11,348,0,1,0,58
348,12,348,0,1,0,90
348,13,348,0,1,0,95
348,14,348,0,1,0,133
348,15,348,0,1,0,51
348,16,348,0,1,0,44
348,17,348,0,1,0,61
348,18,348,0,1,0,106
348,19,348,0,1,0,90
349,0,349,0,0,0,41
349,1,349,0,0,0,87
349,2,349,0,0,0,99
349,3,349,0,0,0,110
349,4,349,0,0,0,36
349,5,349,0,0,0,61
349,6,349,0,0,0,88
349,7,349,0,0,0,48
349,8,349,0,0,0,56
349,9,349,0,0,0,56
349,10,349,0,1,0,52
349,11,349,0,1,0,80
349,12,349,0,1,0,73
349,13,349,0,1,0,83
349,14,349,0,1,0,73
349,15,349,0,1,0,87
349,16,349,0,1,0,55
349,17,349,0,1,0,69
349,18,349,0,1,0,72
349,19,349,0,1,0,94
350,0,350,0,0,0,35
350,1,350,0,0,0,78
350,2,350,0,0,0,127
350,3,350,0,0,0,39
350,4,350,0,0,0,68
350,5,350,0,0,0,107
350,6,350,0,0,0,66
350,7,350,0,0,0,69
350,8,350,0,0,0,55
350,9,350,0,0,0,92
350,10,350,0,1,0,73
350,11,350,0,1,0,98
350,12,350,0,1,0,33
350,13,350,0,1,0,38
350,14,350,0,1,0,43
350,15,350,0,1,0,84
350,16,350,0,1,0,100
350,17,350,0,1,0,45
350,18,350,0,1,0,52
350,19,350,0,1,0,53
351,0,351,0,0,0,67
351,1,351,0,0,0,85
351,2,351,0,0,0,88
351,3,351,0,0,0,71
351,4,351,0,0,0,35
351,5,351,0,0,0,74
351,6,351,0,0,0,119
351,7,351,0,0,0,72
351,8,351,0,0,0,48
351,9,351,0,0,0,54
351,10,351,0,1,0,108
351,11,351,0,1,0,60
351,12,351,0,1,0,51
351,13,351,0,1,0,48
351,14,351,0,1,0,88
351,15,351,0,1,0,56
351,16,351,0,1,0,61
351,17,351,0,1,0,74
351,18,351,0,1,0,82
351,19,351,0,1,0,85
352,0,352,0,0,0,57
352,1,352,0,0,0,71
352,2,352,0,0,0,56
352,3,352,0,0,0,84
352,4,352,0,0,0,102
352,5,352,0,0,0,23
352,6,352,0,0,0,48
352,7,352,0,0,0,58
352,8,352,0,0,0,61
352,9,352,0,0,0,84
352,10,352,0,1,0,55
352,11,352,0,1,0,52
352,12,352,0,1,0,67
352,13,352,0,1,0,31
352,14,352,0,1,0,48
352,15,352,0,1,0,59
352,16,352,0,1,0,51
352,17,352,0,1,0,48
352,18,352,0,1,0,75
352,19,352,0,1,0,104
353,0,353,0,0,0,132
353,1,353,0,0,0,98
353,2,353,0,0,0,61
353,3,353,0,0,0,73
353,4,353,0,0,0,40
353,5,353,0,0,0,84
353,6,353,0,0,0,53
353,7,353,0,0,0,99
353,8,353,0,0,0,51
353,9,353,0,0,0,50
353,10,353,0,1,0,48
353,11,353,0,1,0,117
353,12,353,0,1,0,58
353,13,353,0,1,0,71
353,14,353,0,1,0,65
353,15,353,0,1,0,81
353,16,353,0,1,0,85
353,17,353,0,1,0,137
353,18,353,0,1,0,71
353,19,353,0,1,0,88
354,0,354,0,0,0,43
354,1,354,0,0,0,115
354,2,354,0,0,0,52
354,3,354,0,0,0,111
354,4,354,0,0,0,97
354,5,354,0,0,0,139
354,6,354,0,0,0,82
354,7,354,0,0,0,169
354,8,354,0,0,0,81
354,9,354,0,0,0,83
354,10,354,0,1,0,57
354,11,354,0,1,0,38
354,12,354,0,1,0,76
354,13,354,0,1,0,70
354,14,354,0,1,0,39
354,15,354,0,1,0,76
354,16,354,0,1,0,70
354,17,354,0,1,0,130
354,18,354,0,1,0,72
354,19,354,0,1,0,53
355,0,355,0,0,0,89
355,1,355,0,0,0,123
355,2,355,0,0,0,85
355,3,355,0,0,0,66
355,4,355,0,0,0,92
355,5,355,0,0,0,55
355,6,355,0,0,0,113
355,7,355,0,0,0,54
355,8,355,0,0,0,64
355,9,355,0,0,0,61
355,10,355,0,1,0,55
355,11,355,0,1,0,52
355,12,355,0,1,0,65
355,13,355,0,1,0,82
355,14,355,0,1,0,78
355,15,355,0,1,0,100
355,16,355,0,1,0,49
355,17,355,0,1,0,103
355,18,355,0,1,0,73
355,19,355,0,1,0,76
356,0,356,0,0,0,63
356,1,356,0,0,0,128
356,2,356,0,0,0,59
356,3,356,0,0,0,42
356,4,356,0,0,0,88
356,5,356,0,0,0,62
356,6,356,0,0,0,66
356,7,356,0,0,0,131
356,8,356,0,0,0,51
356,9,356,0,0,0,63
356,10,356,0,1,0,46
356,11,356,0,1,0,52
356,12,356,0,1,0,104
356,13,356,0,1,0,82
356,14,356,0,1,0,76
356,15,356,0,1,0,52
356,16,356,0,1,0,62
356,17,356,0,1,0,60
356,18,356,0,1,0,106
356,19,356,0,1,0,52
357,0,357,0,0,0,82
357,1,357,0,0,0,70
357,2,357,0,0,0,56
357,3,357,0,0,0,77
357,4,357,0,0,0,85
357,5,357,0,0,0,123
357,6,357,0,0,0,64
357,7,357,0,0,0,38
357,8,357,0,0,0,103
357,9,357,0,0,0,66
357,10,357,0,1,0,87
357,11,357,0,1,0,53
357,12,357,0,1,0,51
357,13,357,0,1,0,70
357,14,357,0,1,0,85
357,15,357,0,1,0,53
357,16,357,0,1,0,106
357,17,357,0,1,0,64
357,18,357,0,1,0,91
357,19,357,0,1,0,69
358,0,358,0,0,0,87
358,1,358,0,0,0,71
358,2,358,0,0,0,82
358,3,358,0,0,0,49
358,4,358,0,0,0,70
358,5,358,0,0,0,149
358,6,358,0,0,0,71
358,7,358,0,0,0,84
358,8,358,0,0,0,78
358,9,358,0,0,0,88
358,10,358,0,1,0,131
358,11,358,0,1,0,64
358,12,358,0,1,0,80
358,13,358,0,1,0,61
358,14,358,0,1,0,103
358,15,358,0,1,0,55
358,16,358,0,1,0,46
358,17,358,0,1,0,121
358,18,358,0,1,0,55
358,19,358,0,1,0,130
359,0,359,0,0,0,100
359,1,359,0,0,0,52
359,2,359,0,0,0,74
359,3,359,0,0,0,97
359,4,359,0,0,0,62
359,5,359,0,0,0,89
359,6,359,0,0,0,70
359,7,359,0,0,0,73
359,8,359,0,0,0,53
359,9,359,0,0,0,66
359,10,359,0,1,0,117
359,11,359,0,1,0,88
359,12,359,0,1,0,55
359,13,359,0,1,0,77
359,14,359,0,1,0,134
359,15,359,0,1,0,79
359,16,359,0,1,0,48
359,17,359,0,1,0,80
359,18,359,0,1,0,116
359,19,359,0,1,0,112
360,0,360,0,0,0,84
360,1,360,0,0,0,50
360,2,360,0,0,0,78
360,3,360,0,0,0,72
360,4,360,0,0,0,52
360,5,360,0,0,0,73
360,6,360,0,0,0,107
360,7,360,0,0,0,120
360,8,360,0,0,0,37
360,9,360,0,0,0,80
360,10,360,0,1,0,106
360,11,360,0,1,0,94
360,12,360,0,1,0,95
360,13,360,0,1,0,79
360,14,360,0,1,0,75
360,15,360,0,1,0,86
360,16,360,0,1,0,57
360,17,360,0,1,0,41
360,18,360,0,1,0,103
360,19,360,0,1,0,68
361,0,361,0,0,0,48
361,1,361,0,0,0,80
361,2,361,0,0,0,72
361,3,361,0,0,0,124
361,4,361,0,0,0,76
361,5,361,0,0,0,110
361,6,361,0,0,0,92
361,7,361,0,0,0,94
361,8,361,0,0,0,85
361,9,361,0,0,0,99
361,10,361,0,1,0,130
361,11,361,0,1,0,90
361,12,361,0,1,0,89
361,13,361,0,1,0,51
361,14,361,0,1,0,53
361,15,361,0,1,0,67
361,16,361,0,1,0,50
361,17,361,0,1,0,70
361,18,361,0,1,0,107
361,19,361,0,1,0,82
362,0,362,0,0,0,25
362,1,362,0,0,0,67
362,2,362,0,0,0,47
362,3,362,0,0,0,63
362,4,362,0,0,0,65
362,5,362,0,0,0,90
362,6,362,0,0,0,60
362,7,362,0,0,0,150
362,8,362,0,0,0,109
362,9,362,0,0,0,56
362,10,362,0,1,0,96
362,11,362,0,1,0,88
362,12,362,0,1,0,88
362,13,362,0,1,0,81
362,14,362,0,1,0,97
362,15,362,0,1,0,67
362,16,362,0,1,0,62
362,17,362,0,1,0,93
362,18,362,0,1,0,126
362,19,362,0,1,0,94
363,0,363,0,0,0,93
363,1,363,0,0,0,78
363,2,363,0,0,0,119
363,3,363,0,0,0,157
363,4,363,0,0,0,116
363,5,363,0,0,0,109
363,6,363,0,0,0,76
363,7,363,0,0,0,65
363,8,363,0,0,0,107
363,9,363,0,0,0,45
363,10,363,0,1,0,47
363,11,363,0,1,0,134
363,12,363,0,1,0,113
363,13,363,0,1,0,99
363,14,363,0,1,0,130
363,15,363,0,1,0,89
363,16,363,0,1,0,59
363,17,363,0,1,0,87
363,18,363,0,1,0,40
363,19,363,0,1,0,70
364,0,364,0,0,0,66
364,1,364,0,0,0,67
364,2,364,0,0,0,134
364,3,364,0,0,0,70
364,4,364,0,0,0,68
364,5,364,0,0,0,44
364,6,364,0,0,0,63
364,7,364,0,0,0,58
364,8,364,0,0,0,76
364,9,364,0,0,0,122
364,10,364,0,1,0,53
364,11,364,0,1,0,58
364,12,364,0,1,0,51
364,13,364,0,1,0,94
364,14,364,0,1,0,50
364,15,364,0,1,0,47
364,16,364,0,1,0,58
364,17,364,0,1,0,99
364,18,364,0,1,0,73
364,19,364,0,1,0,64
365,0,365,0,0,0,87
365,1,365,0,0,0,58
365,2,365,0,0,0,129
365,3,365,0,0,0,42
365,4,365,0,0,0,108
365,5,365,0,0,0,90
365,6,365,0,0,0,78
365,7,365,0,0,0,72
365,8,365,0,0,0,71
365,9,365,0,0,0,68
365,10,365,0,1,0,89
365,11,365,0,1,0,67
365,12,365,0,1,0,133
365,13,365,0,1,0,71
365,14,365,0,1,0,88
365,15,365,0,1,0,82
365,16,365,0,1,0,74
365,17,365,0,1,0,89
365,18,365,0,1,0,62
365,19,365,0,1,0,81
366,0,366,0,0,0,99
366,1,366,0,0,0,64
366,2,366,0,0,0,69
366,3,366,0,0,0,112
366,4,366,0,0,0,85
366,5,366,0,0,0,94
366,6,366,0,0,0,59
366,7,366,0,0,0,73
366,8,366,0,0,0,76
366,9,366,0,0,0,84
366,10,366,0,1,0,61
366,11,366,0,1,0,75
366,12,366,0,1,0,82
366,13,366,0,1,0,64
366,14,366,0,1,0,85
366,15,366,0,1,0,86
366,16,366,0,1,0,55
366,17,366,0,1,0,112
366,18,366,0,1,0,65
366,19,366,0,1,0,70
367,0,367,0,0,0,73
367,1,367,0,0,0,55
367,2,367,0,0,0,88
367,3,367,0,0,0,124
367,4,367,0,0,0,122
367,5,367,0,0,0,66
367,6,367,0,0,0,83
367,7,367,0,0,0,54
367,8,367,0,0,0,58
367,9,367,0,0,0,101
367,10,367,0,1,0,63
367,11,367,0,1,0,117
367,12,367,0,1,0,80
367,13,367,0,1,0,116
367,14,367,0,1,0,128
367,15,367,0,1,0,75
367,16,367,0,1,0,64
367,17,367,0,1,0,79
367,18,367,0,1,0,60
367,19,367,0,1,0,118
368,0,368,0,0,0,74
368,1,368,0,0,0,41
368,2,368,0,0,0,55
368,3,368,0,0,0,53
368,4,368,0,0,0,73
368,5,368,0,0,0,33
368,6,368,0,0,0,71
368,7,368,0,0,0,46
368,8,368,0,0,0,76
368,9,368,0,0,0,117
368,10,368,0,1,0,41
368,11,368,0,1,0,67
368,12,368,0,1,0,69
368,13,368,0,1,0,128
368,14,368,0,1,0,91
368,15,368,0,1,0,72
368,16,368,0,1,0,90
368,17,368,0,1,0,106
368,18,368,0,1,0,67
368,19,368,0,1,0,88
369,0,369,0,0,0,64
369,1,369,0,0,0,63
369,2,369,0,0,0,93
369,3,369,0,0,0,96
369,4,369,0,0,0,135
369,5,369,0,0,0,55
369,6,369,0,0,0,110
369,7,369,0,0,0,137
369,8,369,0,0,0,59
369,9,369,0,0,0,58
369,10,369,0,1,0,52
369,11,369,0,1,0,73
369,12,369,0,1,0,87
369,13,369,0,1,0,110
369,14,369,0,1,0,104
369,15,369,0,1,0,74
369,16,369,0,1,0,59
369,17,369,0,1,0,90
369,18,369,0,1,0,58
369,19,369,0,1,0,78
370,0,370,0,0,0,64
370,1,370,0,0,0,147
370,2,370,0,0,0,76
370,3,370,0,0,0,41
370,4,370,0,0,0,65
370,5,370,0,0,0,88
370,6,370,0,0,0,97
370,7,370,0,0,0,84
370,8,370,0,0,0,91
370,9,370,0,0,0,96
370,10,370,0,1,0,99
370,11,370,0,1,0,92
370,12,370,0,1,0,87
370,13,370,0,1,0,70
370,14,370,0,1,0,151
370,15,370,0,1,0,87
370,16,370,0,1,0,151
370,17,370,0,1,0,46
370,18,370,0,1,0,56
370,19,370,0,1,0,86
371,0,371,0,0,0,65
371,1,371,0,0,0,111
371,2,371,0,0,0,66
371,3,371,0,0,0,77
371,4,371,0,0,0,55
371,5,371,0,0,0,116
371,6,371,0,0,0,100
371,7,371,0,0,0,83
371,8,371,0,0,0,87
371,9,371,0,0,0,94
371,10,371,0,1,0,95
371,11,371,0,1,0,147
371,12,371,0,1,0,87
371,13,371,0,1,0,119
371,14,371,0,1,0,216
371,15,371,0,1,0,67
371,16,371,0,1,0,106
371,17,371,0,1,0,62
371,18,371,0,1,0,63
371,19,371,0,1,0,99
372,0,372,0,0,0,133
372,1,372,0,0,0,47
372,2,372,0,0,0,89
372,3,372,0,0,0,77
372,4,372,0,0,0,93
372,5,372,0,0,0,60
372,6,372,0,0,0,80
372,7,372,0,0,0,79
372,8,372,0,0,0,36
372,9,372,0,0,0,82
372,10,372,0,1,0,111
372,11,372,0,1,0,74
372,12,372,0,1,0,45
372,13,372,0,1,0,102
372,14,372,0,1,0,100
372,15,372,0,1,0,101
372,16,372,0,1,0,44
372,17,372,0,1,0,118
372,18,372,0,1,0,70
372,19,372,0,1,0,83
373,0,373,0,0,0,129
373,1,373,0,0,0,83
373,2,373,0,0,0,55
373,3,373,0,0,0,107
373,4,373,0,0,0,77
373,5,373,0,0,0,77
373,6,373,0,0,0,102
373,7,373,0,0,0,88
373,8,373,0,0,0,114
373,9,373,0,0,0,102
373,10,373,0,1,0,59
373,11,373,0,1,0,68
373,12,373,0,1,0,88
373,13,373,0,1,0,112
373,14,373,0,1,0,61
373,15,373,0,1,0,114
373,16,373,0,1,0,102
373,17,373,0,1,0,70
373,18,373,0,1,0,42
373,19,373,0,1,0,104
374,0,374,0,0,0,90
374,1,374,0,0,0,52
374,2,374,0,0,0,73
374,3,374,0,0,0,90
374,4,374,0,0,0,99
374,5,374,0,0,0,64
374,6,374,0,0,0,67
374,7,374,0,0,0,73
374,8,374,0,0,0,94
374,9,374,0,0,0,53
374,10,374,0,1,0,80
374,11,374,0,1,0,77
374,12,374,0,1,0,54
374,13,374,0,1,0,75
374,14,374,0,1,0,77
374,15,374,0,1,0,151
374,16,374,0,1,0,74
374,17,374,0,1,0,77
374,18,374,0,1,0,136
374,19,374,0,1,0,85
375,0,375,0,0,0,82
375,1,375,0,0,0,132
375,2,375,0,0,0,65
375,3,375,0,0,0,68
375,4,375,0,0,0,78
375,5,375,0,0,0,94
375,6,375,0,0,0,123
375,7,375,0,0,0,56
375,8,375,0,0,0,77
375,9,375,0,0,0,58
375,10,375,0,1,0,91
375,11,375,0,1,0,118
375,12,375,0,1,0,162
375,13,375,0,1,0,78
375,14,375,0,1,0,122
375,15,375,0,1,0,85
375,16,375,0,1,0,126
375,17,375,0,1,0,113
375,18,375,0,1,0,50
375,19,375,0,1,0,104
376,0,376,0,0,0,73
376,1,376,0,0,0,93
376,2,376,0,0,0,115
376,3,376,0,0,0,122
376,4,376,0,0,0,98
376,5,376,0,0,0,76
376,6,376,0,0,0,62
376,7,376,0,0,0,74
376,8,376,0,0,0,107
376,9,376,0,0,0,91
376,10,376,0,1,0,52
376,11,376,0,1,0,150
376,12,376,0,1,0,132
376,13,376,0,1,0,62
376,14,376,0,1,0,81
376,15,376,0,1,0,49
376,16,376,0,1,0,86
376,17,376,0,1,0,128
376,18,376,0,1,0,83
376,19,376,0,1,0,104
377,0,377,0,0,0,136
377,1,377,0,0,0,103
377,2,377,0,0,0,133
377,3,377,0,0,0,107
377,4,377,0,0,0,111
377,5,377,0,0,0,91
377,6,377,0,0,0,126
377,7,377,0,0,0,84
377,8,377,0,0,0,113
377,9,377,0,0,0,71
377,10,377,0,1,0,51
377,11,377,0,1,0,92
377,12,377,0,1,0,70
377,13,377,0,1,0,69
377,14,377,0,1,0,144
377,15,377,0,1,0,100
377,16,377,0,1,0,53
377,17,377,0,1,0,134
377,18,377,0,1,0,65
377,19,377,0,1,0,86
378,0,378,0,0,0,121
378,1,378,0,0,0,63
378,2,378,0,0,0,75
378,3,378,0,0,0,110
378,4,378,0,0,0,152
378,5,378,0,0,0,111
378,6,378,0,0,0,115
378,7,378,0,0,0,106
378,8,378,0,0,0,71
378,9,378,0,0,0,54
378,10,378,0,1,0,72
378,11,378,0,1,0,81
378,12,378,0,1,0,88
378,13,378,0,1,0,139
378,14,378,0,1,0,85
378,15,378,0,1,0,78
378,16,378,0,1,0,60
378,17,378,0,1,0,91
378,18,378,0,1,0,65
378,19,378,0,1,0,97
379,0,379,0,0,0,84
379,1,379,0,0,0,96
379,2,379,0,0,0,86
379,3,379,0,0,0,97
379,4,379,0,0,0,84
379,5,379,0,0,0,50
379,6,379,0,0,0,51
379,7,379,0,0,0,45
379,8,379,0,0,0,161
379,9,379,0,0,0,95
379,10,379,0,1,0,110
379,11,379,0,1,0,70
379,12,379,0,1,0,148
379,13,379,0,1,0,96
379,14,379,0,1,0,136
379,15,379,0,1,0,56
379,16,379,0,1,0,108
379,17,379,0,1,0,104
379,18,379,0,1,0,68
379,19,379,0,1,0,45
380,0,380,0,0,0,68
380,1,380,0,0,0,69
380,2,380,0,0,0,79
380,3,380,0,0,0,80
380,4,380,0,0,0,150
380,5,380,0,0,0,86
380,6,380,0,0,0,80
380,7,380,0,0,0,53
380,8,380,0,0,0,81
380,9,380,0,0,0,98
380,10,380,0,1,0,142
380,11,380,0,1,0,112
380,12,380,0,1,0,68
380,13,380,0,1,0,108
380,14,380,0,1,0,63
380,15,380,0,1,0,78
380,16,380,0,1,0,64
380,17,380,0,1,0,86
380,18,380,0,1,0,68
380,19,380,0,1,0,83
381,0,381,0,0,0,87
381,1,381,0,0,0,81
381,2,381,0,0,0,73
381,3,381,0,0,0,85
381,4,381,0,0,0,135
381,5,381,0,0,0,115
381,6,381,0,0,0,92
381,7,381,0,0,0,81
381,8,381,0,0,0,100
381,9,381,0,0,0,85
381,10,381,0,1,0,200
381,11,381,0,1,0,108
381,12,381,0,1,0,91
381,13,381,0,1,0,77
381,14,381,0,1,0,75
381,15,381,0,1,0,102
381,16,381,0,1,0,144
381,17,381,0,1,0,82
381,18,381,0,1,0,240
381,19,381,0,1,0,92
382,0,382,0,0,0,60
382,1,382,0,0,0,104
382,2,382,0,0,0,67
382,3,382,0,0,0,86
382,4,382,0,0,0,101
382,5,382,0,0,0,59
382,6,382,0,0,0,44
382,7,382,0,0,0,90
382,8,382,0,0,0,89
382,9,382,0,0,0,102
382,10,382,0,1,0,121
382,11,382,0,1,0,85
382,12,382,0,1,0,88
382,13,382,0,1,0,83
382,14,382,0,1,0,95
382,15,382,0,1,0,105
382,16,382,0,1,0,57
382,17,382,0,1,0,80
382,18,382,0,1,0,66
382,19,382,0,1,0,86
383,0,383,0,0,0,110
383,1,383,0,0,0,79
383,2,383,0,0,0,51
383,3,383,0,0,0,47
383,4,383,0,0,0,91
383,5,383,0,0,0,87
383,6,383,0,0,0,68
383,7,383,0,0,0,46
383,8,383,0,0,0,72
383,9,383,0,0,0,88
383,10,383,0,1,0,102
383,11,383,0,1,0,93
383,12,383,0,1,0,151
383,13,383,0,1,0,85
383,14,383,0,1,0,101
383,15,383,0,1,0,109
383,16,383,0,1,0,68
383,17,383,0,1,0,58
383,18,383,0,1,0,81
383,19,383,0,1,0,157
384,0,384,0,0,0,71
384,1,384,0,0,0,93
384,2,384,0,0,0,128
384,3,384,0,0,0,89
384,4,384,0,0,0,89
384,5,384,0,0,0,145
384,6,384,0,0,0,88
384,7,384,0,0,0,104
384,8,384,0,0,0,113
384,9,384,0,0,0,58
384,10,384,0,1,0,79
384,11,384,0,1,0,100
384,12,384,0,1,0,106
384,13,384,0,1,0,73
384,14,384,0,1,0,91
384,15,384,0,1,0,103
384,16,384,0,1,0,91
384,17,384,0,1,0,88
384,18,384,0,1,0,127
384,19,384,0,1,0,115
385,0,385,0,0,0,53
385,1,385,0,0,0,62
385,2,385,0,0,0,121
385,3,385,0,0,0,126
385,4,385,0,0,0,109
385,5,385,0,0,0,63
385,6,385,0,0,0,145
385,7,385,0,0,0,58
385,8,385,0,0,0,84
385,9,385,0,0,0,82
385,10,385,0,1,0,72
385,11,385,0,1,0,85
385,12,385,0,1,0,81
385,13,385,0,1,0,95
385,14,385,0,1,0,75
385,15,385,0,1,0,79
385,16,385,0,1,0,94
385,17,385,0,1,0,82
385,18,385,0,1,0,112
385,19,385,0,1,0,71
386,0,386,0,0,0,90
386,1,386,0,0,0,109
386,2,386,0,0,0,178
386,3,386,0,0,0,71
386,4,386,0,0,0,92
386,5,386,0,0,0,73
386,6,386,0,0,0,85
386,7,386,0,0,0,171
386,8,386,0,0,0,137
386,9,386,0,0,0,89
386,10,386,0,1,0,126
386,11,386,0,1,0,108
386,12,386,0,1,0,118
386,13,386,0,1,0,77
386,14,386,0,1,0,91
386,15,386,0,1,0,94
386,16,386,0,1,0,176
386,17,386,0,1,0,94
386,18,386,0,1,0,131
386,19,386,0,1,0,75
387,0,387,0,0,0,87
387,1,387,0,0,0,95
387,2,387,0,0,0,68
387,3,387,0,0,0,96
387,4,387,0,0,0,147
387,5,387,0,0,0,100
387,6,387,0,0,0,120
387,7,387,0,0,0,54
387,8,387,0,0,0,68
387,9,387,0,0,0,102
387,10,387,0,1,0,120
387,11,387,0,1,0,73
387,12,387,0,1,0,86
387,13,387,0,1,0,115
387,14,387,0,1,0,92
387,15,387,0,1,0,105
387,16,387,0,1,0,101
387,17,387,0,1,0,99
387,18,387,0,1,0,113
387,19,387,0,1,0,105
388,0,388,0,0,0,107
388,1,388,0,0,0,86
388,2,388,0,0,0,158
388,3,388,0,0,0,91
388,4,388,0,0,0,58
388,5,388,0,0,0,93
388,6,388,0,0,0,110
388,7,388,0,0,0,78
388,8,388,0,0,0,65
388,9,388,0,0,0,60
388,10,388,0,1,0,94
388,11,388,0,1,0,58
388,12,388,0,1,0,105
388,13,388,0,1,0,117
388,14,388,0,1,0,89
388,15,388,0,1,0,68
388,16,388,0,1,0,70
388,17,388,0,1,0,122
388,18,388,0,1,0,118
388,19,388,0,1,0,71
389,0,389,0,0,0,64
389,1,389,0,0,0,86
389,2,389,0,0,0,67
389,3,389,0,0,0,81
389,4,389,0,0,0,84
389,5,389,0,0,0,60
389,6,389,0,0,0,76
389,7,389,0,0,0,149
389,8,389,0,0,0,84
389,9,389,0,0,0,77
389,10,389,0,1,0,109
389,11,389,0,1,0,131
389,12,389,0,1,0,59
389,13,389,0,1,0,90
389,14,389,0,1,0,115
389,15,389,0,1,0,94
389,16,389,0,1,0,80
389,17,389,0,1,0,170
389,18,389,0,1,0,83
389,19,389,0,1,0,93
390,0,390,0,0,0,85
390,1,390,0,0,0,166
390,2,390,0,0,0,46
390,3,390,0,0,0,131
390,4,390,0,0,0,114
390,5,390,0,0,0,81
390,6,390,0,0,0,80
390,7,390,0,0,0,87
390,8,390,0,0,0,64
390,9,390,0,0,0,110
390,10,390,0,1,0,119
390,11,390,0,1,0,100
390,12,390,0,1,0,107
390,13,390,0,1,0,92
390,14,390,0,1,0,59
390,15,390,0,1,0,64
390,16,390,0,1,0,130
390,17,390,0,1,0,65
390,18,390,0,1,0,88
390,19,390,0,1,0,64
391,0,391,0,0,0,52
391,1,391,0,0,0,65
391,2,391,0,0,0,65
391,3,391,0,0,0,126
391,4,391,0,0,0,129
391,5,391,0,0,0,92
391,6,391,0,0,0,100
391,7,391,0,0,0,100
391,8,391,0,0,0,73
391,9,391,0,0,0,80
391,10,391,0,1,0,95
391,11,391,0,1,0,123
391,12,391,0,1,0,84
391,13,391,0,1,0,83
391,14,391,0,1,0,85
391,15,391,0,1,0,136
391,16,391,0,1,0,77
391,17,391,0,1,0,104
391,18,391,0,1,0,135
391,19,391,0,1,0,88
392,0,392,0,0,0,75
392,1,392,0,0,0,101
392,2,392,0,0,0,78
392,3,392,0,0,0,126
392,4,392,0,0,0,154
392,5,392,0,0,0,80
392,6,392,0,0,0,80
392,7,392,0,0,0,88
392,8,392,0,0,0,68
392,9,392,0,0,0,88
392,10,392,0,1,0,68
392,11,392,0,1,0,92
392,12,392,0,1,0,73
392,13,392,0,1,0,126
392,14,392,0,1,0,112
392,15,392,0,1,0,113
392,16,392,0,1,0,66
392,17,392,0,1,0,129
392,18,392,0,1,0,92
392,19,392,0,1,0,78
393,0,393,0,0,0,91
393,1,393,0,0,0,96
393,2,393,0,0,0,84
393,3,393,0,0,0,75
393,4,393,0,0,0,139
393,5,393,0,0,0,104
393,6,393,0,0,0,153
393,7,393,0,0,0,81
393,8,393,0,0,0,93
393,9,393,0,0,0,125
393,10,393,0,1,0,147
393,11,393,0,1,0,89
393,12,393,0,1,0,126
393,13,393,0,1,0,124
393,14,393,0,1,0,87
393,15,393,0,1,0,80
393,16,393,0,1,0,93
393,17,393,0,1,0,69
393,18,393,0,1,0,83
393,19,393,0,1,0,69
394,0,394,0,0,0,75
394,1,394,0,0,0,108
394,2,394,0,0,0,110
394,3,394,0,0,0,135
394,4,394,0,0,0,83
394,5,394,0,0,0,89
394,6,394,0,0,0,114
394,7,394,0,0,0,136
394,8,394,0,0,0,67
394,9,394,0,0,0,71
394,10,394,0,1,0,69
394,11,394,0,1,0,92
394,12,394,0,1,0,61
394,13,394,0,1,0,84
394,14,394,0,1,0,89
394,15,394,0,1,0,109
394,16,394,0,1,0,111
394,17,394,0,1,0,103
394,18,394,0,1,0,80
394,19,394,0,1,0,81
395,0,395,0,0,0,93
395,1,395,0,0,0,81
395,2,395,0,0,0,92
395,3,395,0,0,0,89
395,4,395,0,0,0,119
395,5,395,0,0,0,98
395,6,395,0,0,0,58
395,7,395,0,0,0,104
395,8,395,0,0,0,74
395,9,395,0,0,0,135
395,10,395,0,1,0,70
395,11,395,0,1,0,88
395,12,395,0,1,0,117
395,13,395,0,1,0,119
395,14,395,0,1,0,99
395,15,395,0,1,0,122
395,16,395,0,1,0,115
395,17,395,0,1,0,77
395,18,395,0,1,0,95
395,19,395,0,1,0,59
396,0,396,0,0,0,60
396,1,396,0,0,0,90
396,2,396,0,0,0,71
396,3,396,0,0,0,101
396,4,396,0,0,0,104
396,5,396,0,0,0,51
396,6,396,0,0,0,98
396,7,396,0,0,0,145
396,8,396,0,0,0,119
396,9,396,0,0,0,122
396,10,396,0,1,0,107
396,11,396,0,1,0,109
396,12,396,0,1,0,103
396,13,396,0,1,0,115
396,14,396,0,1,0,110
396,15,396,0,1,0,91
396,16,396,0,1,0,107
396,17,396,0,1,0,143
396,18,396,0,1,0,88
396,19,396,0,1,0,72
397,0,397,0,0,0,86
397,1,397,0,0,0,99
397,2,397,0,0,0,88
397,3,397,0,0,0,145
397,4,397,0,0,0,100
397,5,397,0,0,0,116
397,6,397,0,0,0,98
397,7,397,0,0,0,94
397,8,397,0,0,0,124
397,9,397,0,0,0,91
397,10,397,0,1,0,100
397,11,397,0,1,0,116
397,12,397,0,1,0,69
397,13,397,0,1,0,103
397,14,397,0,1,0,125
397,15,397,0,1,0,110
397,16,397,0,1,0,119
397,17,397,0,1,0,119
397,18,397,0,1,0,82
397,19,397,0,1,0,99
398,0,398,0,0,0,168
398,1,398,0,0,0,80
398,2,398,0,0,0,101
398,3,398,0,0,0,111
398,4,398,0,0,0,110
398,5,398,0,0,0,130
398,6,398,0,0,0,83
398,7,398,0,0,0,95
398,8,398,0,0,0,124
398,9,398,0,0,0,191
398,10,398,0,1,0,112
398,11,398,0,1,0,70
398,12,398,0,1,0,75
398,13,398,0,1,0,128
398,14,398,0,1,0,98
398,15,398,0,1,0,76
398,16,398,0,1,0,90
398,17,398,0,1,0,172
398,18,398,0,1,0,108
398,19,398,0,1,0,76
399,0,399,0,0,0,136
399,1,399,0,0,0,65
399,2,399,0,0,0,121
399,3,399,0,0,0,73
399,4,399,0,0,0,139
399,5,399,0,0,0,64
399,6,399,0,0,0,94
399,7,399,0,0,0,97
399,8,399,0,0,0,59
399,9,399,0,0,0,116
399,10,399,0,1,0,51
399,11,399,0,1,0,75
399,12,399,0,1,0,89
399,13,399,0,1,0,76
399,14,399,0,1,0,136
399,15,399,0,1,0,101
399,16,399,0,1,0,54
399,17,399,0,1,0,74
399,18,399,0,1,0,184
399,19,399,0,1,0,79
400,0,400,0,0,0,126
400,1,400,0,0,0,105
400,2,400,0,0,0,83
400,3,400,0,0,0,92
400,4,400,0,0,0,142
400,5,400,0,0,0,98
400,6,400,0,0,0,149
400,7,400,0,0,0,120
400,8,400,0,0,0,112
400,9,400,0,0,0,159
400,10,400,0,1,0,90
400,11,400,0,1,0,59
400,12,400,0,1,0,90
400,13,400,0,1,0,82
400,14,400,0,1,0,185
400,15,400,0,1,0,211
400,16,400,0,1,0,175
400,17,400,0,1,0,93
400,18,400,0,1,0,119
400,19,400,0,1,0,85
401,0,401,0,0,0,123
401,1,401,0,0,0,89
401,2,401,0,0,0,54
401,3,401,0,0,0,115
401,4,401,0,0,0,70
401,5,401,0,0,0,127
401,6,401,0,0,0,126
401,7,401,0,0,0,141
401,8,401,0,0,0,62
401,9,401,0,0,0,123
401,10,401,0,1,0,97
401,11,401,0,1,0,134
401,12,401,0,1,0,108
401,13,401,0,1,0,88
401,14,401,0,1,0,213
401,15,401,0,1,0,63
401,16,401,0,1,0,86
401,17,401,0,1,0,99
401,18,401,0,1,0,81
401,19,401,0,1,0,103
402,0,402,0,0,0,124
402,1,402,0,0,0,79
402,2,402,0,0,0,146
402,3,402,0,0,0,90
402,4,402,0,0,0,103
402,5,402,0,0,0,100
402,6,402,0,0,0,102
402,7,402,0,0,0,159
402,8,402,0,0,0,111
402,9,402,0,0,0,81
402,10,402,0,1,0,83
402,11,402,0,1,0,96
402,12,402,0,1,0,118
402,13,402,0,1,0,110
402,14,402,0,1,0,101
402,15,402,0,1,0,105
402,16,402,0,1,0,113
402,17,402,0,1,0,54
402,18,402,0,1,0,98
402,19,402,0,1,0,93
403,0,403,0,0,0,140
403,1,403,0,0,0,102
403,2,403,0,0,0,45
403,3,403,0,0,0,72
403,4,403,0,0,0,101
403,5,403,0,0,0,75
403,6,403,0,0,0,102
403,7,403,0,0,0,87
403,8,403,0,0,0,72
403,9,403,0,0,0,86
403,10,403,0,1,0,133
403,11,403,0,1,0,55
403,12,403,0,1,0,111
403,13,403,0,1,0,108
403,14,403,0,1,0,130
403,15,403,0,1,0,104
403,16,403,0,1,0,146
403,17,403,0,1,0,92
403,18,403,0,1,0,129
403,19,403,0,1,0,137
404,0,404,0,0,0,71
404,1,404,0,0,0,125
404,2,404,0,0,0,80
404,3,404,0,0,0,78
404,4,404,0,0,0,146
404,5,404,0,0,0,128
404,6,404,0,0,0,86
404,7,404,0,0,0,97
404,8,404,0,0,0,170
404,9,404,0,0,0,51
404,10,404,0,1,0,141
404,11,404,0,1,0,59
404,12,404,0,1,0,135
404,13,404,0,1,0,61
404,14,404,0,1,0,137
404,15,404,0,1,0,89
404,16,404,0,1,0,64
404,17,404,0,1,0,114
404,18,404,0,1,0,164
404,19,404,0,1,0,131
405,0,405,0,0,0,63
405,1,405,0,0,0,94
405,2,405,0,0,0,105
405,3,405,0,0,0,88
405,4,405,0,0,0,89
405,5,405,0,0,0,77
405,6,405,0,0,0,85
405,7,405,0,0,0,84
405,8,405,0,0,0,114
405,9,405,0,0,0,73
405,10,405,0,1,0,170
405,11,405,0,1,0,112
405,12,405,0,1,0,76
405,13,405,0,1,0,95
405,14,405,0,1,0,147
405,15,405,0,1,0,109
405,16,405,0,1,0,67
405,17,405,0,1,0,73
405,18,405,0,1,0,116
405,19,405,0,1,0,143
406,0,406,0,0,0,133
406,1,406,0,0,0,97
406,2,406,0,0,0,69
406,3,406,0,0,0,85
406,4,406,0,0,0,190
406,5,406,0,0,0,78
406,6,406,0,0,0,159
406,7,406,0,0,0,116
406,8,406,0,0,0,131
406,9,406,0,0,0,68
406,10,406,0,1,0,139
406,11,406,0,1,0,93
406,12,406,0,1,0,89
406,13,406,0,1,0,119
406,14,406,0,1,0,98
406,15,406,0,1,0,68
406,16,406,0,1,0,98
406,17,406,0,1,0,102
406,18,406,0,1,0,111
406,19,406,0,1,0,76
407,0,407,0,0,0,201
407,1,407,0,0,0,102
407,2,407,0,0,0,69
407,3,407,0,0,0,112
407,4,407,0,0,0,139
407,5,407,0,0,0,72
407,6,407,0,0,0,84
407,7,407,0,0,0,110
407,8,407,0,0,0,72
407,9,407,0,0,0,102
407,10,407,0,1,0,143
407,11,407,0,1,0,45
407,12,407,0,1,0,111
407,13,407,0,1,0,63
407,14,407,0,1,0,98
407,15,407,0,1,0,102
407,16,407,0,1,0,84
407,17,407,0,1,0,89
407,18,407,0,1,0,55
407,19,407,0,1,0,129
408,0,408,0,0,0,127
408,1,408,0,0,0,51
408,2,408,0,0,0,124
408,3,408,0,0,0,148
408,4,408,0,0,0,154
408,5,408,0,0,0,112
408,6,408,0,0,0,111
408,7,408,0,0,0,145
408,8,408,0,0,0,70
408,9,408,0,0,0,121
408,10,408,0,1,0,80
408,11,408,0,1,0,94
408,12,408,0,1,0,112
408,13,408,0,1,0,73
408,14,408,0,1,0,87
408,15,408,0,1,0,91
408,16,408,0,1,0,131
408,17,408,0,1,0,87
408,18,408,0,1,0,69
408,19,408,0,1,0,70
409,0,409,0,0,0,63
409,1,409,0,0,0,190
409,2,409,0,0,0,192
409,3,409,0,0,0,59
409,4,409,0,0,0,85
409,5,409,0,0,0,170
409,6,409,0,0,0,111
409,7,409,0,0,0,94
409,8,409,0,0,0,103
409,9,409,0,0,0,119
409,10,409,0,1,0,112
409,11,409,0,1,0,69
409,12,409,0,1,0,86
409,13,409,0,1,0,88
409,14,409,0,1,0,83
409,15,409,0,1,0,97
409,16,409,0,1,0,63
409,17,409,0,1,0,97
409,18,409,0,1,0,80
409,19,409,0,1,0,56
410,0,410,0,0,0,112
410,1,410,0,0,0,120
410,2,410,0,0,0,85
410,3,410,0,0,0,272
410,4,410,0,0,0,100
410,5,410,0,0,0,94
410,6,410,0,0,0,101
410,7,410,0,0,0,84
410,8,410,0,0,0,122
410,9,410,0,0,0,123
410,10,410,0,1,0,122
410,11,410,0,1,0,95
410,12,410,0,1,0,108
410,13,410,0,1,0,92
410,14,410,0,1,0,86
410,15,410,0,1,0,72
410,16,410,0,1,0,142
410,17,410,0,1,0,114
410,18,410,0,1,0,77
410,19,410,0,1,0,119
411,0,411,0,0,0,66
411,1,411,0,0,0,82
411,2,411,0,0,0,86
411,3,411,0,0,0,101
411,4,411,0,0,0,121
411,5,411,0,0,0,83
411,6,411,0,0,0,142
411,7,411,0,0,0,95
411,8,411,0,0,0,82
411,9,411,0,0,0,194
411,10,411,0,1,0,123
411,11,411,0,1,0,83
411,12,411,0,1,0,109
411,13,411,0,1,0,95
411,14,411,0,1,0,120
411,15,411,0,1,0,87
411,16,411,0,1,0,98
411,17,411,0,1,0,89
411,18,411,0,1,0,86
411,19,411,0,1,0,163
412,0,412,0,0,0,125
412,1,412,0,0,0,84
412,2,412,0,0,0,79
412,3,412,0,0,0,176
412,4,412,0,0,0,179
412,5,412,0,0,0,125
412,6,412,0,0,0,147
412,7,412,0,0,0,72
412,8,412,0,0,0,94
412,9,412,0,0,0,127
412,10,412,0,1,0,136
412,11,412,0,1,0,75
412,12,412,0,1,0,93
412,13,412,0,1,0,128
412,14,412,0,1,0,109
412,15,412,0,1,0,95
412,16,412,0,1,0,77
412,17,412,0,1,0,141
412,18,412,0,1,0,110
412,19,412,0,1,0,87
413,0,413,0,0,0,103
413,1,413,0,0,0,72
413,2,413,0,0,0,140
413,3,413,0,0,0,145
413,4,413,0,0,0,137
413,5,413,0,0,0,118
413,6,413,0,0,0,143
413,7,413,0,0,0,73
413,8,413,0,0,0,75
413,9,413,0,0,0,96
413,10,413,0,1,0,147
413,11,413,0,1,0,103
413,12,413,0,1,0,116
413,13,413,0,1,0,76
413,14,413,0,1,0,161
413,15,413,0,1,0,155
413,16,413,0,1,0,83
413,17,413,0,1,0,129
413,18,413,0,1,0,126
413,19,413,0,1,0,84
414,0,414,0,0,0,95
414,1,414,0,0,0,144
414,2,414,0,0,0,151
414,3,414,0,0,0,82
414,4,414,0,0,0,136
414,5,414,0,0,0,88
414,6,414,0,0,0,70
414,7,414,0,0,0,75
414,8,414,0,0,0,69
414,9,414,0,0,0,69
414,10,414,0,1,0,103
414,11,414,0,1,0,73
414,12,414,0,1,0,165
414,13,414,0,1,0,126
414,14,414,0,1,0,79
414,15,414,0,1,0,134
414,16,414,0,1,0,105
414,17,414,0,1,0,112
414,18,414,0,1,0,169
414,19,414,0,1,0,116
415,0,415,0,0,0,110
415,1,415,0,0,0,123
415,2,415,0,0,0,79
415,3,415,0,0,0,139
415,4,415,0,0,0,98
415,5,415,0,0,0,102
415,6,415,0,0,0,75
415,7,415,0,0,0,77
415,8,415,0,0,0,85
415,9,415,0,0,0,119
415,10,415,0,1,0,107
415,11,415,0,1,0,81
415,12,415,0,1,0,104
415,13,415,0,1,0,105
415,14,415,0,1,0,169
415,15,415,0,1,0,70
415,16,415,0,1,0,121
415,17,415,0,1,0,60
415,18,415,0,1,0,121
415,19,415,0,1,0,105
416,0,416,0,0,0,105
416,1,416,0,0,0,136
416,2,416,0,0,0,104
416,3,416,0,0,0,109
416,4,416,0,0,0,120
416,5,416,0,0,0,93
416,6,416,0,0,0,136
416,7,416,0,0,0,102
416,8,416,0,0,0,118
416,9,416,0,0,0,107
416,10,416,0,1,0,58
416,11,416,0,1,0,89
416,12,416,0,1,0,134
416,13,416,0,1,0,121
416,14,416,0,1,0,127
416,15,416,0,1,0,146
416,16,416,0,1,0,103
416,17,416,0,1,0,144
416,18,416,0,1,0,141
416,19,416,0,1,0,99
417,0,417,0,0,0,63
417,1,417,0,0,0,120
417,2,417,0,0,0,159
417,3,417,0,0,0,84
417,4,417,0,0,0,81
417,5,417,0,0,0,108
417,6,417,0,0,0,92
417,7,417,0,0,0,73
417,8,417,0,0,0,63
417,9,417,0,0,0,73
417,10,417,0,1,0,82
417,11,417,0,1,0,131
417,12,417,0,1,0,133
417,13,417,0,1,0,125
417,14,417,0,1,0,133
417,15,417,0,1,0,94
417,16,417,0,1,0,81
417,17,417,0,1,0,83
417,18,417,0,1,0,82
417,19,417,0,1,0,78
418,0,418,0,0,0,103
418,1,418,0,0,0,162
418,2,418,0,0,0,143
418,3,418,0,0,0,93
418,4,418,0,0,0,80
418,5,418,0,0,0,143
418,6,418,0,0,0,95
418,7,418,0,0,0,81
418,8,418,0,0,0,160
418,9,418,0,0,0,118
418,10,418,0,1,0,94
418,11,418,0,1,0,114
418,12,418,0,1,0,73
418,13,418,0,1,0,98
418,14,418,0,1,0,99
418,15,418,0,1,0,89
418,16,418,0,1,0,84
418,17,418,0,1,0,102
418,18,418,0,1,0,84
418,19,418,0,1,0,60
419,0,419,0,0,0,93
419,1,419,0,0,0,121
419,2,419,0,0,0,89
419,3,419,0,0,0,79
419,4,419,0,0,0,105
419,5,419,0,0,0,134
419,6,419,0,0,0,66
419,7,419,0,0,0,126
419,8,419,0,0,0,102
419,9,419,0,0,0,96
419,10,419,0,1,0,117
419,11,419,0,1,0,104
419,12,419,0,1,0,95
419,13,419,0,1,0,151
419,14,419,0,1,0,191
419,15,419,0,1,0,93
419,16,419,0,1,0,93
419,17,419,0,1,0,200
419,18,419,0,1,0,106
419,19,419,0,1,0,109
420,0,420,0,0,0,137
420,1,420,0,0,0,82
420,2,420,0,0,0,219
420,3,420,0,0,0,58
420,4,420,0,0,0,99
420,5,420,0,0,0,136
420,6,420,0,0,0,145
420,7,420,0,0,0,111
420,8,420,0,0,0,117
420,9,420,0,0,0,194
420,10,420,0,1,0,114
420,11,420,0,1,0,151
420,12,420,0,1,0,91
420,13,420,0,1,0,189
420,14,420,0,1,0,194
420,15,420,0,1,0,87
420,16,420,0,1,0,109
420,17,420,0,1,0,107
420,18,420,0,1,0,107
420,19,420,0,1,0,95
421,0,421,0,0,0,149
421,1,421,0,0,0,152
421,2,421,0,0,0,144
421,3,421,0,0,0,113
421,4,421,0,0,0,91
421,5,421,0,0,0,63
421,6,421,0,0,0,85
421,7,421,0,0,0,114
421,8,421,0,0,0,100
421,9,421,0,0,0,68
421,10,421,0,1,0,98
421,11,421,0,1,0,83
421,12,421,0,1,0,199
421,13,421,0,1,0,74
421,14,421,0,1,0,174
421,15,421,0,1,0,75
421,16,421,0,1,0,150
421,17,421,0,1,0,100
421,18,421,0,1,0,110
421,19,421,0,1,0,91
422,0,422,0,0,0,74
422,1,422,0,0,0,156
422,2,422,0,0,0,114
422,3,422,0,0,0,207
422,4,422,0,0,0,75
422,5,422,0,0,0,128
422,6,422,0,0,0,99
422,7,422,0,0,0,135
422,8,422,0,0,0,152
422,9,422,0,0,0,164
422,10,422,0,1,0,158
422,11,422,0,1,0,117
422,12,422,0,1,0,91
422,13,422,0,1,0,102
422,14,422,0,1,0,101
422,15,422,0,1,0,121
422,16,422,0,1,0,100
422,17,422,0,1,0,78
422,18,422,0,1,0,154
422,19,422,0,1,0,71
423,0,423,0,0,0,140
423,1,423,0,0,0,79
423,2,423,0,0,0,107
423,3,423,0,0,0,144
423,4,423,0,0,0,120
423,5,423,0,0,0,146
423,6,423,0,0,0,124
423,7,423,0,0,0,63
423,8,423,0,0,0,60
423,9,423,0,0,0,197
423,10,423,0,1,0,97
423,11,423,0,1,0,143
423,12,423,0,1,0,101
423,13,423,0,1,0,88
423,14,423,0,1,0,131
423,15,423,0,1,0,73
423,16,423,0,1,0,90
423,17,423,0,1,0,117
423,18,423,0,1,0,102
423,19,423,0,1,0,146
424,0,424,0,0,0,118
424,1,424,0,0,0,120
424,2,424,0,0,0,119
424,3,424,0,0,0,65
424,4,424,0,0,0,90
424,5,424,0,0,0,86
424,6,424,0,0,0,99
424,7,424,0,0,0,114
424,8,424,0,0,0,266
424,9,424,0,0,0,145
424,10,424,0,1,0,146
424,11,424,0,1,0,161
424,12,424,0,1,0,225
424,13,424,0,1,0,99
424,14,424,0,1,0,89
424,15,424,0,1,0,96
424,16,424,0,1,0,103
424,17,424,0,1,0,177
424,18,424,0,1,0,65
424,19,424,0,1,0,153
425,0,425,0,0,0,75
425,1,425,0,0,0,136
425,2,425,0,0,0,152
425,3,425,0,0,0,66
425,4,425,0,0,0,71
425,5,425,0,0,0,114
425,6,425,0,0,0,93
425,7,425,0,0,0,111
425,8,425,0,0,0,139
425,9,425,0,0,0,114
425,10,425,0,1,0,100
425,11,425,0,1,0,73
425,12,425,0,1,0,142
425,13,425,0,1,0,120
425,14,425,0,1,0,108
425,15,425,0,1,0,112
425,16,425,0,1,0,120
425,17,425,0,1,0,205
425,18,425,0,1,0,106
425,19,425,0,1,0,79
426,0,426,0,0,0,145
426,1,426,0,0,0,135
426,2,426,0,0,0,123
426,3,426,0,0,0,114
426,4,426,0,0,0,71
426,5,426,0,0,0,177
426,6,426,0,0,0,126
426,7,426,0,0,0,96
426,8,426,0,0,0,115
426,9,426,0,0,0,147
426,10,426,0,1,0,91
426,11,426,0,1,0,97
426,12,426,0,1,0,120
426,13,426,0,1,0,128
426,14,426,0,1,0,107
426,15,426,0,1,0,90
426,16,426,0,1,0,134
426,17,426,0,1,0,116
426,18,426,0,1,0,90
426,19,426,0,1,0,83
427,0,427,0,0,0,138
427,1,427,0,0,0,77
427,2,427,0,0,0,86
427,3,427,0,0,0,92
427,4,427,0,0,0,139
427,5,427,0,0,0,139
427,6,427,0,0,0,140
427,7,427,0,0,0,134
427,8,427,0,0,0,173
427,9,427,0,0,0,129
427,10,427,0,1,0,100
427,11,427,0,1,0,115
427,12,427,0,1,0,87
427,13,427,0,1,0,88
427,14,427,0,1,0,176
427,15,427,0,1,0,119
427,16,427,0,1,0,123
427,17,427,0,1,0,155
427,18,427,0,1,0,159
427,19,427,0,1,0,169
428,0,428,0,0,0,138
428,1,428,0,0,0,96
428,2,428,0,0,0,68
428,3,428,0,0,0,175
428,4,428,0,0,0,97
428,5,428,0,0,0,68
428,6,428,0,0,0,106
428,7,428,0,0,0,144
428,8,428,0,0,0,53
428,9,428,0,0,0,153
428,10,428,0,1,0,109
428,11,428,0,1,0,105
428,12,428,0,1,0,166
428,13,428,0,1,0,146
428,14,428,0,1,0,131
428,15,428,0,1,0,134
428,16,428,0,1,0,97
428,17,428,0,1,0,207
428,18,428,0,1,0,196
428,19,428,0,1,0,92
429,0,429,0,0,0,113
429,1,429,0,0,0,62
429,2,429,0,0,0,108
429,3,429,0,0,0,66
429,4,429,0,0,0,200
429,5,429,0,0,0,133
429,6,429,0,0,0,179
429,7,429,0,0,0,107
429,8,429,0,0,0,96
429,9,429,0,0,0,106
429,10,429,0,1,0,92
429,11,429,0,1,0,138
429,12,429,0,1,0,125
429,13,429,0,1,0,119
429,14,429,0,1,0,66
429,15,429,0,1,0,107
429,16,429,0,1,0,244
429,17,429,0,1,0,123
429,18,429,0,1,0,77
429,19,429,0,1,0,97
430,0,430,0,0,0,60
430,1,430,0,0,0,83
430,2,430,0,0,0,102
430,3,430,0,0,0,119
430,4,430,0,0,0,111
430,5,430,0,0,0,175
430,6,430,0,0,0,87
430,7,430,0,0,0,124
430,8,430,0,0,0,148
430,9,430,0,0,0,86
430,10,430,0,1,0,94
430,11,430,0,1,0,106
430,12,430,0,1,0,128
430,13,430,0,1,0,107
430,14,430,0,1,0,117
430,15,430,0,1,0,85
430,16,430,0,1,0,99
430,17,430,0,1,0,108
430,18,430,0,1,0,69
430,19,430,0,1,0,149
431,0,431,0,0,0,118
431,1,431,0,0,0,121
431,2,431,0,0,0,165
431,3,431,0,0,0,162
431,4,431,0,0,0,156
431,5,431,0,0,0,208
431,6,431,0,0,0,96
431,7,431,0,0,0,150
431,8,431,0,0,0,120
431,9,431,0,0,0,106
431,10,431,0,1,0,133
431,11,431,0,1,0,168
431,12,431,0,1,0,111
431,13,431,0,1,0,116
431,14,431,0,1,0,103
431,15,431,0,1,0,73
431,16,431,0,1,0,61
431,17,431,0,1,0,141
431,18,431,0,1,0,83
431,19,431,0,1,0,97
432,0,432,0,0,0,153
432,1,432,0,0,0,121
432,2,432,0,0,0,124
432,3,432,0,0,0,201
432,4,432,0,0,0,121
432,5,432,0,0,0,100
432,6,432,0,0,0,154
432,7,432,0,0,0,70
432,8,432,0,0,0,75
432,9,432,0,0,0,117
432,10,432,0,1,0,256
432,11,432,0,1,0,160
432,12,432,0,1,0,184
432,13,432,0,1,0,130
432,14,432,0,1,0,90
432,15,432,0,1,0,127
432,16,432,0,1,0,151
432,17,432,0,1,0,110
432,18,432,0,1,0,164
432,19,432,0,1,0,200
433,0,433,0,0,0,174
433,1,433,0,0,0,80
433,2,433,0,0,0,154
433,3,433,0,0,0,87
433,4,433,0,0,0,133
433,5,433,0,0,0,76
433,6,433,0,0,0,134
433,7,433,0,0,0,95
433,8,433,0,0,0,121
433,9,433,0,0,0,59
433,10,433,0,1,0,199
433,11,433,0,1,0,87
433,12,433,0,1,0,102
433,13,433,0,1,0,92
433,14,433,0,1,0,135
433,15,433,0,1,0,75
433,16,433,0,1,0,109
433,17,433,0,1,0,176
433,18,433,0,1,0,116
433,19,433,0,1,0,116
434,0,434,0,0,0,120
434,1,434,0,0,0,92
434,2,434,0,0,0,103
434,3,434,0,0,0,109
434,4,434,0,0,0,100
434,5,434,0,0,0,78
434,6,434,0,0,0,162
434,7,434,0,0,0,153
434,8,434,0,0,0,97
434,9,434,0,0,0,75
434,10,434,0,1,0,141
434,11,434,0,1,0,153
434,12,434,0,1,0,177
434,13,434,0,1,0,107
434,14,434,0,1,0,171
434,15,434,0,1,0,91
434,16,434,0,1,0,125
434,17,434,0,1,0,177
434,18,434,0,1,0,92
434,19,434,0,1,0,160
435,0,435,0,0,0,94
435,1,435,0,0,0,113
435,2,435,0,0,0,139
435,3,435,0,0,0,168
435,4,435,0,0,0,148
435,5,435,0,0,0,121
435,6,435,0,0,0,106
435,7,435,0,0,0,160
435,8,435,0,0,0,131
435,9,435,0,0,0,110
435,10,435,0,1,0,117
435,11,435,0,1,0,189
435,12,435,0,1,0,147
435,13,435,0,1,0,124
435,14,435,0,1,0,77
435,15,435,0,1,0,87
435,16,435,0,1,0,126
435,17,435,0,1,0,77
435,18,435,0,1,0,102
435,19,435,0,1,0,105
436,0,436,0,0,0,121
436,1,436,0,0,0,92
436,2,436,0,0,0,78
436,3,436,0,0,0,86
436,4,436,0,0,0,239
436,5,436,0,0,0,118
436,6,436,0,0,0,164
436,7,436,0,0,0,142
436,8,436,0,0,0,173
436,9,436,0,0,0,106
436,10,436,0,1,0,112
436,11,436,0,1,0,186
436,12,436,0,1,0,117
436,13,436,0,1,0,159
436,14,436,0,1,0,82
436,15,436,0,1,0,193
436,16,436,0,1,0,129
436,17,436,0,1,0,93
436,18,436,0,1,0,177
436,19,436,0,1,0,114
437,0,437,0,0,0,196
437,1,437,0,0,0,125
437,2,437,0,0,0,124
437,3,437,0,0,0,82
437,4,437,0,0,0,284
437,5,437,0,0,0,109
437,6,437,0,0,0,92
437,7,437,0,0,0,103
437,8,437,0,0,0,90
437,9,437,0,0,0,148
437,10,437,0,1,0,164
437,11,437,0,1,0,158
437,12,437,0,1,0,117
437,13,437,0,1,0,109
437,14,437,0,1,0,88
437,15,437,0,1,0,131
437,16,437,0,1,0,127
437,17,437,0,1,0,122
437,18,437,0,1,0,105
437,19,437,0,1,0,129
438,0,438,0,0,0,133
438,1,438,0,0,0,207
438,2,438,0,0,0,148
438,3,438,0,0,0,184
438,4,438,0,0,0,127
438,5,438,0,0,0,185
438,6,438,0,0,0,126
438,7,438,0,0,0,233
438,8,438,0,0,0,157
438,9,438,0,0,0,72
438,10,438,0,1,0,104
438,11,438,0,1,0,117
438,12,438,0,1,0,119
438,13,438,0,1,0,126
438,14,438,0,1,0,131
438,15,438,0,1,0,136
438,16,438,0,1,0,89
438,17,438,0,1,0,88
438,18,438,0,1,0,108
438,19,438,0,1,0,71
439,0,439,0,0,0,114
439,1,439,0,0,0,80
439,2,439,0,0,0,108
439,3,439,0,0,0,96
439,4,439,0,0,0,129
439,5,439,0,0,0,125
439,6,439,0,0,0,107
439,7,439,0,0,0,136
439,8,439,0,0,0,142
439,9,439,0,0,0,120
439,10,439,0,1,0,70
439,11,439,0,1,0,162
439,12,439,0,1,0,98
439,13,439,0,1,0,201
439,14,439,0,1,0,90
439,15,439,0,1,0,126
439,16,439,0,1,0,90
439,17,439,0,1,0,120
439,18,439,0,1,0,115
439,19,439,0,1,0,180
440,0,440,0,0,0,109
440,1,440,0,0,0,155
440,2,440,0,0,0,104
440,3,440,0,0,0,107
440,4,440,0,0,0,106
440,5,440,0,0,0,154
440,6,440,0,0,0,113
440,7,440,0,0,0,111
440,8,440,0,0,0,78
440,9,440,0,0,0,104
440,10,440,0,1,0,113
440,11,440,0,1,0,92
440,12,440,0,1,0,116
440,13,440,0,1,0,124
440,14,440,0,1,0,78
440,15,440,0,1,0,231
440,16,440,0,1,0,108
440,17,440,0,1,0,188
440,18,440,0,1,0,166
440,19,440,0,1,0,93
441,0,441,0,0,0,104
441,1,441,0,0,0,89
441,2,441,0,0,0,106
441,3,441,0,0,0,126
441,4,441,0,0,0,205
441,5,441,0,0,0,150
441,6,441,0,0,0,101
441,7,441,0,0,0,141
441,8,441,0,0,0,89
441,9,441,0,0,0,138
441,10,441,0,1,0,157
441,11,441,0,1,0,146
441,12,441,0,1,0,191
441,13,441,0,1,0,77
441,14,441,0,1,0,107
441,15,441,0,1,0,113
441,16,441,0,1,0,96
441,17,441,0,1,0,103
441,18,441,0,1,0,200
441,19,441,0,1,0,145
442,0,442,0,0,0,76
442,1,442,0,0,0,107
442,2,442,0,0,0,100
442,3,442,0,0,0,115
442,4,442,0,0,0,123
442,5,442,0,0,0,158
442,6,442,0,0,0,82
442,7,442,0,0,0,126
442,8,442,0,0,0,149
442,9,442,0,0,0,163
442,10,442,0,1,0,131
442,11,442,0,1,0,146
442,12,442,0,1,0,143
442,13,442,0,1,0,78
442,14,442,0,1,0,146
442,15,442,0,1,0,143
442,16,442,0,1,0,146
442,17,442,0,1,0,78
442,18,442,0,1,0,61
442,19,442,0,1,0,150
443,0,443,0,0,0,142
443,1,443,0,0,0,161
443,2,443,0,0,0,84
443,3,443,0,0,0,207
443,4,443,0,0,0,145
443,5,443,0,0,0,132
443,6,443,0,0,0,110
443,7,443,0,0,0,108
443,8,443,0,0,0,111
443,9,443,0,0,0,113
443,10,443,0,1,0,167
443,11,443,0,1,0,84
443,12,443,0,1,0,82
443,13,443,0,1,0,119
443,14,443,0,1,0,145
443,15,443,0,1,0,134
443,16,443,0,1,0,185
443,17,443,0,1,0,136
443,18,443,0,1,0,166
443,19,443,0,1,0,145
444,0,444,0,0,0,181
444,1,444,0,0,0,162
444,2,444,0,0,0,130
444,3,444,0,0,0,72
444,4,444,0,0,0,106
444,5,444,0,0,0,142
444,6,444,0,0,0,77
444,7,444,0,0,0,177
444,8,444,0,0,0,82
444,9,444,0,0,0,153
444,10,444,0,1,0,64
444,11,444,0,1,0,121
444,12,444,0,1,0,114
444,13,444,0,1,0,94
444,14,444,0,1,0,70
444,15,444,0,1,0,98
444,16,444,0,1,0,135
444,17,444,0,1,0,94
444,18,444,0,1,0,82
444,19,444,0,1,0,140
445,0,445,0,0,0,82
445,1,445,0,0,0,86
445,2,445,0,0,0,135
445,3,445,0,0,0,259
445,4,445,0,0,0,189
445,5,445,0,0,0,113
445,6,445,0,0,0,144
445,7,445,0,0,0,120
445,8,445,0,0,0,109
445,9,445,0,0,0,100
445,10,445,0,1,0,165
445,11,445,0,1,0,96
445,12,445,0,1,0,176
445,13,445,0,1,0,119
445,14,445,0,1,0,70
445,15,445,0,1,0,89
445,16,445,0,1,0,190
445,17,445,0,1,0,131
445,18,445,0,1,0,104
445,19,445,0,1,0,101
446,0,446,0,0,0,124
446,1,446,0,0,0,117
446,2,446,0,0,0,110
446,3,446,0,0,0,147
446,4,446,0,0,0,161
446,5,446,0,0,0,108
446,6,446,0,0,0,95
446,7,446,0,0,0,135
446,8,446,0,0,0,86
446,9,446,0,0,0,84
446,10,446,0,1,0,128
446,11,446,0,1,0,164
446,12,446,0,1,0,107
446,13,446,0,1,0,115
446,14,446,0,1,0,116
446,15,446,0,1,0,109
446,16,446,0,1,0,100
446,17,446,0,1,0,130
446,18,446,0,1,0,118
446,19,446,0,1,0,138
447,0,447,0,0,0,129
447,1,447,0,0,0,179
447,2,447,0,0,0,112
447,3,447,0,0,0,160
447,4,447,0,0,0,179
447,5,447,0,0,0,91
447,6,447,0,0,0,140
447,7,447,0,0,0,155
447,8,447,0,0,0,143
447,9,447,0,0,0,94
447,10,447,0,1,0,129
447,11,447,0,1,0,106
447,12,447,0,1,0,123
447,13,447,0,1,0,118
447,14,447,0,1,0,99
447,15,447,0,1,0,156
447,16,447,0,1,0,89
447,17,447,0,1,0,88
447,18,447,0,1,0,146
447,19,447,0,1,0,97
448,0,448,0,0,0,147
448,1,448,0,0,0,167
448,2,448,0,0,0,125
448,3,448,0,0,0,103
448,4,448,0,0,0,92
448,5,448,0,0,0,244
448,6,448,0,0,0,128
448,7,448,0,0,0,121
448,8,448,0,0,0,205
448,9,448,0,0,0,175
448,10,448,0,1,0,133
448,11,448,0,1,0,187
448,12,448,0,1,0,95
448,13,448,0,1,0,187
448,14,448,0,1,0,118
448,15,448,0,1,0,129
448,16,448,0,1,0,112
448,17,448,0,1,0,204
448,18,448,0,1,0,94
448,19,448,0,1,0,129
449,0,449,0,0,0,120
449,1,449,0,0,0,118
449,2,449,0,0,0,145
449,3,449,0,0,0,117
449,4,449,0,0,0,176
449,5,449,0,0,0,187
449,6,449,0,0,0,113
449,7,449,0,0,0,224
449,8,449,0,0,0,120
449,9,449,0,0,0,126
449,10,449,0,1,0,183
449,11,449,0,1,0,230
449,12,449,0,1,0,118
449,13,449,0,1,0,82
449,14,449,0,1,0,143
449,15,449,0,1,0,123
449,16,449,0,1,0,161
449,17,449,0,1,0,140
449,18,449,0,1,0,89
449,19,449,0,1,0,158
450,0,450,0,0,0,85
450,1,450,0,0,0,146
450,2,450,0,0,0,111
450,3,450,0,0,0,135
450,4,450,0,0,0,97
450,5,450,0,0,0,169
450,6,450,0,0,0,112
450,7,450,0,0,0,127
450,8,450,0,0,0,132
450,9,450,0,0,0,151
450,10,450,0,1,0,199
450,11,450,0,1,0,115
450,12,450,0,1,0,247
450,13,450,0,1,0,99
450,14,450,0,1,0,154
450,15,450,0,1,0,94
450,16,450,0,1,0,85
450,17,450,0,1,0,138
450,18,450,0,1,0,136
450,19,450,0,1,0,133
451,0,451,0,0,0,176
451,1,451,0,0,0,112
451,2,451,0,0,0,131
451,3,451,0,0,0,129
451,4,451,0,0,0,225
451,5,451,0,0,0,104
451,6,451,0,0,0,136
451,7,451,0,0,0,121
451,8,451,0,0,0,174
451,9,451,0,0,0,155
451,10,451,0,1,0,139
451,11,451,0,1,0,124
451,12,451,0,1,0,142
451,13,451,0,1,0,135
451,14,451,0,1,0,195
451,15,451,0,1,0,160
451,16,451,0,1,0,98
451,17,451,0,1,0,128
451,18,451,0,1,0,162
451,19,451,0,1,0,185
452,0,452,0,0,0,115
452,1,452,0,0,0,222
452,2,452,0,0,0,112
452,3,452,0,0,0,169
452,4,452,0,0,0,128
452,5,452,0,0,0,125
452,6,452,0,0,0,107
452,7,452,0,0,0,160
452,8,452,0,0,0,178
452,9,452,0,0,0,169
452,10,452,0,1,0,135
452,11,452,0,1,0,137
452,12,452,0,1,0,139
452,13,452,0,1,0,107
452,14,452,0,1,0,116
452,15,452,0,1,0,172
452,16,452,0,1,0,168
452,17,452,0,1,0,175
452,18,452,0,1,0,139
452,19,452,0,1,0,165
453,0,453,0,0,0,138
453,1,453,0,0,0,213
453,2,453,0,0,0,154
453,3,453,0,0,0,134
453,4,453,0,0,0,168
453,5,453,0,0,0,135
453,6,453,0,0,0,105
453,7,453,0,0,0,121
453,8,453,0,0,0,112
453,9,453,0,0,0,126
453,10,453,0,1,0,143
453,11,453,0,1,0,162
453,12,453,0,1,0,113
453,13,453,0,1,0,168
453,14,453,0,1,0,133
453,15,453,0,1,0,132
453,16,453,0,1,0,100
453,17,453,0,1,0,148
453,18,453,0,1,0,187
453,19,453,0,1,0,139
454,0,454,0,0,0,169
454,1,454,0,0,0,165
454,2,454,0,0,0,108
454,3,454,0,0,0,129
454,4,454,0,0,0,145
454,5,454,0,0,0,122
454,6,454,0,0,0,95
454,7,454,0,0,0,92
454,8,454,0,0,0,146
454,9,454,0,0,0,137
454,10,454,0,1,0,60
454,11,454,0,1,0,95
454,12,454,0,1,0,97
454,13,454,0,1,0,152
454,14,454,0,1,0,104
454,15,454,0,1,0,188
454,16,454,0,1,0,152
454,17,454,0,1,0,99
454,18,454,0,1,0,156
454,19,454,0,1,0,153
455,0,455,0,0,0,207
455,1,455,0,0,0,129
455,2,455,0,0,0,116
455,3,455,0,0,0,134
455,4,455,0,0,0,181
455,5,455,0,0,0,114
455,6,455,0,0,0,100
455,7,455,0,0,0,128
455,8,455,0,0,0,96
455,9,455,0,0,0,106
455,10,455,0,1,0,182
455,11,455,0,1,0,112
455,12,455,0,1,0,117
455,13,455,0,1,0,142
455,14,455,0,1,0,191
455,15,455,0,1,0,186
455,16,455,0,1,0,93
455,17,455,0,1,0,195
455,18,455,0,1,0,94
455,19,455,0,1,0,128
456,0,456,0,0,0,90
456,1,456,0,0,0,225
456,2,456,0,0,0,162
456,3,456,0,0,0,122
456,4,456,0,0,0,228
456,5,456,0,0,0,132
456,6,456,0,0,0,133
456,7,456,0,0,0,130
456,8,456,0,0,0,139
456,9,456,0,0,0,112
456,10,456,0,1,0,109
456,11,456,0,1,0,196
456,12,456,0,1,0,83
456,13,456,0,1,0,134
456,14,456,0,1,0,121
456,15,456,0,1,0,112
456,16,456,0,1,0,98
456,17,456,0,1,0,230
456,18,456,0,1,0,150
456,19,456,0,1,0,111
457,0,457,0,0,0,172
457,1,457,0,0,0,209
457,2,457,0,0,0,156
457,3,457,0,0,0,70
457,4,457,0,0,0,118
457,5,457,0,0,0,155
457,6,457,0,0,0,120
457,7,457,0,0,0,104
457,8,457,0,0,0,147
457,9,457,0,0,0,145
457,10,457,0,1,0,155
457,11,457,0,1,0,123
457,12,457,0,1,0,115
457,13,457,0,1,0,90
457,14,457,0,1,0,155
457,15,457,0,1,0,167
457,16,457,0,1,0,137
457,17,457,0,1,0,119
457,18,457,0,1,0,125
457,19,457,0,1,0,93
458,0,458,0,0,0,164
458,1,458,0,0,0,130
458,2,458,0,0,0,147
458,3,458,0,0,0,166
458,4,458,0,0,0,75
458,5,458,0,0,0,68
458,6,458,0,0,0,146
458,7,458,0,0,0,88
458,8,458,0,0,0,260
458,9,458,0,0,0,125
458,10,458,0,1,0,152
458,11,458,0,1,0,238
458,12,458,0,1,0,229
458,13,458,0,1,0,114
458,14,458,0,1,0,105
458,15,458,0,1,0,109
458,16,458,0,1,0,100
458,17,458,0,1,0,90
458,18,458,0,1,0,146
458,19,458,0,1,0,203
459,0,459,0,0,0,200
459,1,459,0,0,0,118
459,2,459,0,0,0,167
459,3,459,0,0,0,136
459,4,459,0,0,0,159
459,5,459,0,0,0,149
459,6,459,0,0,0,103
459,7,459,0,0,0,167
459,8,459,0,0,0,109
459,9,459,0,0,0,115
459,10,459,0,1,0,88
459,11,459,0,1,0,238
459,12,459,0,1,0,94
459,13,459,0,1,0,130
459,14,459,0,1,0,167
459,15,459,0,1,0,266
459,16,459,0,1,0,121
459,17,459,0,1,0,158
459,18,459,0,1,0,213
459,19,459,0,1,0,118
460,0,460,0,0,0,85
460,1,460,0,0,0,148
460,2,460,0,0,0,122
460,3,460,0,0,0,161
460,4,460,0,0,0,113
460,5,460,0,0,0,164
460,6,460,0,0,0,96
460,7,460,0,0,0,121
460,8,460,0,0,0,130
460,9,460,0,0,0,173
460,10,460,0,1,0,158
460,11,460,0,1,0,171
460,12,460,0,1,0,136
460,13,460,0,1,0,126
460,14,460,0,1,0,135
460,15,460,0,1,0,158
460,16,460,0,1,0,172
460,17,460,0,1,0,133
460,18,460,0,1,0,147
460,19,460,0,1,0,122
461,0,461,0,0,0,174
461,1,461,0,0,0,150
461,2,461,0,0,0,148
461,3,461,0,0,0,90
461,4,461,0,0,0,112
461,5,461,0,0,0,139
461,6,461,0,0,0,114
461,7,461,0,0,0,115
461,8,461,0,0,0,163
461,9,461,0,0,0,197
461,10,461,0,1,0,158
461,11,461,0,1,0,98
461,12,461,0,1,0,208
461,13,461,0,1,0,134
461,14,461,0,1,0,193
461,15,461,0,1,0,89
461,16,461,0,1,0,243
461,17,461,0,1,0,120
461,18,461,0,1,0,150
461,19,461,0,1,0,114
462,0,462,0,0,0,167
462,1,462,0,0,0,190
462,2,462,0,0,0,132
462,3,462,0,0,0,132
462,4,462,0,0,0,199
462,5,462,0,0,0,96
462,6,462,0,0,0,135
462,7,462,0,0,0,231
462,8,462,0,0,0,195
462,9,462,0,0,0,174
462,10,462,0,1,0,77
462,11,462,0,1,0,188
462,12,462,0,1,0,141
462,13,462,0,1,0,150
462,14,462,0,1,0,137
462,15,462,0,1,0,160
462,16,462,0,1,0,154
462,17,462,0,1,0,136
462,18,462,0,1,0,100
462,19,462,0,1,0,194
463,0,463,0,0,0,156
463,1,463,0,0,0,142
463,2,463,0,0,0,112
463,3,463,0,0,0,133
463,4,463,0,0,0,150
463,5,463,0,0,0,153
463,6,463,0,0,0,140
463,7,463,0,0,0,124
463,8,463,0,0,0,144
463,9,463,0,0,0,236
463,10,463,0,1,0,223
463,11,463,0,1,0,142
463,12,463,0,1,0,135
463,13,463,0,1,0,137
463,14,463,0,1,0,148
463,15,463,0,1,0,105
463,16,463,0,1,0,259
463,17,463,0,1,0,148
463,18,463,0,1,0,162
463,19,463,0,1,0,104
464,0,464,0,0,0,200
464,1,464,0,0,0,123
464,2,464,0,0,0,131
464,3,464,0,0,0,164
464,4,464,0,0,0,157
464,5,464,0,0,0,141
464,6,464,0,0,0,149
464,7,464,0,0,0,154
464,8,464,0,0,0,100
464,9,464,0,0,0,184
464,10,464,0,1,0,199
464,11,464,0,1,0,115
464,12,464,0,1,0,152
464,13,464,0,1,0,184
464,14,464,0,1,0,113
464,15,464,0,1,0,193
464,16,464,0,1,0,111
464,17,464,0,1,0,123
464,18,464,0,1,0,103
464,19,464,0,1,0,130
465,0,465,0,0,0,146
465,1,465,0,0,0,162
465,2,465,0,0,0,191
465,3,465,0,0,0,131
465,4,465,0,0,0,139
465,5,465,0,0,0,184
465,6,465,0,0,0,109
465,7,465,0,0,0,139
465,8,465,0,0,0,170
465,9,465,0,0,0,123
465,10,465,0,1,0,157
465,11,465,0,1,0,168
465,12,465,0,1,0,142
465,13,465,0,1,0,177
465,14,465,0,1,0,126
465,15,465,0,1,0,138
465,16,465,0,1,0,132
465,17,465,0,1,0,139
465,18,465,0,1,0,119
465,19,465,0,1,0,225
466,0,466,0,0,0,133
466,1,466,0,0,0,134
466,2,466,0,0,0,106
466,3,466,0,0,0,80
466,4,466,0,0,0,112
466,5,466,0,0,0,158
466,6,466,0,0,0,127
466,7,466,0,0,0,169
466,8,466,0,0,0,135
466,9,466,0,0,0,200
466,10,466,0,1,0,202
466,11,466,0,1,0,172
466,12,466,0,1,0,106
466,13,466,0,1,0,142
466,14,466,0,1,0,154
466,15,466,0,1,0,194
466,16,466,0,1,0,121
466,17,466,0,1,0,139
466,18,466,0,1,0,134
466,19,466,0,1,0,135
467,0,467,0,0,0,158
467,1,467,0,0,0,278
467,2,467,0,0,0,129
467,3,467,0,0,0,158
467,4,467,0,0,0,140
467,5,467,0,0,0,96
467,6,467,0,0,0,122
467,7,467,0,0,0,110
467,8,467,0,0,0,168
467,9,467,0,0,0,179
467,10,467,0,1,0,120
467,11,467,0,1,0,107
467,12,467,0,1,0,137
467,13,467,0,1,0,134
467,14,467,0,1,0,204
467,15,467,0,1,0,167
467,16,467,0,1,0,125
467,17,467,0,1,0,91
467,18,467,0,1,0,194
467,19,467,0,1,0,213
468,0,468,0,0,0,162
468,1,468,0,0,0,192
468,2,468,0,0,0,161
468,3,468,0,0,0,104
468,4,468,0,0,0,124
468,5,468,0,0,0,165
468,6,468,0,0,0,210
468,7,468,0,0,0,139
468,8,468,0,0,0,235
468,9,468,0,0,0,143
468,10,468,0,1,0,142
468,11,468,0,1,0,153
468,12,468,0,1,0,129
468,13,468,0,1,0,120
468,14,468,0,1,0,136
468,15,468,0,1,0,264
468,16,468,0,1,0,161
468,17,468,0,1,0,131
468,18,468,0,1,0,132
468,19,468,0,1,0,202
469,0,469,0,0,0,160
469,1,469,0,0,0,142
469,2,469,0,0,0,103
469,3,469,0,0,0,121
469,4,469,0,0,0,151
469,5,469,0,0,0,178
469,6,469,0,0,0,211
469,7,469,0,0,0,231
469,8,469,0,0,0,129
469,9,469,0,0,0,98
469,10,469,0,1,0,168
469,11,469,0,1,0,130
469,12,469,0,1,0,118
469,13,469,0,1,0,143
469,14,469,0,1,0,131
469,15,469,0,1,0,179
469,16,469,0,1,0,172
469,17,469,0,1,0,145
469,18,469,0,1,0,122
469,19,469,0,1,0,160
470,0,470,0,0,0,168
470,1,470,0,0,0,122
470,2,470,0,0,0,78
470,3,470,0,0,0,169
470,4,470,0,0,0,136
470,5,470,0,0,0,243
470,6,470,0,0,0,148
470,7,470,0,0,0,158
470,8,470,0,0,0,156
470,9,470,0,0,0,225
470,10,470,0,1,0,205
470,11,470,0,1,0,102
470,12,470,0,1,0,291
470,13,470,0,1,0,146
470,14,470,0,1,0,154
470,15,470,0,1,0,192
470,16,470,0,1,0,166
470,17,470,0,1,0,136
470,18,470,0,1,0,161
470,19,470,0,1,0,157
471,0,471,0,0,0,154
471,1,471,0,0,0,194
471,2,471,0,0,0,177
471,3,471,0,0,0,124
471,4,471,0,0,0,187
471,5,471,0,0,0,202
471,6,471,0,0,0,128
471,7,471,0,0,0,114
471,8,471,0,0,0,187
471,9,471,0,0,0,197
471,10,471,0,1,0,120
471,11,471,0,1,0,113
471,12,471,0,1,0,156
471,13,471,0,1,0,124
471,14,471,0,1,0,176
471,15,471,0,1,0,139
471,16,471,0,1,0,186
471,17,471,0,1,0,126
471,18,471,0,1,0,161
471,19,471,0,1,0,129
472,0,472,0,0,0,105
472,1,472,0,0,0,163
472,2,472,0,0,0,160
472,3,472,0,0,0,134
472,4,472,0,0,0,114
472,5,472,0,0,0,192
472,6,472,0,0,0,256
472,7,472,0,0,0,124
472,8,472,0,0,0,180
472,9,472,0,0,0,130
472,10,472,0,1,0,132
472,11,472,0,1,0,92
472,12,472,0,1,0,163
472,13,472,0,1,0,158
472,14,472,0,1,0,164
472,15,472,0,1,0,174
472,16,472,0,1,0,89
472,17,472,0,1,0,197
472,18,472,0,1,0,145
472,19,472,0,1,0,126
473,0,473,0,0,0,122
473,1,473,0,0,0,214
473,2,473,0,0,0,229
473,3,473,0,0,0,100
473,4,473,0,0,0,216
473,5,473,0,0,0,102
473,6,473,0,0,0,192
473,7,473,0,0,0,132
473,8,473,0,0,0,136
473,9,473,0,0,0,123
473,10,473,0,1,0,111
473,11,473,0,1,0,133
473,12,473,0,1,0,207
473,13,473,0,1,0,172
473,14,473,0,1,0,140
473,15,473,0,1,0,122
473,16,473,0,1,0,131
473,17,473,0,1,0,129
473,18,473,0,1,0,140
473,19,473,0,1,0,201
474,0,474,0,0,0,153
474,1,474,0,0,0,222
474,2,474,0,0,0,138
474,3,474,0,0,0,155
474,4,474,0,0,0,290
474,5,474,0,0,0,173
474,6,474,0,0,0,125
474,7,474,0,0,0,112
474,8,474,0,0,0,263
474,9,474,0,0,0,170
474,10,474,0,1,0,160
474,11,474,0,1,0,199
474,12,474,0,1,0,227
474,13,474,0,1,0,120
474,14,474,0,1,0,147
474,15,474,0,1,0,148
474,16,474,0,1,0,147
474,17,474,0,1,0,121
474,18,474,0,1,0,266
474,19,474,0,1,0,133
475,0,475,0,0,0,131
475,1,475,0,0,0,131
475,2,475,0,0,0,182
475,3,475,0,0,0,227
475,4,475,0,0,0,137
475,5,475,0,0,0,144
475,6,475,0,0,0,171
475,7,475,0,0,0,131
475,8,475,0,0,0,146
475,9,475,0,0,0,241
475,10,475,0,1,0,176
475,11,475,0,1,0,154
475,12,475,0,1,0,142
475,13,475,0,1,0,130
475,14,475,0,1,0,180
475,15,475,0,1,0,102
475,16,475,0,1,0,119
475,17,475,0,1,0,153
475,18,475,0,1,0,150
475,19,475,0,1,0,169
476,0,476,0,0,0,106
476,1,476,0,0,0,171
476,2,476,0,0,0,189
476,3,476,0,0,0,110
476,4,476,0,0,0,160
476,5,476,0,0,0,141
476,6,476,0,0,0,134
476,7,476,0,0,0,257
476,8,476,0,0,0,179
476,9,476,0,0,0,164
476,10,476,0,1,0,124
476,11,476,0,1,0,115
476,12,476,0,1,0,121
476,13,476,0,1,0,162
476,14,476,0,1,0,184
476,15,476,0,1,0,159
476,16,476,0,1,0,144
476,17,476,0,1,0,177
476,18,476,0,1,0,112
476,19,476,0,1,0,172
477,0,477,0,0,0,200
477,1,477,0,0,0,115
477,2,477,0,0,0,188
477,3,477,0,0,0,137
477,4,477,0,0,0,129
477,5,477,0,0,0,201
477,6,477,0,0,0,152
477,7,477,0,0,0,150
477,8,477,0,0,0,99
477,9,477,0,0,0,197
477,10,477,0,1,0,115
477,11,477,0,1,0,114
477,12,477,0,1,0,229
477,13,477,0,1,0,172
477,14,477,0,1,0,114
477,15,477,0,1,0,187
477,16,477,0,1,0,143
477,17,477,0,1,0,104
477,18,477,0,1,0,161
477,19,477,0,1,0,129
478,0,478,0,0,0,237
478,1,478,0,0,0,163
478,2,478,0,0,0,117
478,3,478,0,0,0,186
478,4,478,0,0,0,114
478,5,478,0,0,0,182
478,6,478,0,0,0,139
478,7,478,0,0,0,137
478,8,478,0,0,0,173
478,9,478,0,0,0,157
478,10,478,0,1,0,164
478,11,478,0,1,0,144
478,12,478,0,1,0,144
478,13,478,0,1,0,114
478,14,478,0,1,0,175
478,15,478,0,1,0,307
478,16,478,0,1,0,172
478,17,478,0,1,0,143
478,18,478,0,1,0,133
478,19,478,0,1,0,159
479,0,479,0,0,0,216
479,1,479,0,0,0,153
479,2,479,0,0,0,209
479,3,479,0,0,0,116
479,4,479,0,0,0,173
479,5,479,0,0,0,160
479,6,479,0,0,0,109
479,7,479,0,0,0,124
479,8,479,0,0,0,295
479,9,479,0,0,0,163
479,10,479,0,1,0,177
479,11,479,0,1,0,173
479,12,479,0,1,0,143
479,13,479,0,1,0,225
479,14,479,0,1,0,187
479,15,479,0,1,0,182
479,16,479,0,1,0,228
479,17,479,0,1,0,144
479,18,479,0,1,0,115
479,19,479,0,1,0,215
480,0,480,0,0,0,186
480,1,480,0,0,0,172
480,2,480,0,0,0,133
480,3,480,0,0,0,148
480,4,480,0,0,0,181
480,5,480,0,0,0,135
480,6,480,0,0,0,143
480,7,480,0,0,0,305
480,8,480,0,0,0,188
480,9,480,0,0,0,130
480,10,480,0,1,0,253
480,11,480,0,1,0,195
480,12,480,0,1,0,125
480,13,480,0,1,0,192
480,14,480,0,1,0,130
480,15,480,0,1,0,200
480,16,480,0,1,0,236
480,17,480,0,1,0,172
480,18,480,0,1,0,98
480,19,480,0,1,0,284
481,0,481,0,0,0,239
481,1,481,0,0,0,206
481,2,481,0,0,0,218
481,3,481,0,0,0,226
481,4,481,0,0,0,241
481,5,481,0,0,0,154
481,6,481,0,0,0,130
481,7,481,0,0,0,152
481,8,481,0,0,0,240
481,9,481,0,0,0,140
481,10,481,0,1,0,124
481,11,481,0,1,0,145
481,12,481,0,1,0,204
481,13,481,0,1,0,163
481,14,481,0,1,0,101
481,15,481,0,1,0,229
481,16,481,0,1,0,199
481,17,481,0,1,0,148
481,18,481,0,1,0,105
481,19,481,0,1,0,202
482,0,482,0,0,0,144
482,1,482,0,0,0,125
482,2,482,0,0,0,174
482,3,482,0,0,0,156
482,4,482,0,0,0,261
482,5,482,0,0,0,154
482,6,482,0,0,0,168
482,7,482,0,0,0,235
482,8,482,0,0,0,119
482,9,482,0,0,0,95
482,10,482,0,1,0,167
482,11,482,0,1,0,253
482,12,482,0,1,0,228
482,13,482,0,1,0,197
482,14,482,0,1,0,175
482,15,482,0,1,0,134
482,16,482,0,1,0,182
482,17,482,0,1,0,85
482,18,482,0,1,0,190
482,19,482,0,1,0,184
483,0,483,0,0,0,158
483,1,483,0,0,0,212
483,2,483,0,0,0,246
483,3,483,0,0,0,128
483,4,483,0,0,0,146
483,5,483,0,0,0,145
483,6,483,0,0,0,209
483,7,483,0,0,0,161
483,8,483,0,0,0,137
483,9,483,0,0,0,193
483,10,483,0,1,0,206
483,11,483,0,1,0,183
483,12,483,0,1,0,156
483,13,483,0,1,0,123
483,14,483,0,1,0,122
483,15,483,0,1,0,146
483,16,483,0,1,0,178
483,17,483,0,1,0,162
483,18,483,0,1,0,100
483,19,483,0,1,0,179
484,0,484,0,0,0,242
484,1,484,0,0,0,159
484,2,484,0,0,0,88
484,3,484,0,0,0,187
484,4,484,0,0,0,161
484,5,484,0,0,0,281
484,6,484,0,0,0,187
484,7,484,0,0,0,142
484,8,484,0,0,0,173
484,9,484,0,0,0,143
484,10,484,0,1,0,206
484,11,484,0,1,0,149
484,12,484,0,1,0,112
484,13,484,0,1,0,157
484,14,484,0,1,0,187
484,15,484,0,1,0,212
484,16,484,0,1,0,190
484,17,484,0,1,0,136
484,18,484,0,1,0,123
484,19,484,0,1,0,152
485,0,485,0,0,0,154
485,1,485,0,0,0,159
485,2,485,0,0,0,143
485,3,485,0,0,0,286
485,4,485,0,0,0,138
485,5,485,0,0,0,221
485,6,485,0,0,0,131
485,7,485,0,0,0,155
485,8,485,0,0,0,130
485,9,485,0,0,0,157
485,10,485,0,1,0,200
485,11,485,0,1,0,105
485,12,485,0,1,0,148
485,13,485,0,1,0,139
485,14,485,0,1,0,178
485,15,485,0,1,0,117
485,16,485,0,1,0,241
485,17,485,0,1,0,127
485,18,485,0,1,0,138
485,19,485,0,1,0,181
486,0,486,0,0,0,210
486,1,486,0,0,0,227
486,2,486,0,0,0,150
486,3,486,0,0,0,163
486,4,486,0,0,0,167
486,5,486,0,0,0,137
486,6,486,0,0,0,221
486,7,486,0,0,0,250
486,8,486,0,0,0,260
486,9,486,0,0,0,181
486,10,486,0,1,0,115
486,11,486,0,1,0,95
486,12,486,0,1,0,90
486,13,486,0,1,0,116
486,14,486,0,1,0,206
486,15,486,0,1,0,160
486,16,486,0,1,0,196
486,17,486,0,1,0,259
486,18,486,0,1,0,257
486,19,486,0,1,0,174
487,0,487,0,0,0,160
487,1,487,0,0,0,110
487,2,487,0,0,0,270
487,3,487,0,0,0,141
487,4,487,0,0,0,165
487,5,487,0,0,0,114
487,6,487,0,0,0,125
487,7,487,0,0,0,103
487,8,487,0,0,0,182
487,9,487,0,0,0,155
487,10,487,0,1,0,198
487,11,487,0,1,0,242
487,12,487,0,1,0,213
487,13,487,0,1,0,152
487,14,487,0,1,0,144
487,15,487,0,1,0,152
487,16,487,0,1,0,147
487,17,487,0,1,0,219
487,18,487,0,1,0,165
487,19,487,0,1,0,143
488,0,488,0,0,0,193
488,1,488,0,0,0,158
488,2,488,0,0,0,169
488,3,488,0,0,0,209
488,4,488,0,0,0,192
488,5,488,0,0,0,241
488,6,488,0,0,0,249
488,7,488,0,0,0,153
488,8,488,0,0,0,124
488,9,488,0,0,0,132
488,10,488,0,1,0,140
488,11,488,0,1,0,159
488,12,488,0,1,0,299
488,13,488,0,1,0,182
488,14,488,0,1,0,173
488,15,488,0,1,0,111
488,16,488,0,1,0,176
488,17,488,0,1,0,135
488,18,488,0,1,0,245
488,19,488,0,1,0,129
489,0,489,0,0,0,131
489,1,489,0,0,0,188
489,2,489,0,0,0,149
489,3,489,0,0,0,132
489,4,489,0,0,0,251
489,5,489,0,0,0,166
489,6,489,0,0,0,119
489,7,489,0,0,0,175
489,8,489,0,0,0,106
489,9,489,0,0,0,314
489,10,489,0,1,0,134
489,11,489,0,1,0,149
489,12,489,0,1,0,273
489,13,489,0,1,0,144
489,14,489,0,1,0,273
489,15,489,0,1,0,137
489,16,489,0,1,0,209
489,17,489,0,1,0,128
489,18,489,0,1,0,138
489,19,489,0,1,0,197
490,0,490,0,0,0,126
490,1,490,0,0,0,128
490,2,490,0,0,0,254
490,3,490,0,0,0,127
490,4,490,0,0,0,277
490,5,490,0,0,0,140
490,6,490,0,0,0,179
490,7,490,0,0,0,177
490,8,490,0,0,0,134
490,9,490,0,0,0,155
490,10,490,0,1,0,201
490,11,490,0,1,0,122
490,12,490,0,1,0,231
490,13,490,0,1,0,153
490,14,490,0,1,0,159
490,15,490,0,1,0,341
490,16,490,0,1,0,278
490,17,490,0,1,0,125
490,18,490,0,1,0,177
490,19,490,0,1,0,132
491,0,491,0,0,0,235
491,1,491,0,0,0,171
491,2,491,0,0,0,212
491,3,491,0,0,0,211
491,4,491,0,0,0,161
491,5,491,0,0,0,111
491,6,491,0,0,0,158
491,7,491,0,0,0,143
491,8,491,0,0,0,186
491,9,491,0,0,0,197
491,10,491,0,1,0,189
491,11,491,0,1,0,204
491,12,491,0,1,0,160
491,13,491,0,1,0,206
491,14,491,0,1,0,133
491,15,491,0,1,0,184
491,16,491,0,1,0,158
491,17,491,0,1,0,157
491,18,491,0,1,0,178
491,19,491,0,1,0,229
492,0,492,0,0,0,236
492,1,492,0,0,0,173
492,2,492,0,0,0,292
492,3,492,0,0,0,170
492,4,492,0,0,0,344
492,5,492,0,0,0,224
492,6,492,0,0,0,174
492,7,492,0,0,0,185
492,8,492,0,0,0,162
492,9,492,0,0,0,153
492,10,492,0,1,0,380
492,11,492,0,1,0,140
492,12,492,0,1,0,134
492,13,492,0,1,0,203
492,14,492,0,1,0,186
492,15,492,0,1,0,191
492,16,492,0,1,0,140
492,17,492,0,1,0,167
492,18,492,0,1,0,132
492,19,492,0,1,0,184
493,0,493,0,0,0,136
493,1,493,0,0,0,179
493,2,493,0,0,0,195
493,3,493,0,0,0,192
493,4,493,0,0,0,134
493,5,493,0,0,0,261
493,6,493,0,0,0,189
493,7,493,0,0,0,240
493,8,493,0,0,0,194
493,9,493,0,0,0,186
493,10,493,0,1,0,228
493,11,493,0,1,0,186
493,12,493,0,1,0,100
493,13,493,0,1,0,177
493,14,493,0,1,0,258
493,15,493,0,1,0,98
493,16,493,0,1,0,89
493,17,493,0,1,0,148
493,18,493,0,1,0,177
493,19,493,0,1,0,126
494,0,494,0,0,0,218
494,1,494,0,0,0,274
494,2,494,0,0,0,148
494,3,494,0,0,0,213
494,4,494,0,0,0,188
494,5,494,0,0,0,118
494,6,494,0,0,0,191
494,7,494,0,0,0,153
494,8,494,0,0,0,135
494,9,494,0,0,0,123
494,10,494,0,1,0,129
494,11,494,0,1,0,158
494,12,494,0,1,0,202
494,13,494,0,1,0,175
494,14,494,0,1,0,177
494,15,494,0,1,0,130
494,16,494,0,1,0,184
494,17,494,0,1,0,171
494,18,494,0,1,0,219
494,19,494,0,1,0,136
495,0,495,0,0,0,124
495,1,495,0,0,0,189
495,2,495,0,0,0,212
495,3,495,0,0,0,184
495,4,495,0,0,0,192
495,5,495,0,0,0,196
495,6,495,0,0,0,313
495,7,495,0,0,0,180
495,8,495,0,0,0,177
495,9,495,0,0,0,181
495,10,495,0,1,0,186
495,11,495,0,1,0,187
495,12,495,0,1,0,142
495,13,495,0,1,0,113
495,14,495,0,1,0,148
495,15,495,0,1,0,227
495,16,495,0,1,0,143
495,17,495,0,1,0,187
495,18,495,0,1,0,253
495,19,495,0,1,0,139
496,0,496,0,0,0,150
496,1,496,0,0,0,113
496,2,496,0,0,0,174
496,3,496,0,0,0,196
496,4,496,0,0,0,135
496,5,496,0,0,0,152
496,6,496,0,0,0,179
496,7,496,0,0,0,271
496,8,496,0,0,0,160
496,9,496,0,0,0,168
496,10,496,0,1,0,163
496,11,496,0,1,0,165
496,12,496,0,1,0,142
496,13,496,0,1,0,248
496,14,496,0,1,0,160
496,15,496,0,1,0,179
496,16,496,0,1,0,168
496,17,496,0,1,0,318
496,18,496,0,1,0,151
496,19,496,0,1,0,143
497,0,497,0,0,0,180
497,1,497,0,0,0,146
497,2,497,0,0,0,137
497,3,497,0,0,0,172
497,4,497,0,0,0,200
497,5,497,0,0,0,216
497,6,497,0,0,0,143
497,7,497,0,0,0,389
497,8,497,0,0,0,213
497,9,497,0,0,0,250
497,10,497,0,1,0,192
497,11,497,0,1,0,170
497,12,497,0,1,0,271
497,13,497,0,1,0,143
497,14,497,0,1,0,269
497,15,497,0,1,0,220
497,16,497,0,1,0,246
497,17,497,0,1,0,264
497,18,497,0,1,0,167
497,19,497,0,1,0,200
498,0,498,0,0,0,208
498,1,498,0,0,0,168
498,2,498,0,0,0,235
498,3,498,0,0,0,173
498,4,498,0,0,0,216
498,5,498,0,0,0,97
498,6,498,0,0,0,166
498,7,498,0,0,0,196
498,8,498,0,0,0,194
498,9,498,0,0,0,126
498,10,498,0,1,0,248
498,11,498,0,1,0,245
498,12,498,0,1,0,120
498,13,498,0,1,0,147
498,14,498,0,1,0,178
498,15,498,0,1,0,243
498,16,498,0,1,0,141
498,17,498,0,1,0,148
498,18,498,0,1,0,248
498,19,498,0,1,0,256
499,0,499,0,0,0,150
499,1,499,0,0,0,209
499,2,499,0,0,0,148
499,3,499,0,0,0,154
499,4,499,0,0,0,106
499,5,499,0,0,0,134
499,6,499,0,0,0,234
499,7,499,0,0,0,105
499,8,499,0,0,0,212
499,9,499,0,0,0,170
499,10,499,0,1,0,271
499,11,499,0,1,0,140
499,12,499,0,1,0,158
499,13,499,0,1,0,139
499,14,499,0,1,0,229
499,15,499,0,1,0,190
499,16,499,0,1,0,252
499,17,499,0,1,0,156
499,18,499,0,1,0,189
499,19,499,0,1,0,115
500,0,500,0,0,0,234
500,1,500,0,0,0,125
500,2,500,0,0,0,206
500,3,500,0,0,0,193
500,4,500,0,0,0,194
500,5,500,0,0,0,177
500,6,500,0,0,0,144
500,7,500,0,0,0,261
500,8,500,0,0,0,152
500,9,500,0,0,0,129
500,10,500,0,1,0,167
500,11,500,0,1,0,131
500,12,500,0,1,0,178
500,13,500,0,1,0,132
500,14,500,0,1,0,242
500,15,500,0,1,0,182
500,16,500,0,1,0,245
500,17,500,0,1,0,237
500,18,500,0,1,0,190
500,19,500,0,1,0,251
501,0,501,0,0,0,230
501,1,501,0,0,0,175
501,2,501,0,0,0,109
501,3,501,0,0,0,243
501,4,501,0,0,0,262
501,5,501,0,0,0,154
501,6,501,0,0,0,202
501,7,501,0,0,0,267
501,8,501,0,0,0,196
501,9,501,0,0,0,190
501,10,501,0,1,0,189
501,11,501,0,1,0,243
501,12,501,0,1,0,180
501,13,501,0,1,0,202
501,14,501,0,1,0,166
501,15,501,0,1,0,228
501,16,501,0,1,0,218
501,17,501,0,1,0,166
501,18,501,0,1,0,159
501,19,501,0,1,0,189
502,0,502,0,0,0,205
502,1,502,0,0,0,200
502,2,502,0,0,0,164
502,3,502,0,0,0,204
502,4,502,0,0,0,185
502,5,502,0,0,0,179
502,6,502,0,0,0,199
502,7,502,0,0,0,188
502,8,502,0,0,0,179
502,9,502,0,0,0,117
502,10,502,0,1,0,123
502,11,502,0,1,0,295
502,12,502,0,1,0,203
502,13,502,0,1,0,108
502,14,502,0,1,0,132
502,15,502,0,1,0,197
502,16,502,0,1,0,184
502,17,502,0,1,0,244
502,18,502,0,1,0,215
502,19,502,0,1,0,174
503,0,503,0,0,0,187
503,1,503,0,0,0,189
503,2,503,0,0,0,163
503,3,503,0,0,0,164
503,4,503,0,0,0,287
503,5,503,0,0,0,208
503,6,503,0,0,0,137
503,7,503,0,0,0,225
503,8,503,0,0,0,184
503,9,503,0,0,0,318
503,10,503,0,1,0,298
503,11,503,0,1,0,199
503,12,503,0,1,0,153
503,13,503,0,1,0,159
503,14,503,0,1,0,190
503,15,503,0,1,0,176
503,16,503,0,1,0,177
503,17,503,0,1,0,176
503,18,503,0,1,0,156
503,19,503,0,1,0,226
504,0,504,0,0,0,262
504,1,504,0,0,0,203
504,2,504,0,0,0,170
504,3,504,0,0,0,369
504,4,504,0,0,0,262
504,5,504,0,0,0,170
504,6,504,0,0,0,203
504,7,504,0,0,0,186
504,8,504,0,0,0,154
504,9,504,0,0,0,202
504,10,504,0,1,0,176
504,11,504,0,1,0,192
504,12,504,0,1,0,274
504,13,504,0,1,0,206
504,14,504,0,1,0,300
504,15,504,0,1,0,247
504,16,504,0,1,0,238
504,17,504,0,1,0,195
504,18,504,0,1,0,301
504,19,504,0,1,0,183
505,0,505,0,0,0,225
505,1,505,0,0,0,223
505,2,505,0,0,0,157
505,3,505,0,0,0,202
505,4,505,0,0,0,309
505,5,505,0,0,0,105
505,6,505,0,0,0,212
505,7,505,0,0,0,153
505,8,505,0,0,0,148
505,9,505,0,0,0,158
505,10,505,0,1,0,270
505,11,505,0,1,0,228
505,12,505,0,1,0,236
505,13,505,0,1,0,212
505,14,505,0,1,0,148
505,15,505,0,1,0,251
505,16,505,0,1,0,126
505,17,505,0,1,0,160
505,18,505,0,1,0,232
505,19,505,0,1,0,203
506,0,506,0,0,0,163
506,1,506,0,0,0,122
506,2,506,0,0,0,215
506,3,506,0,0,0,155
506,4,506,0,0,0,113
506,5,506,0,0,0,168
506,6,506,0,0,0,280
506,7,506,0,0,0,188
506,8,506,0,0,0,150
506,9,506,0,0,0,105
506,10,506,0,1,0,198
506,11,506,0,1,0,256
506,12,506,0,1,0,171
506,13,506,0,1,0,181
506,14,506,0,1,0,243
506,15,506,0,1,0,219
506,16,506,0,1,0,249
506,17,506,0,1,0,175
506,18,506,0,1,0,226
506,19,506,0,1,0,140
507,0,507,0,0,0,174
507,1,507,0,0,0,273
507,2,507,0,0,0,241
507,3,507,0,0,0,232
507,4,507,0,0,0,243
507,5,507,0,0,0,165
507,6,507,0,0,0,114
507,7,507,0,0,0,223
507,8,507,0,0,0,158
507,9,507,0,0,0,181
507,10,507,0,1,0,184
507,11,507,0,1,0,209
507,12,507,0,1,0,243
507,13,507,0,1,0,245
507,14,507,0,1,0,225
507,15,507,0,1,0,215
507,16,507,0,1,0,270
507,17,507,0,1,0,318
507,18,507,0,1,0,210
507,19,507,0,1,0,156
508,0,508,0,0,0,142
508,1,508,0,0,0,209
508,2,508,0,0,0,167
508,3,508,0,0,0,200
508,4,508,0,0,0,141
508,5,508,0,0,0,261
508,6,508,0,0,0,206
508,7,508,0,0,0,149
508,8,508,0,0,0,183
508,9,508,0,0,0,224
508,10,508,0,1,0,145
508,11,508,0,1,0,362
508,12,508,0,1,0,191
508,13,508,0,1,0,193
508,14,508,0,1,0,319
508,15,508,0,1,0,437
508,16,508,0,1,0,208
508,17,508,0,1,0,250
508,18,508,0,1,0,200
508,19,508,0,1,0,158
509,0,509,0,0,0,132
509,1,509,0,0,0,214
509,2,509,0,0,0,178
509,3,509,0,0,0,224
509,4,509,0,0,0,269
509,5,509,0,0,0,181
509,6,509,0,0,0,182
509,7,509,0,0,0,281
509,8,509,0,0,0,189
509,9,509,0,0,0,155
509,10,509,0,1,0,186
509,11,509,0,1,0,156
509,12,509,0,1,0,231
509,13,509,0,1,0,233
509,14,509,0,1,0,177
509,15,509,0,1,0,314
509,16,509,0,1,0,164
509,17,509,0,1,0,199
509,18,509,0,1,0,223
509,19,509,0,1,0,155
510,0,510,0,0,0,220
510,1,510,0,0,0,243
510,2,510,0,0,0,139
510,3,510,0,0,0,171
510,4,510,0,0,0,360
510,5,510,0,0,0,170
510,6,510,0,0,0,186
510,7,510,0,0,0,243
510,8,510,0,0,0,168
510,9,510,0,0,0,220
510,10,510,0,1,0,195
510,11,510,0,1,0,157
510,12,510,0,1,0,255
510,13,510,0,1,0,151
510,14,510,0,1,0,273
510,15,510,0,1,0,167
510,16,510,0,1,0,183
510,17,510,0,1,0,145
510,18,510,0,1,0,160
510,19,510,0,1,0,181
511,0,511,0,0,0,314
511,1,511,0,0,0,146
511,2,511,0,0,0,242
511,3,511,0,0,0,146
511,4,511,0,0,0,229
511,5,511,0,0,0,308
511,6,511,0,0,0,219
511,7,511,0,0,0,111
511,8,511,0,0,0,208
511,9,511,0,0,0,155
511,10,511,0,1,0,153
511,11,511,0,1,0,143
511,12,511,0,1,0,189
511,13,511,0,1,0,212
511,14,511,0,1,0,210
511,15,511,0,1,0,221
511,16,511,0,1,0,241
511,17,511,0,1,0,180
511,18,511,0,1,0,170
511,19,511,0,1,0,185
512,0,512,0,0,0,169
512,1,512,0,0,0,153
512,2,512,0,0,0,115
512,3,512,0,0,0,187
512,4,512,0,0,0,199
512,5,512,0,0,0,208
512,6,512,0,0,0,201
512,7,512,0,0,0,185
512,8,512,0,0,0,360
512,9,512,0,0,0,182
512,10,512,0,1,0,258
512,11,512,0,1,0,153
512,12,512,0,1,0,250
512,13,512,0,1,0,204
512,14,512,0,1,0,172
512,15,512,0,1,0,233
512,16,512,0,1,0,170
512,17,512,0,1,0,215
512,18,512,0,1,0,158
512,19,512,0,1,0,204
513,0,513,0,0,0,155
513,1,513,0,0,0,181
513,2,513,0,0,0,160
513,3,513,0,0,0,203
513,4,513,0,0,0,158
513,5,513,0,0,0,158
513,6,513,0,0,0,203
513,7,513,0,0,0,252
513,8,513,0,0,0,165
513,9,513,0,0,0,253
513,10,513,0,1,0,214
513,11,513,0,1,0,144
513,12,513,0,1,0,200
513,13,513,0,1,0,246
513,14,513,0,1,0,123
513,15,513,0,1,0,198
513,16,513,0,1,0,159
513,17,513,0,1,0,177
513,18,513,0,1,0,143
513,19,513,0,1,0,469
514,0,514,0,0,0,164
514,1,514,0,0,0,176
514,2,514,0,0,0,218
514,3,514,0,0,0,200
514,4,514,0,0,0,173
514,5,514,0,0,0,167
514,6,514,0,0,0,152
514,7,514,0,0,0,220
514,8,514,0,0,0,166
514,9,514,0,0,0,240
514,10,514,0,1,0,212
514,11,514,0,1,0,219
514,12,514,0,1,0,288
514,13,514,0,1,0,126
514,14,514,0,1,0,156
514,15,514,0,1,0,154
514,16,514,0,1,0,235
514,17,514,0,1,0,178
514,18,514,0,1,0,252
514,19,514,0,1,0,154
515,0,515,0,0,0,233
515,1,515,0,0,0,236
515,2,515,0,0,0,256
515,3,515,0,0,0,189
515,4,515,0,0,0,169
515,5,515,0,0,0,257
515,6,515,0,0,0,179
515,7,515,0,0,0,279
515,8,515,0,0,0,196
515,9,515,0,0,0,156
515,10,515,0,1,0,209
515,11,515,0,1,0,198
515,12,515,0,1,0,206
515,13,515,0,1,0,328
515,14,515,0,1,0,226
515,15,515,0,1,0,206
515,16,515,0,1,0,148
515,17,515,0,1,0,193
515,18,515,0,1,0,274
515,19,515,0,1,0,232
516,0,516,0,0,0,220
516,1,516,0,0,0,161
516,2,516,0,0,0,166
516,3,516,0,0,0,234
516,4,516,0,0,0,213
516,5,516,0,0,0,152
516,6,516,0,0,0,238
516,7,516,0,0,0,162
516,8,516,0,0,0,253
516,9,516,0,0,0,206
516,10,516,0,1,0,243
516,11,516,0,1,0,167
516,12,516,0,1,0,272
516,13,516,0,1,0,186
516,14,516,0,1,0,164
516,15,516,0,1,0,202
516,16,516,0,1,0,254
516,17,516,0,1,0,283
516,18,516,0,1,0,183
516,19,516,0,1,0,185
517,0,517,0,0,0,131
517,1,517,0,0,0,175
517,2,517,0,0,0,241
517,3,517,0,0,0,166
517,4,517,0,0,0,289
517,5,517,0,0,0,167
517,6,517,0,0,0,210
517,7,517,0,0,0,137
517,8,517,0,0,0,221
517,9,517,0,0,0,122
517,10,517,0,1,0,173
517,11,517,0,1,0,197
517,12,517,0,1,0,142
517,13,517,0,1,0,161
517,14,517,0,1,0,330
517,15,517,0,1,0,223
517,16,517,0,1,0,255
517,17,517,0,1,0,341
517,18,517,0,1,0,340
517,19,517,0,1,0,148
518,0,518,0,0,0,167
518,1,518,0,0,0,233
518,2,518,0,0,0,172
518,3,518,0,0,0,264
518,4,518,0,0,0,244
518,5,518,0,0,0,133
518,6,518,0,0,0,204
518,7,518,0,0,0,282
518,8,518,0,0,0,237
518,9,518,0,0,0,246
518,10,518,0,1,0,184
518,11,518,0,1,0,212
518,12,518,0,1,0,235
518,13,518,0,1,0,454
518,14,518,0,1,0,199
518,15,518,0,1,0,262
518,16,518,0,1,0,150
518,17,518,0,1,0,235
518,18,518,0,1,0,171
518,19,518,0,1,0,203
519,0,519,0,0,0,163
519,1,519,0,0,0,212
519,2,519,0,0,0,260
519,3,519,0,0,0,278
519,4,519,0,0,0,278
519,5,519,0,0,0,191
519,6,519,0,0,0,212
519,7,519,0,0,0,296
519,8,519,0,0,0,200
519,9,519,0,0,0,198
519,10,519,0,1,0,192
519,11,519,0,1,0,166
519,12,519,0,1,0,219
519,13,519,0,1,0,162
519,14,519,0,1,0,266
519,15,519,0,1,0,115
519,16,519,0,1,0,212
519,17,519,0,1,0,201
519,18,519,0,1,0,203
519,19,519,0,1,0,214
520,0,520,0,0,0,157
520,1,520,0,0,0,252
520,2,520,0,0,0,188
520,3,520,0,0,0,248
520,4,520,0,0,0,212
520,5,520,0,0,0,180
520,6,520,0,0,0,214
520,7,520,0,0,0,160
520,8,520,0,0,0,269
520,9,520,0,0,0,265
520,10,520,0,1,0,255
520,11,520,0,1,0,285
520,12,520,0,1,0,133
520,13,520,0,1,0,167
520,14,520,0,1,0,300
520,15,520,0,1,0,184
520,16,520,0,1,0,211
520,17,520,0,1,0,186
520,18,520,0,1,0,186
520,19,520,0,1,0,191
521,0,521,0,0,0,196
521,1,521,0,0,0,183
521,2,521,0,0,0,189
521,3,521,0,0,0,366
521,4,521,0,0,0,227
521,5,521,0,0,0,197
521,6,521,0,0,0,169
521,7,521,0,0,0,295
521,8,521,0,0,0,244
521,9,521,0,0,0,163
521,10,521,0,1,0,167
521,11,521,0,1,0,172
521,12,521,0,1,0,248
521,13,521,0,1,0,166
521,14,521,0,1,0,206
521,15,521,0,1,0,159
521,16,521,0,1,0,233
521,17,521,0,1,0,249
521,18,521,0,1,0,293
521,19,521,0,1,0,227
522,0,522,0,0,0,162
522,1,522,0,0,0,217
522,2,522,0,0,0,204
522,3,522,0,0,0,271
522,4,522,0,0,0,343
522,5,522,0,0,0,194
522,6,522,0,0,0,145
522,7,522,0,0,0,233
522,8,522,0,0,0,226
522,9,522,0,0,0,269
522,10,522,0,1,0,177
522,11,522,0,1,0,227
522,12,522,0,1,0,151
522,13,522,0,1,0,268
522,14,522,0,1,0,196
522,15,522,0,1,0,326
522,16,522,0,1,0,274
522,17,522,0,1,0,255
522,18,522,0,1,0,415
522,19,522,0,1,0,210
523,0,523,0,0,0,262
523,1,523,0,0,0,235
523,2,523,0,0,0,119
523,3,523,0,0,0,177
523,4,523,0,0,0,238
523,5,523,0,0,0,208
523,6,523,0,0,0,217
523,7,523,0,0,0,231
523,8,523,0,0,0,232
523,9,523,0,0,0,101
523,10,523,0,1,0,399
523,11,523,0,1,0,211
523,12,523,0,1,0,161
523,13,523,0,1,0,212
523,14,523,0,1,0,286
523,15,523,0,1,0,153
523,16,523,0,1,0,231
523,17,523,0,1,0,270
523,18,523,0,1,0,150
523,19,523,0,1,0,197
524,0,524,0,0,0,259
524,1,524,0,0,0,201
524,2,524,0,0,0,254
524,3,524,0,0,0,170
524,4,524,0,0,0,208
524,5,524,0,0,0,166
524,6,524,0,0,0,303
524,7,524,0,0,0,240
524,8,524,0,0,0,221
524,9,524,0,0,0,171
524,10,524,0,1,0,203
524,11,524,0,1,0,98
524,12,524,0,1,0,261
524,13,524,0,1,0,214
524,14,524,0,1,0,203
524,15,524,0,1,0,258
524,16,524,0,1,0,257
524,17,524,0,1,0,223
524,18,524,0,1,0,256
524,19,524,0,1,0,229
525,0,525,0,0,0,223
525,1,525,0,0,0,143
525,2,525,0,0,0,284
525,3,525,0,0,0,256
525,4,525,0,0,0,286
525,5,525,0,0,0,298
525,6,525,0,0,0,210
525,7,525,0,0,0,275
525,8,525,0,0,0,215
525,9,525,0,0,0,337
525,10,525,0,1,0,259
525,11,525,0,1,0,268
525,12,525,0,1,0,256
525,13,525,0,1,0,332
525,14,525,0,1,0,169
525,15,525,0,1,0,145
525,16,525,0,1,0,220
525,17,525,0,1,0,311
525,18,525,0,1,0,218
525,19,525,0,1,0,296
526,0,526,0,0,0,253
526,1,526,0,0,0,186
526,2,526,0,0,0,247
526,3,526,0,0,0,214
526,4,526,0,0,0,244
526,5,526,0,0,0,264
526,6,526,0,0,0,281
526,7,526,0,0,0,211
526,8,526,0,0,0,140
526,9,526,0,0,0,233
526,10,526,0,1,0,208
526,11,526,0,1,0,258
526,12,526,0,1,0,228
526,13,526,0,1,0,345
526,14,526,0,1,0,229
526,15,526,0,1,0,160
526,16,526,0,1,0,323
526,17,526,0,1,0,289
526,18,526,0,1,0,247
526,19,526,0,1,0,141
527,0,527,0,0,0,241
527,1,527,0,0,0,280
527,2,527,0,0,0,181
527,3,527,0,0,0,290
527,4,527,0,0,0,318
527,5,527,0,0,0,203
527,6,527,0,0,0,260
527,7,527,0,0,0,208
527,8,527,0,0,0,206
527,9,527,0,0,0,259
527,10,527,0,1,0,243
527,11,527,0,1,0,271
527,12,527,0,1,0,363
527,13,527,0,1,0,195
527,14,527,0,1,0,233
527,15,527,0,1,0,371
527,16,527,0,1,0,371
527,17,527,0,1,0,309
527,18,527,0,1,0,315
527,19,527,0,1,0,184
528,0,528,0,0,0,274
528,1,528,0,0,0,181
528,2,528,0,0,0,221
528,3,528,0,0,0,172
528,4,528,0,0,0,292
528,5,528,0,0,0,211
528,6,528,0,0,0,275
528,7,528,0,0,0,260
528,8,528,0,0,0,260
528,9,528,0,0,0,160
528,10,528,0,1,0,272
528,11,528,0,1,0,275
528,12,528,0,1,0,159
528,13,528,0,1,0,224
528,14,528,0,1,0,242
528,15,528,0,1,0,305
528,16,528,0,1,0,198
528,17,528,0,1,0,209
528,18,528,0,1,0,187
528,19,528,0,1,0,224
529,0,529,0,0,0,283
529,1,529,0,0,0,253
529,2,529,0,0,0,175
529,3,529,0,0,0,223
529,4,529,0,0,0,206
529,5,529,0,0,0,178
529,6,529,0,0,0,303
529,7,529,0,0,0,160
529,8,529,0,0,0,186
529,9,529,0,0,0,193
529,10,529,0,1,0,264
529,11,529,0,1,0,310
529,12,529,0,1,0,218
529,13,529,0,1,0,210
529,14,529,0,1,0,257
529,15,529,0,1,0,336
529,16,529,0,1,0,223
529,17,529,0,1,0,204
529,18,529,0,1,0,339
529,19,529,0,1,0,200
530,0,530,0,0,0,197
530,1,530,0,0,0,137
530,2,530,0,0,0,261
530,3,530,0,0,0,187
530,4,530,0,0,0,255
530,5,530,0,0,0,191
530,6,530,0,0,0,258
530,7,530,0,0,0,180
530,8,530,0,0,0,254
530,9,530,0,0,0,238
530,10,530,0,1,0,257
530,11,530,0,1,0,200
530,12,530,0,1,0,203
530,13,530,0,1,0,194
530,14,530,0,1,0,253
530,15,530,0,1,0,257
530,16,530,0,1,0,254
530,17,530,0,1,0,199
530,18,530,0,1,0,176
530,19,530,0,1,0,178
531,0,531,0,0,0,232
531,1,531,0,0,0,230
531,2,531,0,0,0,217
531,3,531,0,0,0,217
531,4,531,0,0,0,247
531,5,531,0,0,0,257
531,6,531,0,0,0,301
531,7,531,0,0,0,291
531,8,531,0,0,0,236
531,9,531,0,0,0,288
531,10,531,0,1,0,195
531,11,531,0,1,0,298
531,12,531,0,1,0,196
531,13,531,0,1,0,200
531,14,531,0,1,0,186
531,15,531,0,1,0,226
531,16,531,0,1,0,316
531,17,531,0,1,0,219
531,18,531,0,1,0,232
531,19,531,0,1,0,242
532,0,532,0,0,0,145
532,1,532,0,0,0,198
532,2,532,0,0,0,237
532,3,532,0,0,0,216
532,4,532,0,0,0,297
532,5,532,0,0,0,265
532,6,532,0,0,0,247
532,7,532,0,0,0,318
532,8,532,0,0,0,231
532,9,532,0,0,0,258
532,10,532,0,1,0,290
532,11,532,0,1,0,235
532,12,532,0,1,0,258
532,13,532,0,1,0,236
532,14,532,0,1,0,244
532,15,532,0,1,0,272
532,16,532,0,1,0,187
532,17,532,0,1,0,489
532,18,532,0,1,0,320
532,19,532,0,1,0,447
533,0,533,0,0,0,380
533,1,533,0,0,0,177
533,2,533,0,0,0,242
533,3,533,0,0,0,175
533,4,533,0,0,0,246
533,5,533,0,0,0,200
533,6,533,0,0,0,344
533,7,533,0,0,0,398
533,8,533,0,0,0,197
533,9,533,0,0,0,251
533,10,533,0,1,0,203
533,11,533,0,1,0,216
533,12,533,0,1,0,274
533,13,533,0,1,0,147
533,14,533,0,1,0,147
533,15,533,0,1,0,194
533,16,533,0,1,0,337
533,17,533,0,1,0,422
533,18,533,0,1,0,186
533,19,533,0,1,0,233
534,0,534,0,0,0,186
534,1,534,0,0,0,256
534,2,534,0,0,0,289
534,3,534,0,0,0,237
534,4,534,0,0,0,203
534,5,534,0,0,0,194
534,6,534,0,0,0,281
534,7,534,0,0,0,179
534,8,534,0,0,0,207
534,9,534,0,0,0,227
534,10,534,0,1,0,369
534,11,534,0,1,0,222
534,12,534,0,1,0,277
534,13,534,0,1,0,345
534,14,534,0,1,0,207
534,15,534,0,1,0,274
534,16,534,0,1,0,357
534,17,534,0,1,0,233
534,18,534,0,1,0,204
534,19,534,0,1,0,221
535,0,535,0,0,0,289
535,1,535,0,0,0,331
535,2,535,0,0,0,296
535,3,535,0,0,0,183
535,4,535,0,0,0,238
535,5,535,0,0,0,255
535,6,535,0,0,0,298
535,7,535,0,0,0,297
535,8,535,0,0,0,251
535,9,535,0,0,0,209
535,10,535,0,1,0,310
535,11,535,0,1,0,249
535,12,535,0,1,0,204
535,13,535,0,1,0,158
535,14,535,0,1,0,250
535,15,535,0,1,0,194
535,16,535,0,1,0,271
535,17,535,0,1,0,329
535,18,535,0,1,0,280
535,19,535,0,1,0,439
536,0,536,0,0,0,316
536,1,536,0,0,0,198
536,2,536,0,0,0,137
536,3,536,0,0,0,210
536,4,536,0,0,0,219
536,5,536,0,0,0,183
536,6,536,0,0,0,260
536,7,536,0,0,0,324
536,8,536,0,0,0,297
536,9,536,0,0,0,262
536,10,536,0,1,0,238
536,11,536,0,1,0,207
536,12,536,0,1,0,185
536,13,536,0,1,0,229
536,14,536,0,1,0,221
536,15,536,0,1,0,261
536,16,536,0,1,0,221
536,17,536,0,1,0,222
536,18,536,0,1,0,197
536,19,536,0,1,0,252
537,0,537,0,0,0,356
537,1,537,0,0,0,285
537,2,537,0,0,0,242
537,3,537,0,0,0,188
537,4,537,0,0,0,334
537,5,537,0,0,0,290
537,6,537,0,0,0,430
537,7,537,0,0,0,249
537,8,537,0,0,0,180
537,9,537,0,0,0,356
537,10,537,0,1,0,257
537,11,537,0,1,0,184
537,12,537,0,1,0,252
537,13,537,0,1,0,351
537,14,537,0,1,0,218
537,15,537,0,1,0,260
537,16,537,0,1,0,321
537,17,537,0,1,0,181
537,18,537,0,1,0,350
537,19,537,0,1,0,339
538,0,538,0,0,0,216
538,1,538,0,0,0,203
538,2,538,0,0,0,295
538,3,538,0,0,0,357
538,4,538,0,0,0,169
538,5,538,0,0,0,201
538,6,538,0,0,0,298
538,7,538,0,0,0,227
538,8,538,0,0,0,225
538,9,538,0,0,0,198
538,10,538,0,1,0,224
538,11,538,0,1,0,148
538,12,538,0,1,0,195
538,13,538,0,1,0,196
538,14,538,0,1,0,358
538,15,538,0,1,0,368
538,16,538,0,1,0,332
538,17,538,0,1,0,324
538,18,538,0,1,0,429
538,19,538,0,1,0,169
539,0,539,0,0,0,276
539,1,539,0,0,0,281
539,2,539,0,0,0,238
539,3,539,0,0,0,179
539,4,539,0,0,0,198
539,5,539,0,0,0,180
539,6,539,0,0,0,335
539,7,539,0,0,0,197
539,8,539,0,0,0,191
539,9,539,0,0,0,249
539,10,539,0,1,0,255
539,11,539,0,1,0,202
539,12,539,0,1,0,387
539,13,539,0,1,0,267
539,14,539,0,1,0,229
539,15,539,0,1,0,239
539,16,539,0,1,0,239
539,17,539,0,1,0,277
539,18,539,0,1,0,317
539,19,539,0,1,0,213
540,0,540,0,0,0,196
540,1,540,0,0,0,248
540,2,540,0,0,0,189
540,3,540,0,0,0,313
540,4,540,0,0,0,215
540,5,540,0,0,0,278
540,6,540,0,0,0,185
540,7,540,0,0,0,251
540,8,540,0,0,0,267
540,9,540,0,0,0,239
540,10,540,0,1,0,215
540,11,540,0,1,0,331
540,12,540,0,1,0,216
540,13,540,0,1,0,227
540,14,540,0,1,0,221
540,15,540,0,1,0,217
540,16,540,0,1,0,248
540,17,540,0,1,0,208
540,18,540,0,1,0,183
540,19,540,0,1,0,324
541,0,541,0,0,0,258
541,1,541,0,0,0,317
541,2,541,0,0,0,330
541,3,541,0,0,0,352
541,4,541,0,0,0,191
541,5,541,0,0,0,259
541,6,541,0,0,0,161
541,7,541,0,0,0,338
541,8,541,0,0,0,221
541,9,541,0,0,0,335
541,10,541,0,1,0,253
541,11,541,0,1,0,271
541,12,541,0,1,0,199
541,13,541,0,1,0,201
541,14,541,0,1,0,232
541,15,541,0,1,0,209
541,16,541,0,1,0,140
541,17,541,0,1,0,253
541,18,541,0,1,0,182
541,19,541,0,1,0,241
542,0,542,0,0,0,293
542,1,542,0,0,0,230
542,2,542,0,0,0,256
542,3,542,0,0,0,190
542,4,542,0,0,0,217
542,5,542,0,0,0,244
542,6,542,0,0,0,168
542,7,542,0,0,0,373
542,8,542,0,0,0,228
542,9,542,0,0,0,222
542,10,542,0,1,0,237
542,11,542,0,1,0,321
542,12,542,0,1,0,201
542,13,542,0,1,0,206
542,14,542,0,1,0,365
542,15,542,0,1,0,372
542,16,542,0,1,0,245
542,17,542,0,1,0,345
542,18,542,0,1,0,206
542,19,542,0,1,0,409
543,0,543,0,0,0,253
543,1,543,0,0,0,312
543,2,543,0,0,0,230
543,3,543,0,0,0,266
543,4,543,0,0,0,391
543,5,543,0,0,0,339
543,6,543,0,0,0,196
543,7,543,0,0,0,363
543,8,543,0,0,0,244
543,9,543,0,0,0,252
543,10,543,0,1,0,171
543,11,543,0,1,0,166
543,12,543,0,1,0,245
543,13,543,0,1,0,344
543,14,543,0,1,0,406
543,15,543,0,1,0,264
543,16,543,0,1,0,301
543,17,543,0,1,0,229
543,18,543,0,1,0,348
543,19,543,0,1,0,285
544,0,544,0,0,0,263
544,1,544,0,0,0,238
544,2,544,0,0,0,279
544,3,544,0,0,0,213
544,4,544,0,0,0,195
544,5,544,0,0,0,235
544,6,544,0,0,0,232
544,7,544,0,0,0,254
544,8,544,0,0,0,184
544,9,544,0,0,0,319
544,10,544,0,1,0,314
544,11,544,0,1,0,202
544,12,544,0,1,0,431
544,13,544,0,1,0,238
544,14,544,0,1,0,220
544,15,544,0,1,0,269
544,16,544,0,1,0,370
544,17,544,0,1,0,273
544,18,544,0,1,0,160
544,19,544,0,1,0,145
545,0,545,0,0,0,311
545,1,545,0,0,0,350
545,2,545,0,0,0,199
545,3,545,0,0,0,172
545,4,545,0,0,0,286
545,5,545,0,0,0,315
545,6,545,0,0,0,209
545,7,545,0,0,0,357
545,8,545,0,0,0,265
545,9,545,0,0,0,230
545,10,545,0,1,0,208
545,11,545,0,1,0,178
545,12,545,0,1,0,333
545,13,545,0,1,0,246
545,14,545,0,1,0,243
545,15,545,0,1,0,250
545,16,545,0,1,0,214
545,17,545,0,1,0,293
545,18,545,0,1,0,314
545,19,545,0,1,0,241
546,0,546,0,0,0,242
546,1,546,0,0,0,292
546,2,546,0,0,0,290
546,3,546,0,0,0,359
546,4,546,0,0,0,227
546,5,546,0,0,0,305
546,6,546,0,0,0,225
546,7,546,0,0,0,264
546,8,546,0,0,0,283
546,9,546,0,0,0,231
546,10,546,0,1,0,276
546,11,546,0,1,0,190
546,12,546,0,1,0,263
546,13,546,0,1,0,235
546,14,546,0,1,0,255
546,15,546,0,1,0,420
546,16,546,0,1,0,238
546,17,546,0,1,0,254
546,18,546,0,1,0,322
546,19,546,0,1,0,292
547,0,547,0,0,0,390
547,1,547,0,0,0,205
547,2,547,0,0,0,207
547,3,547,0,0,0,211
547,4,547,0,0,0,424
547,5,547,0,0,0,176
547,6,547,0,0,0,230
547,7,547,0,0,0,274
547,8,547,0,0,0,278
547,9,547,0,0,0,163
547,10,547,0,1,0,322
547,11,547,0,1,0,206
547,12,547,0,1,0,299
547,13,547,0,1,0,184
547,14,547,0,1,0,377
547,15,547,0,1,0,231
547,16,547,0,1,0,228
547,17,547,0,1,0,321
547,18,547,0,1,0,161
547,19,547,0,1,0,219
548,0,548,0,0,0,571
548,1,548,0,0,0,206
548,2,548,0,0,0,408
548,3,548,0,0,0,299
548,4,548,0,0,0,329
548,5,548,0,0,0,282
548,6,548,0,0,0,183
548,7,548,0,0,0,189
548,8,548,0,0,0,467
548,9,548,0,0,0,214
548,10,548,0,1,0,171
548,11,548,0,1,0,224
548,12,548,0,1,0,236
548,13,548,0,1,0,260
548,14,548,0,1,0,215
548,15,548,0,1,0,262
548,16,548,0,1,0,140
548,17,548,0,1,0,157
548,18,548,0,1,0,244
548,19,548,0,1,0,245
549,0,549,0,0,0,237
549,1,549,0,0,0,185
549,2,549,0,0,0,278
549,3,549,0,0,0,244
549,4,549,0,0,0,246
549,5,549,0,0,0,238
549,6,549,0,0,0,134
549,7,549,0,0,0,237
549,8,549,0,0,0,172
549,9,549,0,0,0,357
549,10,549,0,1,0,245
549,11,549,0,1,0,400
549,12,549,0,1,0,306
549,13,549,0,1,0,329
549,14,549,0,1,0,245
549,15,549,0,1,0,246
549,16,549,0,1,0,274
549,17,549,0,1,0,305
549,18,549,0,1,0,309
549,19,549,0,1,0,287
550,0,550,0,0,0,286
550,1,550,0,0,0,236
550,2,550,0,0,0,309
550,3,550,0,0,0,337
550,4,550,0,0,0,277
550,5,550,0,0,0,311
550,6,550,0,0,0,239
550,7,550,0,0,0,383
550,8,550,0,0,0,226
550,9,550,0,0,0,469
550,10,550,0,1,0,261
550,11,550,0,1,0,250
550,12,550,0,1,0,199
550,13,550,0,1,0,247
550,14,550,0,1,0,177
550,15,550,0,1,0,274
550,16,550,0,1,0,315
550,17,550,0,1,0,303
550,18,550,0,1,0,182
550,19,550,0,1,0,172
551,0,551,0,0,0,269
551,1,551,0,0,0,381
551,2,551,0,0,0,256
551,3,551,0,0,0,203
551,4,551,0,0,0,269
551,5,551,0,0,0,205
551,6,551,0,0,0,237
551,7,551,0,0,0,303
551,8,551,0,0,0,267
551,9,551,0,0,0,452
551,10,551,0,1,0,258
551,11,551,0,1,0,280
551,12,551,0,1,0,223
551,13,551,0,1,0,262
551,14,551,0,1,0,314
551,15,551,0,1,0,216
551,16,551,0,1,0,227
551,17,551,0,1,0,247
551,18,551,0,1,0,356
551,19,551,0,1,0,452
552,0,552,0,0,0,236
552,1,552,0,0,0,234
552,2,552,0,0,0,245
552,3,552,0,0,0,232
552,4,552,0,0,0,231
552,5,552,0,0,0,444
552,6,552,0,0,0,243
552,7,552,0,0,0,269
552,8,552,0,0,0,252
552,9,552,0,0,0,278
552,10,552,0,1,0,332
552,11,552,0,1,0,277
552,12,552,0,1,0,158
552,13,552,0,1,0,412
552,14,552,0,1,0,290
552,15,552,0,1,0,227
552,16,552,0,1,0,250
552,17,552,0,1,0,327
552,18,552,0,1,0,186
552,19,552,0,1,0,225
553,0,553,0,0,0,233
553,1,553,0,0,0,212
553,2,553,0,0,0,300
553,3,553,0,0,0,492
553,4,553,0,0,0,316
553,5,553,0,0,0,210
553,6,553,0,0,0,205
553,7,553,0,0,0,241
553,8,553,0,0,0,224
553,9,553,0,0,0,263
553,10,553,0,1,0,232
553,11,553,0,1,0,241
553,12,553,0,1,0,291
553,13,553,0,1,0,210
553,14,553,0,1,0,376
553,15,553,0,1,0,299
553,16,553,0,1,0,306
553,17,553,0,1,0,243
553,18,553,0,1,0,280
553,19,553,0,1,0,243
554,0,554,0,0,0,286
554,1,554,0,0,0,386
554,2,554,0,0,0,389
554,3,554,0,0,0,287
554,4,554,0,0,0,242
554,5,554,0,0,0,248
554,6,554,0,0,0,293
554,7,554,0,0,0,282
554,8,554,0,0,0,205
554,9,554,0,0,0,146
554,10,554,0,1,0,218
554,11,554,0,1,0,279
554,12,554,0,1,0,248
554,13,554,0,1,0,301
554,14,554,0,1,0,237
554,15,554,0,1,0,306
554,16,554,0,1,0,264
554,17,554,0,1,0,450
554,18,554,0,1,0,234
554,19,554,0,1,0,161
555,0,555,0,0,0,260
555,1,555,0,0,0,236
555,2,555,0,0,0,238
555,3,555,0,0,0,179
555,4,555,0,0,0,237
555,5,555,0,0,0,274
555,6,555,0,0,0,236
555,7,555,0,0,0,360
555,8,555,0,0,0,314
555,9,555,0,0,0,239
555,10,555,0,1,0,275
555,11,555,0,1,0,201
555,12,555,0,1,0,254
555,13,555,0,1,0,262
555,14,555,0,1,0,327
555,15,555,0,1,0,229
555,16,555,0,1,0,249
555,17,555,0,1,0,256
555,18,555,0,1,0,396
555,19,555,0,1,0,430
556,0,556,0,0,0,202
556,1,556,0,0,0,324
556,2,556,0,0,0,173
556,3,556,0,0,0,310
556,4,556,0,0,0,479
556,5,556,0,0,0,264
556,6,556,0,0,0,311
556,7,556,0,0,0,293
556,8,556,0,0,0,215
556,9,556,0,0,0,268
556,10,556,0,1,0,286
556,11,556,0,1,0,293
556,12,556,0,1,0,317
556,13,556,0,1,0,295
556,14,556,0,1,0,267
556,15,556,0,1,0,232
556,16,556,0,1,0,269
556,17,556,0,1,0,250
556,18,556,0,1,0,275
556,19,556,0,1,0,162
557,0,557,0,0,0,224
557,1,557,0,0,0,278
557,2,557,0,0,0,412
557,3,557,0,0,0,196
557,4,557,0,0,0,246
557,5,557,0,0,0,224
557,6,557,0,0,0,240
557,7,557,0,0,0,183
557,8,557,0,0,0,288
557,9,557,0,0,0,244
557,10,557,0,1,0,446
557,11,557,0,1,0,298
557,12,557,0,1,0,360
557,13,557,0,1,0,187
557,14,557,0,1,0,207
557,15,557,0,1,0,329
557,16,557,0,1,0,206
557,17,557,0,1,0,351
557,18,557,0,1,0,245
557,19,557,0,1,0,267
558,0,558,0,0,0,241
558,1,558,0,0,0,204
558,2,558,0,0,0,248
558,3,558,0,0,0,333
558,4,558,0,0,0,261
558,5,558,0,0,0,348
558,6,558,0,0,0,247
558,7,558,0,0,0,308
558,8,558,0,0,0,273
558,9,558,0,0,0,378
558,10,558,0,1,0,179
558,11,558,0,1,0,259
558,12,558,0,1,0,254
558,13,558,0,1,0,367
558,14,558,0,1,0,326
558,15,558,0,1,0,255
558,16,558,0,1,0,183
558,17,558,0,1,0,285
558,18,558,0,1,0,220
558,19,558,0,1,0,276
559,0,559,0,0,0,272
559,1,559,0,0,0,237
559,2,559,0,0,0,278
559,3,559,0,0,0,228
559,4,559,0,0,0,335
559,5,559,0,0,0,317
559,6,559,0,0,0,253
559,7,559,0,0,0,291
559,8,559,0,0,0,399
559,9,559,0,0,0,303
559,10,559,0,1,0,262
559,11,559,0,1,0,265
559,12,559,0,1,0,331
559,13,559,0,1,0,456
559,14,559,0,1,0,258
559,15,559,0,1,0,346
559,16,559,0,1,0,338
559,17,559,0,1,0,338
559,18,559,0,1,0,541
559,19,559,0,1,0,462
560,0,560,0,0,0,242
560,1,560,0,0,0,228
560,2,560,0,0,0,187
560,3,560,0,0,0,295
560,4,560,0,0,0,212
560,5,560,0,0,0,265
560,6,560,0,0,0,190
560,7,560,0,0,0,203
560,8,560,0,0,0,280
560,9,560,0,0,0,281
560,10,560,0,1,0,253
560,11,560,0,1,0,455
560,12,560,0,1,0,258
560,13,560,0,1,0,262
560,14,560,0,1,0,410
560,15,560,0,1,0,225
560,16,560,0,1,0,425
560,17,560,0,1,0,300
560,18,560,0,1,0,294
560,19,560,0,1,0,241
561,0,561,0,0,0,349
561,1,561,0,0,0,389
561,2,561,0,0,0,366
561,3,561,0,0,0,256
561,4,561,0,0,0,285
561,5,561,0,0,0,423
561,6,561,0,0,0,297
561,7,561,0,0,0,470
561,8,561,0,0,0,179
561,9,561,0,0,0,231
561,10,561,0,1,0,322
561,11,561,0,1,0,399
561,12,561,0,1,0,324
561,13,561,0,1,0,172
561,14,561,0,1,0,319
561,15,561,0,1,0,290
561,16,561,0,1,0,283
561,17,561,0,1,0,379
561,18,561,0,1,0,223
561,19,561,0,1,0,269
562,0,562,0,0,0,372
562,1,562,0,0,0,314
562,2,562,0,0,0,273
562,3,562,0,0,0,397
562,4,562,0,0,0,161
562,5,562,0,0,0,270
562,6,562,0,0,0,353
562,7,562,0,0,0,199
562,8,562,0,0,0,246
562,9,562,0,0,0,218
562,10,562,0,1,0,382
562,11,562,0,1,0,224
562,12,562,0,1,0,221
562,13,562,0,1,0,256
562,14,562,0,1,0,237
562,15,562,0,1,0,184
562,16,562,0,1,0,400
562,17,562,0,1,0,441
562,18,562,0,1,0,251
562,19,562,0,1,0,265
563,0,563,0,0,0,242
563,1,563,0,0,0,205
563,2,563,0,0,0,274
563,3,563,0,0,0,232
563,4,563,0,0,0,274
563,5,563,0,0,0,320
563,6,563,0,0,0,183
563,7,563,0,0,0,317
563,8,563,0,0,0,286
563,9,563,0,0,0,339
563,10,563,0,1,0,247
563,11,563,0,1,0,288
563,12,563,0,1,0,195
563,13,563,0,1,0,298
563,14,563,0,1,0,317
563,15,563,0,1,0,239
563,16,563,0,1,0,334
563,17,563,0,1,0,266
563,18,563,0,1,0,287
563,19,563,0,1,0,257
564,0,564,0,0,0,305
564,1,564,0,0,0,269
564,2,564,0,0,0,209
564,3,564,0,0,0,250
564,4,564,0,0,0,304
564,5,564,0,0,0,196
564,6,564,0,0,0,383
564,7,564,0,0,0,320
564,8,564,0,0,0,261
564,9,564,0,0,0,242
564,10,564,0,1,0,261
564,11,564,0,1,0,378
564,12,564,0,1,0,191
564,13,564,0,1,0,186
564,14,564,0,1,0,422
564,15,564,0,1,0,307
564,16,564,0,1,0,283
564,17,564,0,1,0,302
564,18,564,0,1,0,285
564,19,564,0,1,0,249
565,0,565,0,0,0,297
565,1,565,0,0,0,298
565,2,565,0,0,0,364
565,3,565,0,0,0,295
565,4,565,0,0,0,259
565,5,565,0,0,0,198
565,6,565,0,0,0,239
565,7,565,0,0,0,231
565,8,565,0,0,0,402
565,9,565,0,0,0,321
565,10,565,0,1,0,372
565,11,565,0,1,0,202
565,12,565,0,1,0,293
565,13,565,0,1,0,302
565,14,565,0,1,0,274
565,15,565,0,1,0,299
565,16,565,0,1,0,225
565,17,565,0,1,0,425
565,18,565,0,1,0,293
565,19,565,0,1,0,278
566,0,566,0,0,0,321
566,1,566,0,0,0,378
566,2,566,0,0,0,312
566,3,566,0,0,0,401
566,4,566,0,0,0,359
566,5,566,0,0,0,165
566,6,566,0,0,0,257
566,7,566,0,0,0,219
566,8,566,0,0,0,231
566,9,566,0,0,0,350
566,10,566,0,1,0,299
566,11,566,0,1,0,337
566,12,566,0,1,0,247
566,13,566,0,1,0,186
566,14,566,0,1,0,249
566,15,566,0,1,0,281
566,16,566,0,1,0,451
566,17,566,0,1,0,239
566,18,566,0,1,0,284
566,19,566,0,1,0,189
567,0,567,0,0,0,322
567,1,567,0,0,0,271
567,2,567,0,0,0,272
567,3,567,0,0,0,406
567,4,567,0,0,0,346
567,5,567,0,0,0,294
567,6,567,0,0,0,256
567,7,567,0,0,0,334
567,8,567,0,0,0,247
567,9,567,0,0,0,306
567,10,567,0,1,0,311
567,11,567,0,1,0,421
567,12,567,0,1,0,310
567,13,567,0,1,0,282
567,14,567,0,1,0,245
567,15,567,0,1,0,392
567,16,567,0,1,0,354
567,17,567,0,1,0,320
567,18,567,0,1,0,301
567,19,567,0,1,0,488
568,0,568,0,0,0,409
568,1,568,0,0,0,233
568,2,568,0,0,0,307
568,3,568,0,0,0,312
568,4,568,0,0,0,331
568,5,568,0,0,0,253
568,6,568,0,0,0,317
568,7,568,0,0,0,283
568,8,568,0,0,0,251
568,9,568,0,0,0,262
568,10,568,0,1,0,256
568,11,568,0,1,0,279
568,12,568,0,1,0,376
568,13,568,0,1,0,292
568,14,568,0,1,0,281
568,15,568,0,1,0,237
568,16,568,0,1,0,158
568,17,568,0,1,0,293
568,18,568,0,1,0,238
568,19,568,0,1,0,205
569,0,569,0,0,0,376
569,1,569,0,0,0,316
569,2,569,0,0,0,373
569,3,569,0,0,0,215
569,4,569,0,0,0,293
569,5,569,0,0,0,233
569,6,569,0,0,0,237
569,7,569,0,0,0,209
569,8,569,0,0,0,308
569,9,569,0,0,0,284
569,10,569,0,1,0,219
569,11,569,0,1,0,261
569,12,569,0,1,0,322
569,13,569,0,1,0,317
569,14,569,0,1,0,308
569,15,569,0,1,0,233
569,16,569,0,1,0,356
569,17,569,0,1,0,283
569,18,569,0,1,0,317
569,19,569,0,1,0,166
570,0,570,0,0,0,332
570,1,570,0,0,0,308
570,2,570,0,0,0,212
570,3,570,0,0,0,376
570,4,570,0,0,0,429
570,5,570,0,0,0,318
570,6,570,0,0,0,333
570,7,570,0,0,0,202
570,8,570,0,0,0,359
570,9,570,0,0,0,418
570,10,570,0,1,0,218
570,11,570,0,1,0,248
570,12,570,0,1,0,205
570,13,570,0,1,0,224
570,14,570,0,1,0,273
570,15,570,0,1,0,309
570,16,570,0,1,0,358
570,17,570,0,1,0,280
570,18,570,0,1,0,197
570,19,570,0,1,0,244
571,0,571,0,0,0,278
571,1,571,0,0,0,259
571,2,571,0,0,0,339
571,3,571,0,0,0,319
571,4,571,0,0,0,217
571,5,571,0,0,0,429
571,6,571,0,0,0,442
571,7,571,0,0,0,330
571,8,571,0,0,0,275
571,9,571,0,0,0,254
571,10,571,0,1,0,258
571,11,571,0,1,0,256
571,12,571,0,1,0,280
571,13,571,0,1,0,259
571,14,571,0,1,0,317
571,15,571,0,1,0,471
571,16,571,0,1,0,314
571,17,571,0,1,0,415
571,18,571,0,1,0,459
571,19,571,0,1,0,230
572,0,572,0,0,0,376
572,1,572,0,0,0,295
572,2,572,0,0,0,313
572,3,572,0,0,0,279
572,4,572,0,0,0,339
572,5,572,0,0,0,296
572,6,572,0,0,0,245
572,7,572,0,0,0,288
572,8,572,0,0,0,262
572,9,572,0,0,0,266
572,10,572,0,1,0,244
572,11,572,0,1,0,441
572,12,572,0,1,0,208
572,13,572,0,1,0,223
572,14,572,0,1,0,290
572,15,572,0,1,0,387
572,16,572,0,1,0,307
572,17,572,0,1,0,273
572,18,572,0,1,0,358
572,19,572,0,1,0,263
573,0,573,0,0,0,267
573,1,573,0,0,0,330
573,2,573,0,0,0,341
573,3,573,0,0,0,222
573,4,573,0,0,0,329
573,5,573,0,0,0,333
573,6,573,0,0,0,248
573,7,573,0,0,0,353
573,8,573,0,0,0,405
573,9,573,0,0,0,251
573,10,573,0,1,0,616
573,11,573,0,1,0,278
573,12,573,0,1,0,242
573,13,573,0,1,0,352
573,14,573,0,1,0,386
573,15,573,0,1,0,434
573,16,573,0,1,0,275
573,17,573,0,1,0,473
573,18,573,0,1,0,354
573,19,573,0,1,0,372
574,0,574,0,0,0,250
574,1,574,0,0,0,302
574,2,574,0,0,0,288
574,3,574,0,0,0,296
574,4,574,0,0,0,427
574,5,574,0,0,0,368
574,6,574,0,0,0,350
574,7,574,0,0,0,357
574,8,574,0,0,0,466
574,9,574,0,0,0,262
574,10,574,0,1,0,273
574,11,574,0,1,0,277
574,12,574,0,1,0,293
574,13,574,0,1,0,308
574,14,574,0,1,0,333
574,15,574,0,1,0,507
574,16,574,0,1,0,232
574,17,574,0,1,0,284
574,18,574,0,1,0,321
574,19,574,0,1,0,327
575,0,575,0,0,0,356
575,1,575,0,0,0,327
575,2,575,0,0,0,186
575,3,575,0,0,0,277
575,4,575,0,0,0,267
575,5,575,0,0,0,333
575,6,575,0,0,0,340
575,7,575,0,0,0,230
575,8,575,0,0,0,360
575,9,575,0,0,0,368
575,10,575,0,1,0,224
575,11,575,0,1,0,255
575,12,575,0,1,0,315
575,13,575,0,1,0,431
575,14,575,0,1,0,366
575,15,575,0,1,0,317
575,16,575,0,1,0,230
575,17,575,0,1,0,331
575,18,575,0,1,0,284
575,19,575,0,1,0,225
576,0,576,0,0,0,524
576,1,576,0,0,0,316
576,2,576,0,0,0,320
576,3,576,0,0,0,379
576,4,576,0,0,0,377
576,5,576,0,0,0,309
576,6,576,0,0,0,312
576,7,576,0,0,0,331
576,8,576,0,0,0,357
576,9,576,0,0,0,413
576,10,576,0,1,0,322
576,11,576,0,1,0,551
576,12,576,0,1,0,260
576,13,576,0,1,0,429
576,14,576,0,1,0,446
576,15,576,0,1,0,249
576,16,576,0,1,0,242
576,17,576,0,1,0,382
576,18,576,0,1,0,462
576,19,576,0,1,0,332
577,0,577,0,0,0,315
577,1,577,0,0,0,424
577,2,577,0,0,0,375
577,3,577,0,0,0,253
577,4,577,0,0,0,481
577,5,577,0,0,0,383
577,6,577,0,0,0,465
577,7,577,0,0,0,241
577,8,577,0,0,0,485
577,9,577,0,0,0,246
577,10,577,0,1,0,231
577,11,577,0,1,0,294
577,12,577,0,1,0,268
577,13,577,0,1,0,309
577,14,577,0,1,0,501
577,15,577,0,1,0,271
577,16,577,0,1,0,341
577,17,577,0,1,0,241
577,18,577,0,1,0,295
577,19,577,0,1,0,333
578,0,578,0,0,0,376
578,1,578,0,0,0,200
578,2,578,0,0,0,406
578,3,578,0,0,0,260
578,4,578,0,0,0,507
578,5,578,0,0,0,282
578,6,578,0,0,0,312
578,7,578,0,0,0,273
578,8,578,0,0,0,269
578,9,578,0,0,0,441
578,10,578,0,1,0,233
578,11,578,0,1,0,417
578,12,578,0,1,0,424
578,13,578,0,1,0,382
578,14,578,0,1,0,282
578,15,578,0,1,0,273
578,16,578,0,1,0,216
578,17,578,0,1,0,333
578,18,578,0,1,0,221
578,19,578,0,1,0,297
579,0,579,0,0,0,266
579,1,579,0,0,0,298
579,2,579,0,0,0,268
579,3,579,0,0,0,387
579,4,579,0,0,0,278
579,5,579,0,0,0,397
579,6,579,0,0,0,371
579,7,579,0,0,0,390
579,8,579,0,0,0,299
579,9,579,0,0,0,249
579,10,579,0,1,0,267
579,11,579,0,1,0,320
579,12,579,0,1,0,385
579,13,579,0,1,0,230
579,14,579,0,1,0,324
579,15,579,0,1,0,279
579,16,579,0,1,0,422
579,17,579,0,1,0,268
579,18,579,0,1,0,367
579,19,579,0,1,0,184
580,0,580,0,0,0,315
580,1,580,0,0,0,442
580,2,580,0,0,0,240
580,3,580,0,0,0,320
580,4,580,0,0,0,249
580,5,580,0,0,0,217
580,6,580,0,0,0,492
580,7,580,0,0,0,302
580,8,580,0,0,0,253
580,9,580,0,0,0,330
580,10,580,0,1,0,225
580,11,580,0,1,0,288
580,12,580,0,1,0,409
580,13,580,0,1,0,398
580,14,580,0,1,0,279
580,15,580,0,1,0,350
580,16,580,0,1,0,251
580,17,580,0,1,0,288
580,18,580,0,1,0,201
580,19,580,0,1,0,395
581,0,581,0,0,0,443
581,1,581,0,0,0,321
581,2,581,0,0,0,419
581,3,581,0,0,0,377
581,4,581,0,0,0,282
581,5,581,0,0,0,305
581,6,581,0,0,0,344
581,7,581,0,0,0,339
581,8,581,0,0,0,397
581,9,581,0,0,0,366
581,10,581,0,1,0,277
581,11,581,0,1,0,416
581,12,581,0,1,0,462
581,13,581,0,1,0,309
581,14,581,0,1,0,403
581,15,581,0,1,0,337
581,16,581,0,1,0,268
581,17,581,0,1,0,416
581,18,581,0,1,0,366
581,19,581,0,1,0,377
582,0,582,0,0,0,400
582,1,582,0,0,0,410
582,2,582,0,0,0,220
582,3,582,0,0,0,239
582,4,582,0,0,0,418
582,5,582,0,0,0,316
582,6,582,0,0,0,370
582,7,582,0,0,0,428
582,8,582,0,0,0,174
582,9,582,0,0,0,379
582,10,582,0,1,0,422
582,11,582,0,1,0,402
582,12,582,0,1,0,302
582,13,582,0,1,0,371
582,14,582,0,1,0,321
582,15,582,0,1,0,414
582,16,582,0,1,0,478
582,17,582,0,1,0,411
582,18,582,0,1,0,238
582,19,582,0,1,0,435
583,0,583,0,0,0,329
583,1,583,0,0,0,450
583,2,583,0,0,0,342
583,3,583,0,0,0,281
583,4,583,0,0,0,213
583,5,583,0,0,0,374
583,6,583,0,0,0,464
583,7,583,0,0,0,396
583,8,583,0,0,0,420
583,9,583,0,0,0,336
583,10,583,0,1,0,379
583,11,583,0,1,0,381
583,12,583,0,1,0,324
583,13,583,0,1,0,328
583,14,583,0,1,0,404
583,15,583,0,1,0,414
583,16,583,0,1,0,343
583,17,583,0,1,0,361
583,18,583,0,1,0,463
583,19,583,0,1,0,311
584,0,584,0,0,0,272
584,1,584,0,0,0,278
584,2,584,0,0,0,450
584,3,584,0,0,0,432
584,4,584,0,0,0,303
584,5,584,0,0,0,210
584,6,584,0,0,0,248
584,7,584,0,0,0,391
584,8,584,0,0,0,386
584,9,584,0,0,0,326
584,10,584,0,1,0,296
584,11,584,0,1,0,432
584,12,584,0,1,0,261
584,13,584,0,1,0,278
584,14,584,0,1,0,412
584,15,584,0,1,0,254
584,16,584,0,1,0,397
584,17,584,0,1,0,395
584,18,584,0,1,0,315
584,19,584,0,1,0,291
585,0,585,0,0,0,377
585,1,585,0,0,0,296
585,2,585,0,0,0,365
585,3,585,0,0,0,314
585,4,585,0,0,0,207
585,5,585,0,0,0,449
585,6,585,0,0,0,352
585,7,585,0,0,0,357
585,8,585,0,0,0,308
585,9,585,0,0,0,463
585,10,585,0,1,0,428
585,11,585,0,1,0,310
585,12,585,0,1,0,351
585,13,585,0,1,0,371
585,14,585,0,1,0,329
585,15,585,0,1,0,333
585,16,585,0,1,0,404
585,17,585,0,1,0,429
585,18,585,0,1,0,433
585,19,585,0,1,0,277
586,0,586,0,0,0,434
586,1,586,0,0,0,426
586,2,586,0,0,0,412
586,3,586,0,0,0,314
586,4,586,0,0,0,290
586,5,586,0,0,0,350
586,6,586,0,0,0,295
586,7,586,0,0,0,294
586,8,586,0,0,0,322
586,9,586,0,0,0,359
586,10,586,0,1,0,295
586,11,586,0,1,0,468
586,12,586,0,1,0,340
586,13,586,0,1,0,290
586,14,586,0,1,0,266
586,15,586,0,1,0,328
586,16,586,0,1,0,367
586,17,586,0,1,0,269
586,18,586,0,1,0,327
586,19,586,0,1,0,283
587,0,587,0,0,0,389
587,1,587,0,0,0,327
587,2,587,0,0,0,303
587,3,587,0,0,0,384
587,4,587,0,0,0,545
587,5,587,0,0,0,412
587,6,587,0,0,0,625
587,7,587,0,0,0,277
587,8,587,0,0,0,452
587,9,587,0,0,0,369
587,10,587,0,1,0,310
587,11,587,0,1,0,249
587,12,587,0,1,0,357
587,13,587,0,1,0,290
587,14,587,0,1,0,328
587,15,587,0,1,0,329
587,16,587,0,1,0,244
587,17,587,0,1,0,362
587,18,587,0,1,0,246
587,19,587,0,1,0,317
588,0,588,0,0,0,607
588,1,588,0,0,0,230
588,2,588,0,0,0,413
588,3,588,0,0,0,183
588,4,588,0,0,0,347
588,5,588,0,0,0,466
588,6,588,0,0,0,263
588,7,588,0,0,0,484
588,8,588,0,0,0,363
588,9,588,0,0,0,250
588,10,588,0,1,0,411
588,11,588,0,1,0,397
588,12,588,0,1,0,308
588,13,588,0,1,0,306
588,14,588,0,1,0,445
588,15,588,0,1,0,410
588,16,588,0,1,0,375
588,17,588,0,1,0,492
588,18,588,0,1,0,216
588,19,588,0,1,0,388
589,0,589,0,0,0,499
589,1,589,0,0,0,641
589,2,589,0,0,0,311
589,3,589,0,0,0,351
589,4,589,0,0,0,306
589,5,589,0,0,0,340
589,6,589,0,0,0,381
589,7,589,0,0,0,428
589,8,589,0,0,0,457
589,9,589,0,0,0,527
589,10,589,0,1,0,332
589,11,589,0,1,0,332
589,12,589,0,1,0,272
589,13,589,0,1,0,312
589,14,589,0,1,0,451
589,15,589,0,1,0,325
589,16,589,0,1,0,299
589,17,589,0,1,0,334
589,18,589,0,1,0,371
589,19,589,0,1,0,404
590,0,590,0,0,0,539
590,1,590,0,0,0,276
590,2,590,0,0,0,519
590,3,590,0,0,0,318
590,4,590,0,0,0,226
590,5,590,0,0,0,549
590,6,590,0,0,0,522
590,7,590,0,0,0,329
590,8,590,0,0,0,284
590,9,590,0,0,0,396
590,10,590,0,1,0,259
590,11,590,0,1,0,328
590,12,590,0,1,0,492
590,13,590,0,1,0,295
590,14,590,0,1,0,374
590,15,590,0,1,0,459
590,16,590,0,1,0,447
590,17,590,0,1,0,440
590,18,590,0,1,0,362
590,19,590,0,1,0,382
591,0,591,0,0,0,400
591,1,591,0,0,0,339
591,2,591,0,0,0,376
591,3,591,0,0,0,311
591,4,591,0,0,0,386
591,5,591,0,0,0,339
591,6,591,0,0,0,275
591,7,591,0,0,0,332
591,8,591,0,0,0,289
591,9,591,0,0,0,356
591,10,591,0,1,0,310
591,11,591,0,1,0,369
591,12,591,0,1,0,354
591,13,591,0,1,0,424
591,14,591,0,1,0,340
591,15,591,0,1,0,328
591,16,591,0,1,0,384
591,17,591,0,1,0,370
591,18,591,0,1,0,492
591,19,591,0,1,0,308
592,0,592,0,0,0,426
592,1,592,0,0,0,298
592,2,592,0,0,0,371
592,3,592,0,0,0,300
592,4,592,0,0,0,370
592,5,592,0,0,0,521
592,6,592,0,0,0,299
592,7,592,0,0,0,497
592,8,592,0,0,0,322
592,9,592,0,0,0,499
592,10,592,0,1,0,458
592,11,592,0,1,0,317
592,12,592,0,1,0,422
592,13,592,0,1,0,408
592,14,592,0,1,0,288
592,15,592,0,1,0,339
592,16,592,0,1,0,593
592,17,592,0,1,0,295
592,18,592,0,1,0,461
592,19,592,0,1,0,244
593,0,593,0,0,0,386
593,1,593,0,0,0,418
593,2,593,0,0,0,355
593,3,593,0,0,0,484
593,4,593,0,0,0,330
593,5,593,0,0,0,315
593,6,593,0,0,0,273
593,7,593,0,0,0,350
593,8,593,0,0,0,358
593,9,593,0,0,0,248
593,10,593,0,1,0,314
593,11,593,0,1,0,380
593,12,593,0,1,0,425
593,13,593,0,1,0,532
593,14,593,0,1,0,291
593,15,593,0,1,0,430
593,16,593,0,1,0,364
593,17,593,0,1,0,474
593,18,593,0,1,0,534
593,19,593,0,1,0,333
594,0,594,0,0,0,459
594,1,594,0,0,0,414
594,2,594,0,0,0,410
594,3,594,0,0,0,371
594,4,594,0,0,0,434
594,5,594,0,0,0,236
594,6,594,0,0,0,364
594,7,594,0,0,0,491
594,8,594,0,0,0,370
594,9,594,0,0,0,280
594,10,594,0,1,0,356
594,11,594,0,1,0,434
594,12,594,0,1,0,478
594,13,594,0,1,0,426
594,14,594,0,1,0,378
594,15,594,0,1,0,328
594,16,594,0,1,0,444
594,17,594,0,1,0,263
594,18,594,0,1,0,403
594,19,594,0,1,0,256
595,0,595,0,0,0,347
595,1,595,0,0,0,252
595,2,595,0,0,0,464
595,3,595,0,0,0,315
595,4,595,0,0,0,259
595,5,595,0,0,0,358
595,6,595,0,0,0,306
595,7,595,0,0,0,569
595,8,595,0,0,0,471
595,9,595,0,0,0,289
595,10,595,0,1,0,377
595,11,595,0,1,0,279
595,12,595,0,1,0,489
595,13,595,0,1,0,425
595,14,595,0,1,0,589
595,15,595,0,1,0,290
595,16,595,0,1,0,299
595,17,595,0,1,0,435
595,18,595,0,1,0,346
595,19,595,0,1,0,294
596,0,596,0,0,0,267
596,1,596,0,0,0,530
596,2,596,0,0,0,218
596,3,596,0,0,0,384
596,4,596,0,0,0,424
596,5,596,0,0,0,392
596,6,596,0,0,0,382
596,7,596,0,0,0,290
596,8,596,0,0,0,313
596,9,596,0,0,0,348
596,10,596,0,1,0,424
596,11,596,0,1,0,292
596,12,596,0,1,0,336
596,13,596,0,1,0,407
596,14,596,0,1,0,479
596,15,596,0,1,0,338
596,16,596,0,1,0,560
596,17,596,0,1,0,352
596,18,596,0,1,0,582
596,19,596,0,1,0,422
597,0,597,0,0,0,287
597,1,597,0,0,0,323
597,2,597,0,0,0,355
597,3,597,0,0,0,430
597,4,597,0,0,0,508
597,5,597,0,0,0,284
597,6,597,0,0,0,279
597,7,597,0,0,0,361
597,8,597,0,0,0,318
597,9,597,0,0,0,345
597,10,597,0,1,0,449
597,11,597,0,1,0,410
597,12,597,0,1,0,275
597,13,597,0,1,0,388
597,14,597,0,1,0,356
597,15,597,0,1,0,466
597,16,597,0,1,0,485
597,17,597,0,1,0,363
597,18,597,0,1,0,521
597,19,597,0,1,0,373
598,0,598,0,0,0,419
598,1,598,0,0,0,493
598,2,598,0,0,0,248
598,3,598,0,0,0,370
598,4,598,0,0,0,534
598,5,598,0,0,0,362
598,6,598,0,0,0,376
598,7,598,0,0,0,350
598,8,598,0,0,0,362
598,9,598,0,0,0,441
598,10,598,0,1,0,378
598,11,598,0,1,0,394
598,12,598,0,1,0,390
598,13,598,0,1,0,511
598,14,598,0,1,0,356
598,15,598,0,1,0,244
598,16,598,0,1,0,552
598,17,598,0,1,0,226
598,18,598,0,1,0,443
598,19,598,0,1,0,259
599,0,599,0,0,0,335
599,1,599,0,0,0,416
599,2,599,0,0,0,561
599,3,599,0,0,0,400
599,4,599,0,0,0,327
599,5,599,0,0,0,381
599,6,599,0,0,0,474
599,7,599,0,0,0,477
599,8,599,0,0,0,421
599,9,599,0,0,0,379
599,10,599,0,1,0,266
599,11,599,0,1,0,331
599,12,599,0,1,0,392
599,13,599,0,1,0,508
599,14,599,0,1,0,424
599,15,599,0,1,0,263
599,16,599,0,1,0,323
599,17,599,0,1,0,293
599,18,599,0,1,0,420
599,19,599,0,1,0,379
600,0,600,0,0,0,354
600,1,600,0,0,0,423
600,2,600,0,0,0,338
600,3,600,0,0,0,510
600,4,600,0,0,0,477
600,5,600,0,0,0,414
600,6,600,0,0,0,304
600,7,600,0,0,0,485
600,8,600,0,0,0,328
600,9,600,0,0,0,212
600,10,600,0,1,0,368
600,11,600,0,1,0,366
600,12,600,0,1,0,439
600,13,600,0,1,0,321
600,14,600,0,1,0,483
600,15,600,0,1,0,413
600,16,600,0,1,0,316
600,17,600,0,1,0,251
600,18,600,0,1,0,357
600,19,600,0,1,0,254
601,0,601,0,0,0,272
601,1,601,0,0,0,628
601,2,601,0,0,0,519
601,3,601,0,0,0,438
601,4,601,0,0,0,365
601,5,601,0,0,0,256
601,6,601,0,0,0,412
601,7,601,0,0,0,413
601,8,601,0,0,0,467
601,9,601,0,0,0,389
601,10,601,0,1,0,480
601,11,601,0,1,0,423
601,12,601,0,1,0,485
601,13,601,0,1,0,354
601,14,601,0,1,0,392
601,15,601,0,1,0,390
601,16,601,0,1,0,350
601,17,601,0,1,0,235
601,18,601,0,1,0,412
601,19,601,0,1,0,396
602,0,602,0,0,0,397
602,1,602,0,0,0,387
602,2,602,0,0,0,338
602,3,602,0,0,0,491
602,4,602,0,0,0,432
602,5,602,0,0,0,238
602,6,602,0,0,0,288
602,7,602,0,0,0,383
602,8,602,0,0,0,281
602,9,602,0,0,0,431
602,10,602,0,1,0,339
602,11,602,0,1,0,420
602,12,602,0,1,0,369
602,13,602,0,1,0,373
602,14,602,0,1,0,265
602,15,602,0,1,0,542
602,16,602,0,1,0,525
602,17,602,0,1,0,393
602,18,602,0,1,0,406
602,19,602,0,1,0,329
603,0,603,0,0,0,358
603,1,603,0,0,0,359
603,2,603,0,0,0,406
603,3,603,0,0,0,262
603,4,603,0,0,0,284
603,5,603,0,0,0,426
603,6,603,0,0,0,474
603,7,603,0,0,0,393
603,8,603,0,0,0,502
603,9,603,0,0,0,457
603,10,603,0,1,0,468
603,11,603,0,1,0,417
603,12,603,0,1,0,338
603,13,603,0,1,0,411
603,14,603,0,1,0,293
603,15,603,0,1,0,366
603,16,603,0,1,0,262
603,17,603,0,1,0,410
603,18,603,0,1,0,528
603,19,603,0,1,0,501
604,0,604,0,0,0,396
604,1,604,0,0,0,425
604,2,604,0,0,0,357
604,3,604,0,0,0,354
604,4,604,0,0,0,408
604,5,604,0,0,0,359
604,6,604,0,0,0,307
604,7,604,0,0,0,378
604,8,604,0,0,0,481
604,9,604,0,0,0,434
604,10,604,0,1,0,257
604,11,604,0,1,0,362
604,12,604,0,1,0,406
604,13,604,0,1,0,429
604,14,604,0,1,0,596
604,15,604,0,1,0,367
604,16,604,0,1,0,370
604,17,604,0,1,0,362
604,18,604,0,1,0,461
604,19,604,0,1,0,350
605,0,605,0,0,0,420
605,1,605,0,0,0,462
605,2,605,0,0,0,494
605,3,605,0,0,0,497
605,4,605,0,0,0,499
605,5,605,0,0,0,506
605,6,605,0,0,0,384
605,7,605,0,0,0,477
605,8,605,0,0,0,420
605,9,605,0,0,0,333
605,10,605,0,1,0,410
605,11,605,0,1,0,428
605,12,605,0,1,0,687
605,13,605,0,1,0,410
605,14,605,0,1,0,531
605,15,605,0,1,0,319
605,16,605,0,1,0,497
605,17,605,0,1,0,334
605,18,605,0,1,0,475
605,19,605,0,1,0,493
606,0,606,0,0,0,295
606,1,606,0,0,0,428
606,2,606,0,0,0,405
606,3,606,0,0,0,342
606,4,606,0,0,0,385
606,5,606,0,0,0,371
606,6,606,0,0,0,459
606,7,606,0,0,0,459
606,8,606,0,0,0,326
606,9,606,0,0,0,259
606,10,606,0,1,0,283
606,11,606,0,1,0,388
606,12,606,0,1,0,421
606,13,606,0,1,0,356
606,14,606,0,1,0,398
606,15,606,0,1,0,648
606,16,606,0,1,0,402
606,17,606,0,1,0,457
606,18,606,0,1,0,416
606,19,606,0,1,0,392
607,0,607,0,0,0,468
607,1,607,0,0,0,316
607,2,607,0,0,0,422
607,3,607,0,0,0,358
607,4,607,0,0,0,452
607,5,607,0,0,0,347
607,6,607,0,0,0,552
607,7,607,0,0,0,323
607,8,607,0,0,0,413
607,9,607,0,0,0,349
607,10,607,0,1,0,470
607,11,607,0,1,0,395
607,12,607,0,1,0,453
607,13,607,0,1,0,338
607,14,607,0,1,0,431
607,15,607,0,1,0,397
607,16,607,0,1,0,334
607,17,607,0,1,0,261
607,18,607,0,1,0,249
607,19,607,0,1,0,348
608,0,608,0,0,0,384
608,1,608,0,0,0,501
608,2,608,0,0,0,355
608,3,608,0,0,0,298
608,4,608,0,0,0,404
608,5,608,0,0,0,516
608,6,608,0,0,0,363
608,7,608,0,0,0,342
608,8,608,0,0,0,492
608,9,608,0,0,0,521
608,10,608,0,1,0,331
608,11,608,0,1,0,431
608,12,608,0,1,0,438
608,13,608,0,1,0,233
608,14,608,0,1,0,394
608,15,608,0,1,0,419
608,16,608,0,1,0,454
608,17,608,0,1,0,465
608,18,608,0,1,0,357
608,19,608,0,1,0,328
609,0,609,0,0,0,454
609,1,609,0,0,0,680
609,2,609,0,0,0,518
609,3,609,0,0,0,339
609,4,609,0,0,0,321
609,5,609,0,0,0,354
609,6,609,0,0,0,349
609,7,609,0,0,0,516
609,8,609,0,0,0,356
609,9,609,0,0,0,444
609,10,609,0,1,0,547
609,11,609,0,1,0,414
609,12,609,0,1,0,486
609,13,609,0,1,0,542
609,14,609,0,1,0,416
609,15,609,0,1,0,326
609,16,609,0,1,0,435
609,17,609,0,1,0,187
609,18,609,0,1,0,545
609,19,609,0,1,0,387
610,0,610,0,0,0,359
610,1,610,0,0,0,524
610,2,610,0,0,0,349
610,3,610,0,0,0,302
610,4,610,0,0,0,490
610,5,610,0,0,0,441
610,6,610,0,0,0,309
610,7,610,0,0,0,348
610,8,610,0,0,0,337
610,9,610,0,0,0,423
610,10,610,0,1,0,544
610,11,610,0,1,0,700
610,12,610,0,1,0,345
610,13,610,0,1,0,469
610,14,610,0,1,0,486
610,15,610,0,1,0,288
610,16,610,0,1,0,574
610,17,610,0,1,0,353
610,18,610,0,1,0,544
610,19,610,0,1,0,578
611,0,611,0,0,0,447
611,1,611,0,0,0,383
611,2,611,0,0,0,432
611,3,611,0,0,0,357
611,4,611,0,0,0,369
611,5,611,0,0,0,408
611,6,611,0,0,0,367
611,7,611,0,0,0,555
611,8,611,0,0,0,296
611,9,611,0,0,0,430
611,10,611,0,1,0,338
611,11,611,0,1,0,439
611,12,611,0,1,0,386
611,13,611,0,1,0,354
611,14,611,0,1,0,372
611,15,611,0,1,0,453
611,16,611,0,1,0,373
611,17,611,0,1,0,442
611,18,611,0,1,0,482
611,19,611,0,1,0,314
612,0,612,0,0,0,425
612,1,612,0,0,0,538
612,2,612,0,0,0,417
612,3,612,0,0,0,390
612,4,612,0,0,0,544
612,5,612,0,0,0,283
612,6,612,0,0,0,298
612,7,612,0,0,0,534
612,8,612,0,0,0,352
612,9,612,0,0,0,422
612,10,612,0,1,0,385
612,11,612,0,1,0,453
612,12,612,0,1,0,343
612,13,612,0,1,0,448
612,14,612,0,1,0,476
612,15,612,0,1,0,510
612,16,612,0,1,0,401
612,17,612,0,1,0,420
612,18,612,0,1,0,521
612,19,612,0,1,0,327
613,0,613,0,0,0,520
613,1,613,0,0,0,415
613,2,613,0,0,0,451
613,3,613,0,0,0,402
613,4,613,0,0,0,375
613,5,613,0,0,0,390
613,6,613,0,0,0,362
613,7,613,0,0,0,555
613,8,613,0,0,0,289
613,9,613,0,0,0,367
613,10,613,0,1,0,485
613,11,613,0,1,0,483
613,12,613,0,1,0,504
613,13,613,0,1,0,655
613,14,613,0,1,0,476
613,15,613,0,1,0,558
613,16,613,0,1,0,437
613,17,613,0,1,0,320
613,18,613,0,1,0,390
613,19,613,0,1,0,365
614,0,614,0,0,0,395
614,1,614,0,0,0,487
614,2,614,0,0,0,279
614,3,614,0,0,0,626
614,4,614,0,0,0,253
614,5,614,0,0,0,740
614,6,614,0,0,0,369
614,7,614,0,0,0,500
614,8,614,0,0,0,459
614,9,614,0,0,0,415
614,10,614,0,1,0,340
614,11,614,0,1,0,512
614,12,614,0,1,0,427
614,13,614,0,1,0,442
614,14,614,0,1,0,411
614,15,614,0,1,0,461
614,16,614,0,1,0,530
614,17,614,0,1,0,516
614,18,614,0,1,0,418
614,19,614,0,1,0,406
615,0,615,0,0,0,411
615,1,615,0,0,0,425
615,2,615,0,0,0,640
615,3,615,0,0,0,418
615,4,615,0,0,0,317
615,5,615,0,0,0,330
615,6,615,0,0,0,464
615,7,615,0,0,0,468
615,8,615,0,0,0,314
615,9,615,0,0,0,416
615,10,615,0,1,0,433
615,11,615,0,1,0,549
615,12,615,0,1,0,449
615,13,615,0,1,0,351
615,14,615,0,1,0,346
615,15,615,0,1,0,503
615,16,615,0,1,0,357
615,17,615,0,1,0,437
615,18,615,0,1,0,276
615,19,615,0,1,0,471
616,0,616,0,0,0,375
616,1,616,0,0,0,475
616,2,616,0,0,0,494
616,3,616,0,0,0,408
616,4,616,0,0,0,451
616,5,616,0,0,0,566
616,6,616,0,0,0,410
616,7,616,0,0,0,449
616,8,616,0,0,0,603
616,9,616,0,0,0,447
616,10,616,0,1,0,432
616,11,616,0,1,0,715
616,12,616,0,1,0,561
616,13,616,0,1,0,350
616,14,616,0,1,0,355
616,15,616,0,1,0,455
616,16,616,0,1,0,440
616,17,616,0,1,0,367
616,18,616,0,1,0,518
616,19,616,0,1,0,538
617,0,617,0,0,0,389
617,1,617,0,0,0,622
617,2,617,0,0,0,753
617,3,617,0,0,0,602
617,4,617,0,0,0,713
617,5,617,0,0,0,486
617,6,617,0,0,0,314
617,7,617,0,0,0,313
617,8,617,0,0,0,539
617,9,617,0,0,0,407
617,10,617,0,1,0,393
617,11,617,0,1,0,273
617,12,617,0,1,0,429
617,13,617,0,1,0,420
617,14,617,0,1,0,376
617,15,617,0,1,0,390
617,16,617,0,1,0,483
617,17,617,0,1,0,342
617,18,617,0,1,0,514
617,19,617,0,1,0,392
618,0,618,0,0,0,320
618,1,618,0,0,0,442
618,2,618,0,0,0,451
618,3,618,0,0,0,434
618,4,618,0,0,0,588
618,5,618,0,0,0,605
618,6,618,0,0,0,365
618,7,618,0,0,0,322
618,8,618,0,0,0,368
618,9,618,0,0,0,435
618,10,618,0,1,0,408
618,11,618,0,1,0,406
618,12,618,0,1,0,633
618,13,618,0,1,0,354
618,14,618,0,1,0,514
618,15,618,0,1,0,471
618,16,618,0,1,0,519
618,17,618,0,1,0,371
618,18,618,0,1,0,451
618,19,618,0,1,0,308
619,0,619,0,0,0,314
619,1,619,0,0,0,488
619,2,619,0,0,0,430
619,3,619,0,0,0,621
619,4,619,0,0,0,493
619,5,619,0,0,0,357
619,6,619,0,0,0,568
619,7,619,0,0,0,489
619,8,619,0,0,0,499
619,9,619,0,0,0,487
619,10,619,0,1,0,469
619,11,619,0,1,0,426
619,12,619,0,1,0,303
619,13,619,0,1,0,672
619,14,619,0,1,0,445
619,15,619,0,1,0,706
619,16,619,0,1,0,380
619,17,619,0,1,0,426
619,18,619,0,1,0,462
619,19,619,0,1,0,360
620,0,620,0,0,0,759
620,1,620,0,0,0,446
620,2,620,0,0,0,481
620,3,620,0,0,0,529
620,4,620,0,0,0,574
620,5,620,0,0,0,527
620,6,620,0,0,0,502
620,7,620,0,0,0,499
620,8,620,0,0,0,434
620,9,620,0,0,0,402
620,10,620,0,1,0,422
620,11,620,0,1,0,316
620,12,620,0,1,0,384
620,13,620,0,1,0,397
620,14,620,0,1,0,522
620,15,620,0,1,0,325
620,16,620,0,1,0,343
620,17,620,0,1,0,504
620,18,620,0,1,0,427
620,19,620,0,1,0,537
621,0,621,0,0,0,606
621,1,621,0,0,0,548
621,2,621,0,0,0,359
621,3,621,0,0,0,448
621,4,621,0,0,0,398
621,5,621,0,0,0,531
621,6,621,0,0,0,762
621,7,621,0,0,0,676
621,8,621,0,0,0,467
621,9,621,0,0,0,386
621,10,621,0,1,0,570
621,11,621,0,1,0,497
621,12,621,0,1,0,447
621,13,621,0,1,0,383
621,14,621,0,1,0,471
621,15,621,0,1,0,561
621,16,621,0,1,0,462
621,17,621,0,1,0,720
621,18,621,0,1,0,504
621,19,621,0,1,0,363
622,0,622,0,0,0,528
622,1,622,0,0,0,337
622,2,622,0,0,0,353
622,3,622,0,0,0,530
622,4,622,0,0,0,496
622,5,622,0,0,0,480
622,6,622,0,0,0,526
622,7,622,0,0,0,456
622,8,622,0,0,0,316
622,9,622,0,0,0,486
622,10,622,0,1,0,404
622,11,622,0,1,0,611
622,12,622,0,1,0,548
622,13,622,0,1,0,474
622,14,622,0,1,0,478
622,15,622,0,1,0,441
622,16,622,0,1,0,435
622,17,622,0,1,0,426
622,18,622,0,1,0,565
622,19,622,0,1,0,285
623,0,623,0,0,0,390
623,1,623,0,0,0,322
623,2,623,0,0,0,290
623,3,623,0,0,0,754
623,4,623,0,0,0,502
623,5,623,0,0,0,481
623,6,623,0,0,0,438
623,7,623,0,0,0,368
623,8,623,0,0,0,497
623,9,623,0,0,0,403
623,10,623,0,1,0,383
623,11,623,0,1,0,625
623,12,623,0,1,0,500
623,13,623,0,1,0,511
623,14,623,0,1,0,424
623,15,623,0,1,0,577
623,16,623,0,1,0,487
623,17,623,0,1,0,621
623,18,623,0,1,0,537
623,19,623,0,1,0,365
624,0,624,0,0,0,435
624,1,624,0,0,0,404
624,2,624,0,0,0,511
624,3,624,0,0,0,370
624,4,624,0,0,0,506
624,5,624,0,0,0,304
624,6,624,0,0,0,409
624,7,624,0,0,0,570
624,8,624,0,0,0,557
624,9,624,0,0,0,562
624,10,624,0,1,0,589
624,11,624,0,1,0,611
624,12,624,0,1,0,671
624,13,624,0,1,0,479
624,14,624,0,1,0,462
624,15,624,0,1,0,410
624,16,624,0,1,0,495
624,17,624,0,1,0,535
624,18,624,0,1,0,402
624,19,624,0,1,0,484
625,0,625,0,0,0,437
625,1,625,0,0,0,336
625,2,625,0,0,0,567
625,3,625,0,0,0,348
625,4,625,0,0,0,707
625,5,625,0,0,0,304
625,6,625,0,0,0,378
625,7,625,0,0,0,316
625,8,625,0,0,0,425
625,9,625,0,0,0,670
625,10,625,0,1,0,508
625,11,625,0,1,0,371
625,12,625,0,1,0,498
625,13,625,0,1,0,518
625,14,625,0,1,0,369
625,15,625,0,1,0,288
625,16,625,0,1,0,477
625,17,625,0,1,0,526
625,18,625,0,1,0,368
625,19,625,0,1,0,513
626,0,626,0,0,0,924
626,1,626,0,0,0,367
626,2,626,0,0,0,349
626,3,626,0,0,0,455
626,4,626,0,0,0,402
626,5,626,0,0,0,405
626,6,626,0,0,0,513
626,7,626,0,0,0,495
626,8,626,0,0,0,648
626,9,626,0,0,0,465
626,10,626,0,1,0,685
626,11,626,0,1,0,561
626,12,626,0,1,0,378
626,13,626,0,1,0,698
626,14,626,0,1,0,480
626,15,626,0,1,0,307
626,16,626,0,1,0,574
626,17,626,0,1,0,711
626,18,626,0,1,0,504
626,19,626,0,1,0,644
627,0,627,0,0,0,421
627,1,627,0,0,0,358
627,2,627,0,0,0,466
627,3,627,0,0,0,481
627,4,627,0,0,0,446
627,5,627,0,0,0,593
627,6,627,0,0,0,438
627,7,627,0,0,0,363
627,8,627,0,0,0,658
627,9,627,0,0,0,509
627,10,627,0,1,0,534
627,11,627,0,1,0,369
627,12,627,0,1,0,429
627,13,627,0,1,0,481
627,14,627,0,1,0,501
627,15,627,0,1,0,303
627,16,627,0,1,0,524
627,17,627,0,1,0,436
627,18,627,0,1,0,530
627,19,627,0,1,0,453
628,0,628,0,0,0,322
628,1,628,0,0,0,329
628,2,628,0,0,0,450
628,3,628,0,0,0,640
628,4,628,0,0,0,359
628,5,628,0,0,0,455
628,6,628,0,0,0,786
628,7,628,0,0,0,486
628,8,628,0,0,0,594
628,9,628,0,0,0,631
628,10,628,0,1,0,533
628,11,628,0,1,0,458
628,12,628,0,1,0,416
628,13,628,0,1,0,293
628,14,628,0,1,0,463
628,15,628,0,1,0,554
628,16,628,0,1,0,376
628,17,628,0,1,0,500
628,18,628,0,1,0,459
628,19,628,0,1,0,610
629,0,629,0,0,0,404
629,1,629,0,0,0,415
629,2,629,0,0,0,428
629,3,629,0,0,0,712
629,4,629,0,0,0,417
629,5,629,0,0,0,427
629,6,629,0,0,0,449
629,7,629,0,0,0,539
629,8,629,0,0,0,349
629,9,629,0,0,0,549
629,10,629,0,1,0,432
629,11,629,0,1,0,725
629,12,629,0,1,0,621
629,13,629,0,1,0,420
629,14,629,0,1,0,476
629,15,629,0,1,0,535
629,16,629,0,1,0,728
629,17,629,0,1,0,549
629,18,629,0,1,0,411
629,19,629,0,1,0,706
630,0,630,0,0,0,375
630,1,630,0,0,0,438
630,2,630,0,0,0,330
630,3,630,0,0,0,575
630,4,630,0,0,0,676
630,5,630,0,0,0,527
630,6,630,0,0,0,518
630,7,630,0,0,0,640
630,8,630,0,0,0,457
630,9,630,0,0,0,466
630,10,630,0,1,0,307
630,11,630,0,1,0,504
630,12,630,0,1,0,399
630,13,630,0,1,0,378
630,14,630,0,1,0,549
630,15,630,0,1,0,674
630,16,630,0,1,0,441
630,17,630,0,1,0,704
630,18,630,0,1,0,567
630,19,630,0,1,0,433
631,0,631,0,0,0,578
631,1,631,0,0,0,729
631,2,631,0,0,0,439
631,3,631,0,0,0,555
631,4,631,0,0,0,427
631,5,631,0,0,0,563
631,6,631,0,0,0,375
631,7,631,0,0,0,610
631,8,631,0,0,0,499
631,9,631,0,0,0,555
631,10,631,0,1,0,422
631,11,631,0,1,0,521
631,12,631,0,1,0,528
631,13,631,0,1,0,870
631,14,631,0,1,0,539
631,15,631,0,1,0,385
631,16,631,0,1,0,498
631,17,631,0,1,0,599
631,18,631,0,1,0,506
631,19,631,0,1,0,348
632,0,632,0,0,0,475
632,1,632,0,0,0,355
632,2,632,0,0,0,463
632,3,632,0,0,0,601
632,4,632,0,0,0,305
632,5,632,0,0,0,622
632,6,632,0,0,0,555
632,7,632,0,0,0,515
632,8,632,0,0,0,620
632,9,632,0,0,0,393
632,10,632,0,1,0,402
632,11,632,0,1,0,532
632,12,632,0,1,0,448
632,13,632,0,1,0,750
632,14,632,0,1,0,651
632,15,632,0,1,0,455
632,16,632,0,1,0,679
632,17,632,0,1,0,521
632,18,632,0,1,0,576
632,19,632,0,1,0,547
633,0,633,0,0,0,670
633,1,633,0,0,0,365
633,2,633,0,0,0,487
633,3,633,0,0,0,560
633,4,633,0,0,0,348
633,5,633,0,0,0,336
633,6,633,0,0,0,427
633,7,633,0,0,0,410
633,8,633,0,0,0,452
633,9,633,0,0,0,522
633,10,633,0,1,0,622
633,11,633,0,1,0,580
633,12,633,0,1,0,420
633,13,633,0,1,0,652
633,14,633,0,1,0,566
633,15,633,0,1,0,605
633,16,633,0,1,0,613
633,17,633,0,1,0,340
633,18,633,0,1,0,445
633,19,633,0,1,0,458
634,0,634,0,0,0,584
634,1,634,0,0,0,503
634,2,634,0,0,0,576
634,3,634,0,0,0,581
634,4,634,0,0,0,678
634,5,634,0,0,0,576
634,6,634,0,0,0,471
634,7,634,0,0,0,548
634,8,634,0,0,0,666
634,9,634,0,0,0,589
634,10,634,0,1,0,593
634,11,634,0,1,0,475
634,12,634,0,1,0,490
634,13,634,0,1,0,708
634,14,634,0,1,0,559
634,15,634,0,1,0,669
634,16,634,0,1,0,603
634,17,634,0,1,0,473
634,18,634,0,1,0,628
634,19,634,0,1,0,583
635,0,635,0,0,0,868
635,1,635,0,0,0,567
635,2,635,0,0,0,613
635,3,635,0,0,0,471
635,4,635,0,0,0,423
635,5,635,0,0,0,623
635,6,635,0,0,0,717
635,7,635,0,0,0,574
635,8,635,0,0,0,536
635,9,635,0,0,0,419
635,10,635,0,1,0,475
635,11,635,0,1,0,465
635,12,635,0,1,0,632
635,13,635,0,1,0,471
635,14,635,0,1,0,512
635,15,635,0,1,0,256
635,16,635,0,1,0,478
635,17,635,0,1,0,558
635,18,635,0,1,0,542
635,19,635,0,1,0,419
636,0,636,0,0,0,468
636,1,636,0,0,0,642
636,2,636,0,0,0,542
636,3,636,0,0,0,380
636,4,636,0,0,0,767
636,5,636,0,0,0,484
636,6,636,0,0,0,694
636,7,636,0,0,0,771
636,8,636,0,0,0,441
636,9,636,0,0,0,550
636,10,636,0,1,0,465
636,11,636,0,1,0,398
636,12,636,0,1,0,413
636,13,636,0,1,0,633
636,14,636,0,1,0,563
636,15,636,0,1,0,658
636,16,636,0,1,0,454
636,17,636,0,1,0,567
636,18,636,0,1,0,540
636,19,636,0,1,0,421
637,0,637,0,0,0,428
637,1,637,0,0,0,604
637,2,637,0,0,0,484
637,3,637,0,0,0,660
637,4,637,0,0,0,356
637,5,637,0,0,0,600
637,6,637,0,0,0,459
637,7,637,0,0,0,650
637,8,637,0,0,0,601
637,9,637,0,0,0,528
637,10,637,0,1,0,632
637,11,637,0,1,0,342
637,12,637,0,1,0,548
637,13,637,0,1,0,931
637,14,637,0,1,0,731
637,15,637,0,1,0,391
637,16,637,0,1,0,451
637,17,637,0,1,0,446
637,18,637,0,1,0,681
637,19,637,0,1,0,623
638,0,638,0,0,0,846
638,1,638,0,0,0,711
638,2,638,0,0,0,624
638,3,638,0,0,0,431
638,4,638,0,0,0,490
638,5,638,0,0,0,533
638,6,638,0,0,0,512
638,7,638,0,0,0,591
638,8,638,0,0,0,549
638,9,638,0,0,0,542
638,10,638,0,1,0,638
638,11,638,0,1,0,534
638,12,638,0,1,0,422
638,13,638,0,1,0,443
638,14,638,0,1,0,581
638,15,638,0,1,0,622
638,16,638,0,1,0,529
638,17,638,0,1,0,383
638,18,638,0,1,0,533
638,19,638,0,1,0,512
639,0,639,0,0,0,593
639,1,639,0,0,0,534
639,2,639,0,0,0,598
639,3,639,0,0,0,558
639,4,639,0,0,0,465
639,5,639,0,0,0,496
639,6,639,0,0,0,471
639,7,639,0,0,0,610
639,8,639,0,0,0,543
639,9,639,0,0,0,497
639,10,639,0,1,0,664
639,11,639,0,1,0,472
639,12,639,0,1,0,588
639,13,639,0,1,0,399
639,14,639,0,1,0,541
639,15,639,0,1,0,737
639,16,639,0,1,0,682
639,17,639,0,1,0,441
639,18,639,0,1,0,680
639,19,639,0,1,0,414
640,0,640,0,0,0,567
640,1,640,0,0,0,635
640,2,640,0,0,0,732
640,3,640,0,0,0,489
640,4,640,0,0,0,402
640,5,640,0,0,0,498
640,6,640,0,0,0,497
640,7,640,0,0,0,726
640,8,640,0,0,0,770
640,9,640,0,0,0,575
640,10,640,0,1,0,494
640,11,640,0,1,0,673
640,12,640,0,1,0,576
640,13,640,0,1,0,739
640,14,640,0,1,0,562
640,15,640,0,1,0,350
640,16,640,0,1,0,492
640,17,640,0,1,0,626
640,18,640,0,1,0,618
640,19,640,0,1,0,555
641,0,641,0,0,0,817
641,1,641,0,0,0,553
641,2,641,0,0,0,414
641,3,641,0,0,0,799
641,4,641,0,0,0,847
641,5,641,0,0,0,575
641,6,641,0,0,0,662
641,7,641,0,0,0,523
641,8,641,0,0,0,553
641,9,641,0,0,0,565
641,10,641,0,1,0,483
641,11,641,0,1,0,595
641,12,641,0,1,0,470
641,13,641,0,1,0,504
641,14,641,0,1,0,458
641,15,641,0,1,0,674
641,16,641,0,1,0,583
641,17,641,0,1,0,375
641,18,641,0,1,0,421
641,19,641,0,1,0,613
642,0,642,0,0,0,638
642,1,642,0,0,0,742
642,2,642,0,0,0,626
642,3,642,0,0,0,612
642,4,642,0,0,0,488
642,5,642,0,0,0,888
642,6,642,0,0,0,480
642,7,642,0,0,0,448
642,8,642,0,0,0,476
642,9,642,0,0,0,496
642,10,642,0,1,0,639
642,11,642,0,1,0,473
642,12,642,0,1,0,562
642,13,642,0,1,0,731
642,14,642,0,1,0,447
642,15,642,0,1,0,451
642,16,642,0,1,0,559
642,17,642,0,1,0,734
642,18,642,0,1,0,474
642,19,642,0,1,0,537
643,0,643,0,0,0,652
643,1,643,0,0,0,449
643,2,643,0,0,0,606
643,3,643,0,0,0,585
643,4,643,0,0,0,575
643,5,643,0,0,0,360
643,6,643,0,0,0,494
643,7,643,0,0,0,577
643,8,643,0,0,0,703
643,9,643,0,0,0,759
643,10,643,0,1,0,591
643,11,643,0,1,0,664
643,12,643,0,1,0,663
643,13,643,0,1,0,403
643,14,643,0,1,0,751
643,15,643,0,1,0,674
643,16,643,0,1,0,533
643,17,643,0,1,0,574
643,18,643,0,1,0,684
643,19,643,0,1,0,689
644,0,644,0,0,0,704
644,1,644,0,0,0,431
644,2,644,0,0,0,593
644,3,644,0,0,0,535
644,4,644,0,0,0,621
644,5,644,0,0,0,680
644,6,644,0,0,0,421
644,7,644,0,0,0,622
644,8,644,0,0,0,601
644,9,644,0,0,0,394
644,10,644,0,1,0,635
644,11,644,0,1,0,421
644,12,644,0,1,0,931
644,13,644,0,1,0,863
644,14,644,0,1,0,580
644,15,644,0,1,0,808
644,16,644,0,1,0,646
644,17,644,0,1,0,942
644,18,644,0,1,0,715
644,19,644,0,1,0,631
645,0,645,0,0,0,560
645,1,645,0,0,0,595
645,2,645,0,0,0,584
645,3,645,0,0,0,632
645,4,645,0,0,0,780
645,5,645,0,0,0,543
645,6,645,0,0,0,476
645,7,645,0,0,0,502
645,8,645,0,0,0,522
645,9,645,0,0,0,501
645,10,645,0,1,0,530
645,11,645,0,1,0,797
645,12,645,0,1,0,533
645,13,645,0,1,0,651
645,14,645,0,1,0,552
645,15,645,0,1,0,424
645,16,645,0,1,0,538
645,17,645,0,1,0,496
645,18,645,0,1,0,545
645,19,645,0,1,0,444
646,0,646,0,0,0,452
646,1,646,0,0,0,385
646,2,646,0,0,0,508
646,3,646,0,0,0,408
646,4,646,0,0,0,666
646,5,646,0,0,0,457
646,6,646,0,0,0,496
646,7,646,0,0,0,656
646,8,646,0,0,0,586
646,9,646,0,0,0,639
646,10,646,0,1,0,558
646,11,646,0,1,0,665
646,12,646,0,1,0,495
646,13,646,0,1,0,523
646,14,646,0,1,0,925
646,15,646,0,1,0,677
646,16,646,0,1,0,502
646,17,646,0,1,0,736
646,18,646,0,1,0,489
646,19,646,0,1,0,676
647,0,647,0,0,0,401
647,1,647,0,0,0,470
647,2,647,0,0,0,698
647,3,647,0,0,0,510
647,4,647,0,0,0,684
647,5,647,0,0,0,561
647,6,647,0,0,0,487
647,7,647,0,0,0,495
647,8,647,0,0,0,781
647,9,647,0,0,0,684
647,10,647,0,1,0,493
647,11,647,0,1,0,510
647,12,647,0,1,0,623
647,13,647,0,1,0,910
647,14,647,0,1,0,300
647,15,647,0,1,0,759
647,16,647,0,1,0,747
647,17,647,0,1,0,664
647,18,647,0,1,0,667
647,19,647,0,1,0,570
648,0,648,0,0,0,420
648,1,648,0,0,0,610
648,2,648,0,0,0,599
648,3,648,0,0,0,603
648,4,648,0,0,0,667
648,5,648,0,0,0,667
648,6,648,0,0,0,515
648,7,648,0,0,0,612
648,8,648,0,0,0,539
648,9,648,0,0,0,481
648,10,648,0,1,0,744
648,11,648,0,1,0,491
648,12,648,0,1,0,522
648,13,648,0,1,0,437
648,14,648,0,1,0,695
648,15,648,0,1,0,572
648,16,648,0,1,0,551
648,17,648,0,1,0,718
648,18,648,0,1,0,1163
648,19,648,0,1,0,695
649,0,649,0,0,0,619
649,1,649,0,0,0,425
649,2,649,0,0,0,782
649,3,649,0,0,0,765
649,4,649,0,0,0,492
649,5,649,0,0,0,584
649,6,649,0,0,0,665
649,7,649,0,0,0,646
649,8,649,0,0,0,488
649,9,649,0,0,0,567
649,10,649,0,1,0,575
649,11,649,0,1,0,740
649,12,649,0,1,0,691
649,13,649,0,1,0,523
649,14,649,0,1,0,481
649,15,649,0,1,0,508
649,16,649,0,1,0,491
649,17,649,0,1,0,469
649,18,649,0,1,0,538
649,19,649,0,1,0,593
650,0,650,0,0,0,388
650,1,650,0,0,0,832
650,2,650,0,0,0,535
650,3,650,0,0,0,500
650,4,650,0,0,0,546
650,5,650,0,0,0,564
650,6,650,0,0,0,731
650,7,650,0,0,0,675
650,8,650,0,0,0,760
650,9,650,0,0,0,686
650,10,650,0,1,0,827
650,11,650,0,1,0,572
650,12,650,0,1,0,606
650,13,650,0,1,0,792
650,14,650,0,1,0,608
650,15,650,0,1,0,583
650,16,650,0,1,0,617
650,17,650,0,1,0,687
650,18,650,0,1,0,700
650,19,650,0,1,0,498
651,0,651,0,0,0,911
651,1,651,0,0,0,640
651,2,651,0,0,0,484
651,3,651,0,0,0,774
651,4,651,0,0,0,582
651,5,651,0,0,0,517
651,6,651,0,0,0,792
651,7,651,0,0,0,622
651,8,651,0,0,0,723
651,9,651,0,0,0,399
651,10,651,0,1,0,732
651,11,651,0,1,0,508
651,12,651,0,1,0,526
651,13,651,0,1,0,744
651,14,651,0,1,0,580
651,15,651,0,1,0,633
651,16,651,0,1,0,542
651,17,651,0,1,0,629
651,18,651,0,1,0,800
651,19,651,0,1,0,547
652,0,652,0,0,0,715
652,1,652,0,0,0,666
652,2,652,0,0,0,517
652,3,652,0,0,0,528
652,4,652,0,0,0,662
652,5,652,0,0,0,433
652,6,652,0,0,0,459
652,7,652,0,0,0,414
652,8,652,0,0,0,713
652,9,652,0,0,0,745
652,10,652,0,1,0,676
652,11,652,0,1,0,481
652,12,652,0,1,0,620
652,13,652,0,1,0,429
652,14,652,0,1,0,498
652,15,652,0,1,0,653
652,16,652,0,1,0,403
652,17,652,0,1,0,748
652,18,652,0,1,0,528
652,19,652,0,1,0,612
653,0,653,0,0,0,447
653,1,653,0,0,0,496
653,2,653,0,0,0,698
653,3,653,0,0,0,482
653,4,653,0,0,0,772
653,5,653,0,0,0,687
653,6,653,0,0,0,620
653,7,653,0,0,0,454
653,8,653,0,0,0,559
653,9,653,0,0,0,626
653,10,653,0,1,0,629
653,11,653,0,1,0,676
653,12,653,0,1,0,646
653,13,653,0,1,0,584
653,14,653,0,1,0,565
653,15,653,0,1,0,687
653,16,653,0,1,0,594
653,17,653,0,1,0,750
653,18,653,0,1,0,617
653,19,653,0,1,0,686
654,0,654,0,0,0,879
654,1,654,0,0,0,632
654,2,654,0,0,0,946
654,3,654,0,0,0,667
654,4,654,0,0,0,725
654,5,654,0,0,0,717
654,6,654,0,0,0,483
654,7,654,0,0,0,615
654,8,654,0,0,0,875
654,9,654,0,0,0,552
654,10,654,0,1,0,452
654,11,654,0,1,0,796
654,12,654,0,1,0,506
654,13,654,0,1,0,885
654,14,654,0,1,0,518
654,15,654,0,1,0,694
654,16,654,0,1,0,666
654,17,654,0,1,0,517
654,18,654,0,1,0,957
654,19,654,0,1,0,603
655,0,655,0,0,0,505
655,1,655,0,0,0,528
655,2,655,0,0,0,550
655,3,655,0,0,0,602
655,4,655,0,0,0,550
655,5,655,0,0,0,548
655,6,655,0,0,0,941
655,7,655,0,0,0,759
655,8,655,0,0,0,712
655,9,655,0,0,0,637
655,10,655,0,1,0,523
655,11,655,0,1,0,699
655,12,655,0,1,0,568
655,13,655,0,1,0,512
655,14,655,0,1,0,614
655,15,655,0,1,0,647
655,16,655,0,1,0,739
655,17,655,0,1,0,607
655,18,655,0,1,0,652
655,19,655,0,1,0,624
656,0,656,0,0,0,869
656,1,656,0,0,0,705
656,2,656,0,0,0,652
656,3,656,0,0,0,678
656,4,656,0,0,0,657
656,5,656,0,0,0,720
656,6,656,0,0,0,730
656,7,656,0,0,0,610
656,8,656,0,0,0,620
656,9,656,0,0,0,661
656,10,656,0,1,0,566
656,11,656,0,1,0,620
656,12,656,0,1,0,516
656,13,656,0,1,0,700
656,14,656,0,1,0,486
656,15,656,0,1,0,700
656,16,656,0,1,0,676
656,17,656,0,1,0,728
656,18,656,0,1,0,863
656,19,656,0,1,0,562
657,0,657,0,0,0,616
657,1,657,0,0,0,826
657,2,657,0,0,0,829
657,3,657,0,0,0,751
657,4,657,0,0,0,602
657,5,657,0,0,0,836
657,6,657,0,0,0,611
657,7,657,0,0,0,749
657,8,657,0,0,0,515
657,9,657,0,0,0,477
657,10,657,0,1,0,998
657,11,657,0,1,0,1130
657,12,657,0,1,0,520
657,13,657,0,1,0,400
657,14,657,0,1,0,998
657,15,657,0,1,0,654
657,16,657,0,1,0,824
657,17,657,0,1,0,941
657,18,657,0,1,0,795
657,19,657,0,1,0,691
658,0,658,0,0,0,502
658,1,658,0,0,0,459
658,2,658,0,0,0,701
658,3,658,0,0,0,714
658,4,658,0,0,0,515
658,5,658,0,0,0,855
658,6,658,0,0,0,501
658,7,658,0,0,0,594
658,8,658,0,0,0,595
658,9,658,0,0,0,888
658,10,658,0,1,0,648
658,11,658,0,1,0,708
658,12,658,0,1,0,629
658,13,658,0,1,0,777
658,14,658,0,1,0,765
658,15,658,0,1,0,829
658,16,658,0,1,0,565
658,17,658,0,1,0,765
658,18,658,0,1,0,797
658,19,658,0,1,0,757
659,0,659,0,0,0,928
659,1,659,0,0,0,894
659,2,659,0,0,0,526
659,3,659,0,0,0,496
659,4,659,0,0,0,712
659,5,659,0,0,0,704
659,6,659,0,0,0,551
659,7,659,0,0,0,584
659,8,659,0,0,0,895
659,9,659,0,0,0,861
659,10,659,0,1,0,661
659,11,659,0,1,0,550
659,12,659,0,1,0,703
659,13,659,0,1,0,655
659,14,659,0,1,0,890
659,15,659,0,1,0,615
659,16,659,0,1,0,435
659,17,659,0,1,0,473
659,18,659,0,1,0,754
659,19,659,0,1,0,727
660,0,660,0,0,0,609
660,1,660,0,0,0,696
660,2,660,0,0,0,735
660,3,660,0,0,0,624
660,4,660,0,0,0,567
660,5,660,0,0,0,478
660,6,660,0,0,0,572
660,7,660,0,0,0,575
660,8,660,0,0,0,749
660,9,660,0,0,0,450
660,10,660,0,1,0,697
660,11,660,0,1,0,838
660,12,660,0,1,0,796
660,13,660,0,1,0,537
660,14,660,0,1,0,618
660,15,660,0,1,0,621
660,16,660,0,1,0,524
660,17,660,0,1,0,737
660,18,660,0,1,0,599
660,19,660,0,1,0,525
661,0,661,0,0,0,785
661,1,661,0,0,0,855
661,2,661,0,0,0,981
661,3,661,0,0,0,706
661,4,661,0,0,0,888
661,5,661,0,0,0,698
661,6,661,0,0,0,815
661,7,661,0,0,0,535
661,8,661,0,0,0,645
661,9,661,0,0,0,501
661,10,661,0,1,0,516
661,11,661,0,1,0,832
661,12,661,0,1,0,1036
661,13,661,0,1,0,580
661,14,661,0,1,0,778
661,15,661,0,1,0,922
661,16,661,0,1,0,635
661,17,661,0,1,0,768
661,18,661,0,1,0,626
661,19,661,0,1,0,755
662,0,662,0,0,0,599
662,1,662,0,0,0,510
662,2,662,0,0,0,777
662,3,662,0,0,0,671
662,4,662,0,0,0,689
662,5,662,0,0,0,791
662,6,662,0,0,0,759
662,7,662,0,0,0,673
662,8,662,0,0,0,516
662,9,662,0,0,0,590
662,10,662,0,1,0,564
662,11,662,0,1,0,663
662,12,662,0,1,0,630
662,13,662,0,1,0,564
662,14,662,0,1,0,627
662,15,662,0,1,0,643
662,16,662,0,1,0,909
662,17,662,0,1,0,556
662,18,662,0,1,0,583
662,19,662,0,1,0,641
663,0,663,0,0,0,719
663,1,663,0,0,0,719
663,2,663,0,0,0,701
663,3,663,0,0,0,757
663,4,663,0,0,0,931
663,5,663,0,0,0,1085
663,6,663,0,0,0,821
663,7,663,0,0,0,655
663,8,663,0,0,0,730
663,9,663,0,0,0,695
663,10,663,0,1,0,423
663,11,663,0,1,0,623
663,12,663,0,1,0,538
663,13,663,0,1,0,494
663,14,663,0,1,0,537
663,15,663,0,1,0,557
663,16,663,0,1,0,598
663,17,663,0,1,0,616
663,18,663,0,1,0,616
663,19,663,0,1,0,612
664,0,664,0,0,0,663
664,1,664,0,0,0,492
664,2,664,0,0,0,663
664,3,664,0,0,0,520
664,4,664,0,0,0,836
664,5,664,0,0,0,709
664,6,664,0,0,0,648
664,7,664,0,0,0,696
664,8,664,0,0,0,684
664,9,664,0,0,0,797
664,10,664,0,1,0,793
664,11,664,0,1,0,630
664,12,664,0,1,0,791
664,13,664,0,1,0,830
664,14,664,0,1,0,932
664,15,664,0,1,0,455
664,16,664,0,1,0,753
664,17,664,0,1,0,459
664,18,664,0,1,0,644
664,19,664,0,1,0,596
665,0,665,0,0,0,621
665,1,665,0,0,0,765
665,2,665,0,0,0,861
665,3,665,0,0,0,555
665,4,665,0,0,0,691
665,5,665,0,0,0,659
665,6,665,0,0,0,772
665,7,665,0,0,0,674
665,8,665,0,0,0,649
665,9,665,0,0,0,740
665,10,665,0,1,0,650
665,11,665,0,1,0,597
665,12,665,0,1,0,662
665,13,665,0,1,0,918
665,14,665,0,1,0,547
665,15,665,0,1,0,730
665,16,665,0,1,0,723
665,17,665,0,1,0,775
665,18,665,0,1,0,1097
665,19,665,0,1,0,613
666,0,666,0,0,0,905
666,1,666,0,0,0,573
666,2,666,0,0,0,783
666,3,666,0,0,0,645
666,4,666,0,0,0,704
666,5,666,0,0,0,742
666,6,666,0,0,0,774
666,7,666,0,0,0,889
666,8,666,0,0,0,598
666,9,666,0,0,0,690
666,10,666,0,1,0,881
666,11,666,0,1,0,557
666,12,666,0,1,0,839
666,13,666,0,1,0,683
666,14,666,0,1,0,587
666,15,666,0,1,0,790
666,16,666,0,1,0,713
666,17,666,0,1,0,675
666,18,666,0,1,0,595
666,19,666,0,1,0,741
667,0,667,0,0,0,737
667,1,667,0,0,0,737
667,2,667,0,0,0,644
667,3,667,0,0,0,757
667,4,667,0,0,0,728
667,5,667,0,0,0,662
667,6,667,0,0,0,467
667,7,667,0,0,0,649
667,8,667,0,0,0,914
667,9,667,0,0,0,744
667,10,667,0,1,0,876
667,11,667,0,1,0,698
667,12,667,0,1,0,641
667,13,667,0,1,0,976
667,14,667,0,1,0,838
667,15,667,0,1,0,687
667,16,667,0,1,0,922
667,17,667,0,1,0,743
667,18,667,0,1,0,505
667,19,667,0,1,0,1082
668,0,668,0,0,0,777
668,1,668,0,0,0,1006
668,2,668,0,0,0,523
668,3,668,0,0,0,690
668,4,668,0,0,0,625
668,5,668,0,0,0,727
668,6,668,0,0,0,754
668,7,668,0,0,0,647
668,8,668,0,0,0,769
668,9,668,0,0,0,575
668,10,668,0,1,0,506
668,11,668,0,1,0,742
668,12,668,0,1,0,462
668,13,668,0,1,0,647
668,14,668,0,1,0,623
668,15,668,0,1,0,746
668,16,668,0,1,0,724
668,17,668,0,1,0,637
668,18,668,0,1,0,692
668,19,668,0,1,0,663
669,0,669,0,0,0,620
669,1,669,0,0,0,834
669,2,669,0,0,0,676
669,3,669,0,0,0,855
669,4,669,0,0,0,690
669,5,669,0,0,0,889
669,6,669,0,0,0,571
669,7,669,0,0,0,727
669,8,669,0,0,0,646
669,9,669,0,0,0,616
669,10,669,0,1,0,597
669,11,669,0,1,0,711
669,12,669,0,1,0,675
669,13,669,0,1,0,882
669,14,669,0,1,0,594
669,15,669,0,1,0,493
669,16,669,0,1,0,732
669,17,669,0,1,0,707
669,18,669,0,1,0,508
669,19,669,0,1,0,571
670,0,670,0,0,0,782
670,1,670,0,0,0,451
670,2,670,0,0,0,705
670,3,670,0,0,0,717
670,4,670,0,0,0,685
670,5,670,0,0,0,575
670,6,670,0,0,0,584
670,7,670,0,0,0,1048
670,8,670,0,0,0,608
670,9,670,0,0,0,610
670,10,670,0,1,0,706
670,11,670,0,1,0,897
670,12,670,0,1,0,856
670,13,670,0,1,0,648
670,14,670,0,1,0,861
670,15,670,0,1,0,933
670,16,670,0,1,0,584
670,17,670,0,1,0,700
670,18,670,0,1,0,401
670,19,670,0,1,0,730
671,0,671,0,0,0,850
671,1,671,0,0,0,628
671,2,671,0,0,0,665
671,3,671,0,0,0,783
671,4,671,0,0,0,868
671,5,671,0,0,0,1055
671,6,671,0,0,0,610
671,7,671,0,0,0,696
671,8,671,0,0,0,811
671,9,671,0,0,0,494
671,10,671,0,1,0,589
671,11,671,0,1,0,797
671,12,671,0,1,0,1151
671,13,671,0,1,0,564
671,14,671,0,1,0,676
671,15,671,0,1,0,971
671,16,671,0,1,0,828
671,17,671,0,1,0,458
671,18,671,0,1,0,458
671,19,671,0,1,0,742
672,0,672,0,0,0,450
672,1,672,0,0,0,660
672,2,672,0,0,0,744
672,3,672,0,0,0,820
672,4,672,0,0,0,601
672,5,672,0,0,0,947
672,6,672,0,0,0,1076
672,7,672,0,0,0,557
672,8,672,0,0,0,676
672,9,672,0,0,0,884
672,10,672,0,1,0,754
672,11,672,0,1,0,547
672,12,672,0,1,0,847
672,13,672,0,1,0,1363
672,14,672,0,1,0,635
672,15,672,0,1,0,884
672,16,672,0,1,0,791
672,17,672,0,1,0,812
672,18,672,0,1,0,786
672,19,672,0,1,0,836
673,0,673,0,0,0,844
673,1,673,0,0,0,619
673,2,673,0,0,0,848
673,3,673,0,0,0,797
673,4,673,0,0,0,766
673,5,673,0,0,0,840
673,6,673,0,0,0,883
673,7,673,0,0,0,642
673,8,673,0,0,0,1070
673,9,673,0,0,0,988
673,10,673,0,1,0,595
673,11,673,0,1,0,647
673,12,673,0,1,0,559
673,13,673,0,1,0,607
673,14,673,0,1,0,634
673,15,673,0,1,0,431
673,16,673,0,1,0,715
673,17,673,0,1,0,967
673,18,673,0,1,0,838
673,19,673,0,1,0,649
674,0,674,0,0,0,911
674,1,674,0,0,0,820
674,2,674,0,0,0,741
674,3,674,0,0,0,850
674,4,674,0,0,0,649
674,5,674,0,0,0,814
674,6,674,0,0,0,890
674,7,674,0,0,0,897
674,8,674,0,0,0,753
674,9,674,0,0,0,666
674,10,674,0,1,0,777
674,11,674,0,1,0,603
674,12,674,0,1,0,985
674,13,674,0,1,0,598
674,14,674,0,1,0,723
674,15,674,0,1,0,945
674,16,674,0,1,0,864
674,17,674,0,1,0,937
674,18,674,0,1,0,1045
674,19,674,0,1,0,658
675,0,675,0,0,0,895
675,1,675,0,0,0,945
675,2,675,0,0,0,695
675,3,675,0,0,0,987
675,4,675,0,0,0,931
675,5,675,0,0,0,899
675,6,675,0,0,0,621
675,7,675,0,0,0,804
675,8,675,0,0,0,838
675,9,675,0,0,0,891
675,10,675,0,1,0,546
675,11,675,0,1,0,850
675,12,675,0,1,0,734
675,13,675,0,1,0,828
675,14,675,0,1,0,658
675,15,675,0,1,0,1040
675,16,675,0,1,0,817
675,17,675,0,1,0,875
675,18,675,0,1,0,523
675,19,675,0,1,0,717
676,0,676,0,0,0,813
676,1,676,0,0,0,645
676,2,676,0,0,0,587
676,3,676,0,0,0,1064
676,4,676,0,0,0,640
676,5,676,0,0,0,701
676,6,676,0,0,0,735
676,7,676,0,0,0,892
676,8,676,0,0,0,971
676,9,676,0,0,0,774
676,10,676,0,1,0,965
676,11,676,0,1,0,997
676,12,676,0,1,0,561
676,13,676,0,1,0,582
676,14,676,0,1,0,718
676,15,676,0,1,0,960
676,16,676,0,1,0,865
676,17,676,0,1,0,653
676,18,676,0,1,0,947
676,19,676,0,1,0,853
677,0,677,0,0,0,843
677,1,677,0,0,0,892
677,2,677,0,0,0,890
677,3,677,0,0,0,881
677,4,677,0,0,0,888
677,5,677,0,0,0,681
677,6,677,0,0,0,1207
677,7,677,0,0,0,894
677,8,677,0,0,0,1098
677,9,677,0,0,0,976
677,10,677,0,1,0,735
677,11,677,0,1,0,970
677,12,677,0,1,0,811
677,13,677,0,1,0,935
677,14,677,0,1,0,930
677,15,677,0,1,0,880
677,16,677,0,1,0,647
677,17,677,0,1,0,1155
677,18,677,0,1,0,713
677,19,677,0,1,0,629
678,0,678,0,0,0,850
678,1,678,0,0,0,765
678,2,678,0,0,0,803
678,3,678,0,0,0,1015
678,4,678,0,0,0,928
678,5,678,0,0,0,756
678,6,678,0,0,0,1168
678,7,678,0,0,0,761
678,8,678,0,0,0,845
678,9,678,0,0,0,945
678,10,678,0,1,0,690
678,11,678,0,1,0,808
678,12,678,0,1,0,792
678,13,678,0,1,0,1134
678,14,678,0,1,0,842
678,15,678,0,1,0,748
678,16,678,0,1,0,592
678,17,678,0,1,0,1176
678,18,678,0,1,0,730
678,19,678,0,1,0,984
679,0,679,0,0,0,1265
679,1,679,0,0,0,805
679,2,679,0,0,0,677
679,3,679,0,0,0,912
679,4,679,0,0,0,633
679,5,679,0,0,0,882
679,6,679,0,0,0,797
679,7,679,0,0,0,765
679,8,679,0,0,0,792
679,9,679,0,0,0,793
679,10,679,0,1,0,923
679,11,679,0,1,0,829
679,12,679,0,1,0,618
679,13,679,0,1,0,967
679,14,679,0,1,0,863
679,15,679,0,1,0,662
679,16,679,0,1,0,690
679,17,679,0,1,0,670
679,18,679,0,1,0,1181
679,19,679,0,1,0,855
680,0,680,0,0,0,626
680,1,680,0,0,0,727
680,2,680,0,0,0,629
680,3,680,0,0,0,873
680,4,680,0,0,0,708
680,5,680,0,0,0,826
680,6,680,0,0,0,921
680,7,680,0,0,0,961
680,8,680,0,0,0,654
680,9,680,0,0,0,803
680,10,680,0,1,0,1187
680,11,680,0,1,0,597
680,12,680,0,1,0,1011
680,13,680,0,1,0,837
680,14,680,0,1,0,713
680,15,680,0,1,0,733
680,16,680,0,1,0,806
680,17,680,0,1,0,848
680,18,680,0,1,0,722
680,19,680,0,1,0,974
681,0,681,0,0,0,937
681,1,681,0,0,0,789
681,2,681,0,0,0,759
681,3,681,0,0,0,859
681,4,681,0,0,0,835
681,5,681,0,0,0,888
681,6,681,0,0,0,1022
681,7,681,0,0,0,744
681,8,681,0,0,0,1090
681,9,681,0,0,0,605
681,10,681,0,1,0,924
681,11,681,0,1,0,752
681,12,681,0,1,0,939
681,13,681,0,1,0,658
681,14,681,0,1,0,915
681,15,681,0,1,0,796
681,16,681,0,1,0,790
681,17,681,0,1,0,903
681,18,681,0,1,0,809
681,19,681,0,1,0,736
682,0,682,0,0,0,1060
682,1,682,0,0,0,868
682,2,682,0,0,0,900
682,3,682,0,0,0,576
682,4,682,0,0,0,901
682,5,682,0,0,0,1033
682,6,682,0,0,0,933
682,7,682,0,0,0,874
682,8,682,0,0,0,752
682,9,682,0,0,0,767
682,10,682,0,1,0,643
682,11,682,0,1,0,647
682,12,682,0,1,0,647
682,13,682,0,1,0,889
682,14,682,0,1,0,796
682,15,682,0,1,0,533
682,16,682,0,1,0,879
682,17,682,0,1,0,768
682,18,682,0,1,0,827
682,19,682,0,1,0,670
683,0,683,0,0,0,769
683,1,683,0,0,0,1048
683,2,683,0,0,0,704
683,3,683,0,0,0,774
683,4,683,0,0,0,1283
683,5,683,0,0,0,801
683,6,683,0,0,0,872
683,7,683,0,0,0,701
683,8,683,0,0,0,1149
683,9,683,0,0,0,884
683,10,683,0,1,0,860
683,11,683,0,1,0,861
683,12,683,0,1,0,780
683,13,683,0,1,0,685
683,14,683,0,1,0,779
683,15,683,0,1,0,732
683,16,683,0,1,0,1036
683,17,683,0,1,0,753
683,18,683,0,1,0,1080
683,19,683,0,1,0,577
684,0,684,0,0,0,772
684,1,684,0,0,0,922
684,2,684,0,0,0,827
684,3,684,0,0,0,848
684,4,684,0,0,0,887
684,5,684,0,0,0,1002
684,6,684,0,0,0,830
684,7,684,0,0,0,751
684,8,684,0,0,0,869
684,9,684,0,0,0,1045
684,10,684,0,1,0,911
684,11,684,0,1,0,642
684,12,684,0,1,0,706
684,13,684,0,1,0,936
684,14,684,0,1,0,799
684,15,684,0,1,0,1015
684,16,684,0,1,0,1232
684,17,684,0,1,0,691
684,18,684,0,1,0,713
684,19,684,0,1,0,813
685,0,685,0,0,0,737
685,1,685,0,0,0,838
685,2,685,0,0,0,721
685,3,685,0,0,0,853
685,4,685,0,0,0,670
685,5,685,0,0,0,659
685,6,685,0,0,0,940
685,7,685,0,0,0,772
685,8,685,0,0,0,845
685,9,685,0,0,0,954
685,10,685,0,1,0,1057
685,11,685,0,1,0,623
685,12,685,0,1,0,650
685,13,685,0,1,0,708
685,14,685,0,1,0,782
685,15,685,0,1,0,1180
685,16,685,0,1,0,863
685,17,685,0,1,0,770
685,18,685,0,1,0,803
685,19,685,0,1,0,588
686,0,686,0,0,0,812
686,1,686,0,0,0,907
686,2,686,0,0,0,889
686,3,686,0,0,0,824
686,4,686,0,0,0,975
686,5,686,0,0,0,853
686,6,686,0,0,0,664
686,7,686,0,0,0,743
686,8,686,0,0,0,764
686,9,686,0,0,0,801
686,10,686,0,1,0,1079
686,11,686,0,1,0,705
686,12,686,0,1,0,828
686,13,686,0,1,0,753
686,14,686,0,1,0,760
686,15,686,0,1,0,891
686,16,686,0,1,0,1127
686,17,686,0,1,0,982
686,18,686,0,1,0,1170
686,19,686,0,1,0,785
687,0,687,0,0,0,651
687,1,687,0,0,0,669
687,2,687,0,0,0,786
687,3,687,0,0,0,888
687,4,687,0,0,0,615
687,5,687,0,0,0,871
687,6,687,0,0,0,792
687,7,687,0,0,0,956
687,8,687,0,0,0,953
687,9,687,0,0,0,814
687,10,687,0,1,0,770
687,11,687,0,1,0,839
687,12,687,0,1,0,878
687,13,687,0,1,0,946
687,14,687,0,1,0,1157
687,15,687,0,1,0,628
687,16,687,0,1,0,1130
687,17,687,0,1,0,960
687,18,687,0,1,0,871
687,19,687,0,1,0,701
688,0,688,0,0,0,884
688,1,688,0,0,0,886
688,2,688,0,0,0,676
688,3,688,0,0,0,975
688,4,688,0,0,0,540
688,5,688,0,0,0,928
688,6,688,0,0,0,850
688,7,688,0,0,0,872
688,8,688,0,0,0,791
688,9,688,0,0,0,817
688,10,688,0,1,0,1062
688,11,688,0,1,0,1182
688,12,688,0,1,0,986
688,13,688,0,1,0,758
688,14,688,0,1,0,1418
688,15,688,0,1,0,606
688,16,688,0,1,0,827
688,17,688,0,1,0,1058
688,18,688,0,1,0,902
688,19,688,0,1,0,883
689,0,689,0,0,0,1060
689,1,689,0,0,0,1060
689,2,689,0,0,0,698
689,3,689,0,0,0,772
689,4,689,0,0,0,1080
689,5,689,0,0,0,952
689,6,689,0,0,0,824
689,7,689,0,0,0,965
689,8,689,0,0,0,682
689,9,689,0,0,0,837
689,10,689,0,1,0,777
689,11,689,0,1,0,554
689,12,689,0,1,0,920
689,13,689,0,1,0,839
689,14,689,0,1,0,1114
689,15,689,0,1,0,906
689,16,689,0,1,0,952
689,17,689,0,1,0,983
689,18,689,0,1,0,931
689,19,689,0,1,0,804
690,0,690,0,0,0,747
690,1,690,0,0,0,934
690,2,690,0,0,0,883
690,3,690,0,0,0,777
690,4,690,0,0,0,965
690,5,690,0,0,0,1152
690,6,690,0,0,0,909
690,7,690,0,0,0,816
690,8,690,0,0,0,1332
690,9,690,0,0,0,774
690,10,690,0,1,0,748
690,11,690,0,1,0,1159
690,12,690,0,1,0,1217
690,13,690,0,1,0,728
690,14,690,0,1,0,651
690,15,690,0,1,0,947
690,16,690,0,1,0,967
690,17,690,0,1,0,833
690,18,690,0,1,0,1185
690,19,690,0,1,0,1246
691,0,691,0,0,0,908
691,1,691,0,0,0,896
691,2,691,0,0,0,673
691,3,691,0,0,0,831
691,4,691,0,0,0,810
691,5,691,0,0,0,807
691,6,691,0,0,0,812
691,7,691,0,0,0,562
691,8,691,0,0,0,1236
691,9,691,0,0,0,874
691,10,691,0,1,0,900
691,11,691,0,1,0,1011
691,12,691,0,1,0,627
691,13,691,0,1,0,678
691,14,691,0,1,0,1159
691,15,691,0,1,0,574
691,16,691,0,1,0,1279
691,17,691,0,1,0,1381
691,18,691,0,1,0,918
691,19,691,0,1,0,835
692,0,692,0,0,0,906
692,1,692,0,0,0,645
692,2,692,0,0,0,760
692,3,692,0,0,0,1446
692,4,692,0,0,0,864
692,5,692,0,0,0,894
692,6,692,0,0,0,1013
692,7,692,0,0,0,1205
692,8,692,0,0,0,1037
692,9,692,0,0,0,700
692,10,692,0,1,0,620
692,11,692,0,1,0,606
692,12,692,0,1,0,880
692,13,692,0,1,0,1174
692,14,692,0,1,0,881
692,15,692,0,1,0,799
692,16,692,0,1,0,942
692,17,692,0,1,0,1095
692,18,692,0,1,0,895
692,19,692,0,1,0,1170
693,0,693,0,0,0,881
693,1,693,0,0,0,646
693,2,693,0,0,0,983
693,3,693,0,0,0,1225
693,4,693,0,0,0,757
693,5,693,0,0,0,960
693,6,693,0,0,0,769
693,7,693,0,0,0,891
693,8,693,0,0,0,873
693,9,693,0,0,0,1283
693,10,693,0,1,0,1186
693,11,693,0,1,0,913
693,12,693,0,1,0,888
693,13,693,0,1,0,902
693,14,693,0,1,0,691
693,15,693,0,1,0,1056
693,16,693,0,1,0,806
693,17,693,0,1,0,937
693,18,693,0,1,0,1227
693,19,693,0,1,0,927
694,0,694,0,0,0,1032
694,1,694,0,0,0,974
694,2,694,0,0,0,764
694,3,694,0,0,0,909
694,4,694,0,0,0,1125
694,5,694,0,0,0,903
694,6,694,0,0,0,802
694,7,694,0,0,0,807
694,8,694,0,0,0,1008
694,9,694,0,0,0,814
694,10,694,0,1,0,982
694,11,694,0,1,0,1396
694,12,694,0,1,0,1111
694,13,694,0,1,0,776
694,14,694,0,1,0,724
694,15,694,0,1,0,753
694,16,694,0,1,0,1219
694,17,694,0,1,0,797
694,18,694,0,1,0,993
694,19,694,0,1,0,1030
695,0,695,0,0,0,916
695,1,695,0,0,0,1381
695,2,695,0,0,0,706
695,3,695,0,0,0,854
695,4,695,0,0,0,1071
695,5,695,0,0,0,792
695,6,695,0,0,0,975
695,7,695,0,0,0,643
695,8,695,0,0,0,744
695,9,695,0,0,0,674
695,10,695,0,1,0,899
695,11,695,0,1,0,805
695,12,695,0,1,0,1003
695,13,695,0,1,0,1070
695,14,695,0,1,0,1014
695,15,695,0,1,0,952
695,16,695,0,1,0,1057
695,17,695,0,1,0,1205
695,18,695,0,1,0,698
695,19,695,0,1,0,1021
696,0,696,0,0,0,1032
696,1,696,0,0,0,922
696,2,696,0,0,0,722
696,3,696,0,0,0,981
696,4,696,0,0,0,598
696,5,696,0,0,0,1068
696,6,696,0,0,0,1063
696,7,696,0,0,0,1167
696,8,696,0,0,0,750
696,9,696,0,0,0,1004
696,10,696,0,1,0,680
696,11,696,0,1,0,908
696,12,696,0,1,0,724
696,13,696,0,1,0,1065
696,14,696,0,1,0,861
696,15,696,0,1,0,938
696,16,696,0,1,0,871
696,17,696,0,1,0,1008
696,18,696,0,1,0,1016
696,19,696,0,1,0,706
697,0,697,0,0,0,996
697,1,697,0,0,0,930
697,2,697,0,0,0,700
697,3,697,0,0,0,1091
697,4,697,0,0,0,1078
697,5,697,0,0,0,1248
697,6,697,0,0,0,1090
697,7,697,0,0,0,998
697,8,697,0,0,0,1332
697,9,697,0,0,0,942
697,10,697,0,1,0,1169
697,11,697,0,1,0,1116
697,12,697,0,1,0,783
697,13,697,0,1,0,1183
697,14,697,0,1,0,934
697,15,697,0,1,0,993
697,16,697,0,1,0,1181
697,17,697,0,1,0,1033
697,18,697,0,1,0,911
697,19,697,0,1,0,909
698,0,698,0,0,0,1752
698,1,698,0,0,0,1145
698,2,698,0,0,0,888
698,3,698,0,0,0,1329
698,4,698,0,0,0,934
698,5,698,0,0,0,1043
698,6,698,0,0,0,1077
698,7,698,0,0,0,751
698,8,698,0,0,0,813
698,9,698,0,0,0,1110
698,10,698,0,1,0,798
698,11,698,0,1,0,674
698,12,698,0,1,0,876
698,13,698,0,1,0,1289
698,14,698,0,1,0,795
698,15,698,0,1,0,973
698,16,698,0,1,0,901
698,17,698,0,1,0,1031
698,18,698,0,1,0,1141
698,19,698,0,1,0,1039
699,0,699,0,0,0,895
699,1,699,0,0,0,815
699,2,699,0,0,0,1090
699,3,699,0,0,0,819
699,4,699,0,0,0,1171
699,5,699,0,0,0,985
699,6,699,0,0,0,1183
699,7,699,0,0,0,933
699,8,699,0,0,0,1649
699,9,699,0,0,0,1029
699,10,699,0,1,0,894
699,11,699,0,1,0,1079
699,12,699,0,1,0,780
699,13,699,0,1,0,846
699,14,699,0,1,0,1227
699,15,699,0,1,0,897
699,16,699,0,1,0,1165
699,17,699,0,1,0,913
699,18,699,0,1,0,1029
699,19,699,0,1,0,937
700,0,700,0,0,0,833
700,1,700,0,0,0,1182
700,2,700,0,0,0,990
700,3,700,0,0,0,1003
700,4,700,0,0,0,1009
700,5,700,0,0,0,1116
700,6,700,0,0,0,900
700,7,700,0,0,0,787
700,8,700,0,0,0,826
700,9,700,0,0,0,1242
700,10,700,0,1,0,1061
700,11,700,0,1,0,960
700,12,700,0,1,0,848
700,13,700,0,1,0,1343
700,14,700,0,1,0,919
700,15,700,0,1,0,1185
700,16,700,0,1,0,1113
700,17,700,0,1,0,875
700,18,700,0,1,0,929
700,19,700,0,1,0,1288
701,0,701,0,0,0,1095
701,1,701,0,0,0,1259
701,2,701,0,0,0,1209
701,3,701,0,0,0,839
701,4,701,0,0,0,891
701,5,701,0,0,0,1314
701,6,701,0,0,0,1235
701,7,701,0,0,0,1094
701,8,701,0,0,0,881
701,9,701,0,0,0,1480
701,10,701,0,1,0,1012
701,11,701,0,1,0,1061
701,12,701,0,1,0,1149
701,13,701,0,1,0,950
701,14,701,0,1,0,906
701,15,701,0,1,0,971
701,16,701,0,1,0,1110
701,17,701,0,1,0,1054
701,18,701,0,1,0,1024
701,19,701,0,1,0,889
702,0,702,0,0,0,998
702,1,702,0,0,0,918
702,2,702,0,0,0,1020
702,3,702,0,0,0,1199
702,4,702,0,0,0,1219
702,5,702,0,0,0,869
702,6,702,0,0,0,880
702,7,702,0,0,0,835
702,8,702,0,0,0,781
702,9,702,0,0,0,1099
702,10,702,0,1,0,975
702,11,702,0,1,0,1003
702,12,702,0,1,0,1194
702,13,702,0,1,0,1227
702,14,702,0,1,0,842
702,15,702,0,1,0,844
702,16,702,0,1,0,847
702,17,702,0,1,0,895
702,18,702,0,1,0,1022
702,19,702,0,1,0,923
703,0,703,0,0,0,804
703,1,703,0,0,0,1417
703,2,703,0,0,0,1348
703,3,703,0,0,0,1020
703,4,703,0,0,0,1101
703,5,703,0,0,0,1176
703,6,703,0,0,0,1497
703,7,703,0,0,0,997
703,8,703,0,0,0,1382
703,9,703,0,0,0,893
703,10,703,0,1,0,911
703,11,703,0,1,0,1031
703,12,703,0,1,0,1186
703,13,703,0,1,0,1067
703,14,703,0,1,0,1182
703,15,703,0,1,0,832
703,16,703,0,1,0,1102
703,17,703,0,1,0,1081
703,18,703,0,1,0,1129
703,19,703,0,1,0,762
704,0,704,0,0,0,823
704,1,704,0,0,0,1199
704,2,704,0,0,0,995
704,3,704,0,0,0,975
704,4,704,0,0,0,1332
704,5,704,0,0,0,886
704,6,704,0,0,0,913
704,7,704,0,0,0,1335
704,8,704,0,0,0,1038
704,9,704,0,0,0,899
704,10,704,0,1,0,1007
704,11,704,0,1,0,954
704,12,704,0,1,0,939
704,13,704,0,1,0,734
704,14,704,0,1,0,945
704,15,704,0,1,0,1061
704,16,704,0,1,0,1097
704,17,704,0,1,0,1086
704,18,704,0,1,0,1338
704,19,704,0,1,0,927
705,0,705,0,0,0,662
705,1,705,0,0,0,1240
705,2,705,0,0,0,1183
705,3,705,0,0,0,1106
705,4,705,0,0,0,1016
705,5,705,0,0,0,1640
705,6,705,0,0,0,1267
705,7,705,0,0,0,797
705,8,705,0,0,0,777
705,9,705,0,0,0,1215
705,10,705,0,1,0,1460
705,11,705,0,1,0,1281
705,12,705,0,1,0,1017
705,13,705,0,1,0,1705
705,14,705,0,1,0,1575
705,15,705,0,1,0,1259
705,16,705,0,1,0,1528
705,17,705,0,1,0,1006
705,18,705,0,1,0,1032
705,19,705,0,1,0,1167
706,0,706,0,0,0,1380
706,1,706,0,0,0,1249
706,2,706,0,0,0,1123
706,3,706,0,0,0,1160
706,4,706,0,0,0,1430
706,5,706,0,0,0,1104
706,6,706,0,0,0,1255
706,7,706,0,0,0,964
706,8,706,0,0,0,1246
706,9,706,0,0,0,1077
706,10,706,0,1,0,1020
706,11,706,0,1,0,1199
706,12,706,0,1,0,1217
706,13,706,0,1,0,1094
706,14,706,0,1,0,1360
706,15,706,0,1,0,1094
706,16,706,0,1,0,1398
706,17,706,0,1,0,1285
706,18,706,0,1,0,879
706,19,706,0,1,0,830
707,0,707,0,0,0,1610
707,1,707,0,0,0,1166
707,2,707,0,0,0,1002
707,3,707,0,0,0,1129
707,4,707,0,0,0,1228
707,5,707,0,0,0,1140
707,6,707,0,0,0,1105
707,7,707,0,0,0,1314
707,8,707,0,0,0,1053
707,9,707,0,0,0,1329
707,10,707,0,1,0,1050
707,11,707,0,1,0,1213
707,12,707,0,1,0,1308
707,13,707,0,1,0,1796
707,14,707,0,1,0,1493
707,15,707,0,1,0,1400
707,16,707,0,1,0,1069
707,17,707,0,1,0,1125
707,18,707,0,1,0,751
707,19,707,0,1,0,1322
708,0,708,0,0,0,1006
708,1,708,0,0,0,1368
708,2,708,0,0,0,1381
708,3,708,0,0,0,1018
708,4,708,0,0,0,1082
708,5,708,0,0,0,1142
708,6,708,0,0,0,963
708,7,708,0,0,0,1171
708,8,708,0,0,0,961
708,9,708,0,0,0,1319
708,10,708,0,1,0,941
708,11,708,0,1,0,1463
708,12,708,0,1,0,1139
708,13,708,0,1,0,1111
708,14,708,0,1,0,896
708,15,708,0,1,0,1072
708,16,708,0,1,0,1335
708,17,708,0,1,0,1261
708,18,708,0,1,0,1067
708,19,708,0,1,0,1197
709,0,709,0,0,0,1352
709,1,709,0,0,0,1184
709,2,709,0,0,0,1124
709,3,709,0,0,0,1429
709,4,709,0,0,0,1430
709,5,709,0,0,0,816
709,6,709,0,0,0,1251
709,7,709,0,0,0,1316
709,8,709,0,0,0,925
709,9,709,0,0,0,763
709,10,709,0,1,0,1063
709,11,709,0,1,0,1356
709,12,709,0,1,0,916
709,13,709,0,1,0,995
709,14,709,0,1,0,870
709,15,709,0,1,0,1407
709,16,709,0,1,0,973
709,17,709,0,1,0,1208
709,18,709,0,1,0,944
709,19,709,0,1,0,958
710,0,710,0,0,0,1473
710,1,710,0,0,0,1233
710,2,710,0,0,0,887
710,3,710,0,0,0,1118
710,4,710,0,0,0,1256
710,5,710,0,0,0,1103
710,6,710,0,0,0,1072
710,7,710,0,0,0,850
710,8,710,0,0,0,1081
710,9,710,0,0,0,1052
710,10,710,0,1,0,1599
710,11,710,0,1,0,872
710,12,710,0,1,0,1569
710,13,710,0,1,0,1139
710,14,710,0,1,0,1115
710,15,710,0,1,0,1092
710,16,710,0,1,0,1136
710,17,710,0,1,0,925
710,18,710,0,1,0,1337
710,19,710,0,1,0,1870
711,0,711,0,0,0,1252
711,1,711,0,0,0,1084
711,2,711,0,0,0,909
711,3,711,0,0,0,1210
711,4,711,0,0,0,1213
711,5,711,0,0,0,1495
711,6,711,0,0,0,1413
711,7,711,0,0,0,1530
711,8,711,0,0,0,1097
711,9,711,0,0,0,1209
711,10,711,0,1,0,1426
711,11,711,0,1,0,939
711,12,711,0,1,0,1397
711,13,711,0,1,0,1147
711,14,711,0,1,0,1435
711,15,711,0,1,0,1495
711,16,711,0,1,0,757
711,17,711,0,1,0,1167
711,18,711,0,1,0,1142
711,19,711,0,1,0,1130
712,0,712,0,0,0,1064
712,1,712,0,0,0,1346
712,2,712,0,0,0,1274
712,3,712,0,0,0,1285
712,4,712,0,0,0,1459
712,5,712,0,0,0,1312
712,6,712,0,0,0,1042
712,7,712,0,0,0,1141
712,8,712,0,0,0,915
712,9,712,0,0,0,1065
712,10,712,0,1,0,897
712,11,712,0,1,0,1367
712,12,712,0,1,0,1105
712,13,712,0,1,0,1608
712,14,712,0,1,0,901
712,15,712,0,1,0,1131
712,16,712,0,1,0,1287
712,17,712,0,1,0,1162
712,18,712,0,1,0,1630
712,19,712,0,1,0,1416
713,0,713,0,0,0,1222
713,1,713,0,0,0,1365
713,2,713,0,0,0,1538
713,3,713,0,0,0,1193
713,4,713,0,0,0,1312
713,5,713,0,0,0,1140
713,6,713,0,0,0,1492
713,7,713,0,0,0,1173
713,8,713,0,0,0,1360
713,9,713,0,0,0,1570
713,10,713,0,1,0,1104
713,11,713,0,1,0,1065
713,12,713,0,1,0,1077
713,13,713,0,1,0,827
713,14,713,0,1,0,1232
713,15,713,0,1,0,1276
713,16,713,0,1,0,1222
713,17,713,0,1,0,1383
713,18,713,0,1,0,1076
713,19,713,0,1,0,1223
714,0,714,0,0,0,1205
714,1,714,0,0,0,1087
714,2,714,0,0,0,1461
714,3,714,0,0,0,1239
714,4,714,0,0,0,1310
714,5,714,0,0,0,1175
714,6,714,0,0,0,1882
714,7,714,0,0,0,833
714,8,714,0,0,0,1433
714,9,714,0,0,0,1243
714,10,714,0,1,0,1081
714,11,714,0,1,0,1103
714,12,714,0,1,0,1448
714,13,714,0,1,0,899
714,14,714,0,1,0,1495
714,15,714,0,1,0,1181
714,16,714,0,1,0,1334
714,17,714,0,1,0,1288
714,18,714,0,1,0,1238
714,19,714,0,1,0,1712
715,0,715,0,0,0,1191
715,1,715,0,0,0,1189
715,2,715,0,0,0,1332
715,3,715,0,0,0,1823
715,4,715,0,0,0,1235
715,5,715,0,0,0,1352
715,6,715,0,0,0,1084
715,7,715,0,0,0,1424
715,8,715,0,0,0,1253
715,9,715,0,0,0,1201
715,10,715,0,1,0,1057
715,11,715,0,1,0,1082
715,12,715,0,1,0,1233
715,13,715,0,1,0,1372
715,14,715,0,1,0,1237
715,15,715,0,1,0,1238
715,16,715,0,1,0,1012
715,17,715,0,1,0,1511
715,18,715,0,1,0,1496
715,19,715,0,1,0,1000
716,0,716,0,0,0,1034
716,1,716,0,0,0,1023
716,2,716,0,0,0,1427
716,3,716,0,0,0,1215
716,4,716,0,0,0,1381
716,5,716,0,0,0,1145
716,6,716,0,0,0,1429
716,7,716,0,0,0,1187
716,8,716,0,0,0,1751
716,9,716,0,0,0,858
716,10,716,0,1,0,1062
716,11,716,0,1,0,1207
716,12,716,0,1,0,1117
716,13,716,0,1,0,1083
716,14,716,0,1,0,1133
716,15,716,0,1,0,1157
716,16,716,0,1,0,1483
716,17,716,0,1,0,1301
716,18,716,0,1,0,1205
716,19,716,0,1,0,1597
717,0,717,0,0,0,1623
717,1,717,0,0,0,1139
717,2,717,0,0,0,1024
717,3,717,0,0,0,1591
717,4,717,0,0,0,1197
717,5,717,0,0,0,1283
717,6,717,0,0,0,1365
717,7,717,0,0,0,1277
717,8,717,0,0,0,1258
717,9,717,0,0,0,1363
717,10,717,0,1,0,1218
717,11,717,0,1,0,1227
717,12,717,0,1,0,1444
717,13,717,0,1,0,1837
717,14,717,0,1,0,1152
717,15,717,0,1,0,1106
717,16,717,0,1,0,1112
717,17,717,0,1,0,903
717,18,717,0,1,0,1315
717,19,717,0,1,0,1440
718,0,718,0,0,0,1557
718,1,718,0,0,0,1522
718,2,718,0,0,0,1426
718,3,718,0,0,0,1455
718,4,718,0,0,0,1213
718,5,718,0,0,0,1134
718,6,718,0,0,0,1189
718,7,718,0,0,0,1528
718,8,718,0,0,0,1608
718,9,718,0,0,0,1011
718,10,718,0,1,0,1047
718,11,718,0,1,0,1330
718,12,718,0,1,0,1356
718,13,718,0,1,0,1074
718,14,718,0,1,0,1104
718,15,718,0,1,0,1107
718,16,718,0,1,0,1279
718,17,718,0,1,0,1195
718,18,718,0,1,0,1402
718,19,718,0,1,0,1422
719,0,719,0,0,0,1150
719,1,719,0,0,0,1314
719,2,719,0,0,0,1544
719,3,719,0,0,0,1613
719,4,719,0,0,0,1529
719,5,719,0,0,0,1667
719,6,719,0,0,0,1264
719,7,719,0,0,0,1364
719,8,719,0,0,0,1479
719,9,719,0,0,0,1670
719,10,719,0,1,0,974
719,11,719,0,1,0,1106
719,12,719,0,1,0,1357
719,13,719,0,1,0,1107
719,14,719,0,1,0,1724
719,15,719,0,1,0,1450
719,16,719,0,1,0,1149
719,17,719,0,1,0,1428
719,18,719,0,1,0,1232
719,19,719,0,1,0,1267
720,0,720,0,0,0,1115
720,1,720,0,0,0,1448
720,2,720,0,0,0,1428
720,3,720,0,0,0,1410
720,4,720,0,0,0,1307
720,5,720,0,0,0,1216
720,6,720,0,0,0,1235
720,7,720,0,0,0,1445
720,8,720,0,0,0,1279
720,9,720,0,0,0,1301
720,10,720,0,1,0,1287
720,11,720,0,1,0,1427
720,12,720,0,1,0,1476
720,13,720,0,1,0,1595
720,14,720,0,1,0,1114
720,15,720,0,1,0,1139
720,16,720,0,1,0,1414
720,17,720,0,1,0,1405
720,18,720,0,1,0,1536
720,19,720,0,1,0,1170
721,0,721,0,0,0,1690
721,1,721,0,0,0,1169
721,2,721,0,0,0,1344
721,3,721,0,0,0,1220
721,4,721,0,0,0,1702
721,5,721,0,0,0,1712
721,6,721,0,0,0,1328
721,7,721,0,0,0,1337
721,8,721,0,0,0,1498
721,9,721,0,0,0,1386
721,10,721,0,1,0,1228
721,11,721,0,1,0,1147
721,12,721,0,1,0,1555
721,13,721,0,1,0,1469
721,14,721,0,1,0,1074
721,15,721,0,1,0,1605
721,16,721,0,1,0,1461
721,17,721,0,1,0,1313
721,18,721,0,1,0,992
721,19,721,0,1,0,1233
722,0,722,0,0,0,1300
722,1,722,0,0,0,1379
722,2,722,0,0,0,1549
722,3,722,0,0,0,1434
722,4,722,0,0,0,1047
722,5,722,0,0,0,967
722,6,722,0,0,0,1564
722,7,722,0,0,0,1359
722,8,722,0,0,0,1314
722,9,722,0,0,0,1483
722,10,722,0,1,0,1451
722,11,722,0,1,0,1150
722,12,722,0,1,0,1475
722,13,722,0,1,0,1433
722,14,722,0,1,0,1600
722,15,722,0,1,0,1507
722,16,722,0,1,0,1309
722,17,722,0,1,0,1298
722,18,722,0,1,0,1153
722,19,722,0,1,0,1407
723,0,723,0,0,0,1156
723,1,723,0,0,0,1451
723,2,723,0,0,0,1411
723,3,723,0,0,0,1334
723,4,723,0,0,0,1429
723,5,723,0,0,0,1661
723,6,723,0,0,0,1246
723,7,723,0,0,0,1788
723,8,723,0,0,0,1648
723,9,723,0,0,0,1273
723,10,723,0,1,0,1306
723,11,723,0,1,0,1647
723,12,723,0,1,0,1317
723,13,723,0,1,0,1421
723,14,723,0,1,0,1772
723,15,723,0,1,0,1290
723,16,723,0,1,0,1788
723,17,723,0,1,0,1218
723,18,723,0,1,0,1306
723,19,723,0,1,0,1334
724,0,724,0,0,0,1058
724,1,724,0,0,0,1593
724,2,724,0,0,0,1089
724,3,724,0,0,0,1284
724,4,724,0,0,0,1111
724,5,724,0,0,0,1786
724,6,724,0,0,0,1376
724,7,724,0,0,0,1904
724,8,724,0,0,0,1466
724,9,724,0,0,0,1491
724,10,724,0,1,0,1407
724,11,724,0,1,0,1593
724,12,724,0,1,0,1275
724,13,724,0,1,0,1797
724,14,724,0,1,0,1672
724,15,724,0,1,0,2025
724,16,724,0,1,0,1978
724,17,724,0,1,0,1291
724,18,724,0,1,0,1333
724,19,724,0,1,0,1333
725,0,725,0,0,0,1314
725,1,725,0,0,0,1626
725,2,725,0,0,0,1481
725,3,725,0,0,0,1055
725,4,725,0,0,0,1682
725,5,725,0,0,0,1428
725,6,725,0,0,0,1325
725,7,725,0,0,0,1792
725,8,725,0,0,0,1290
725,9,725,0,0,0,1415
725,10,725,0,1,0,1674
725,11,725,0,1,0,1872
725,12,725,0,1,0,2060
725,13,725,0,1,0,1816
725,14,725,0,1,0,1373
725,15,725,0,1,0,1369
725,16,725,0,1,0,1315
725,17,725,0,1,0,1372
725,18,725,0,1,0,1536
725,19,725,0,1,0,1396
726,0,726,0,0,0,1577
726,1,726,0,0,0,1444
726,2,726,0,0,0,2670
726,3,726,0,0,0,1935
726,4,726,0,0,0,1470
726,5,726,0,0,0,1475
726,6,726,0,0,0,1459
726,7,726,0,0,0,1527
726,8,726,0,0,0,1216
726,9,726,0,0,0,1370
726,10,726,0,1,0,1716
726,11,726,0,1,0,1258
726,12,726,0,1,0,1232
726,13,726,0,1,0,1564
726,14,726,0,1,0,1473
726,15,726,0,1,0,1377
726,16,726,0,1,0,1420
726,17,726,0,1,0,1412
726,18,726,0,1,0,1421
726,19,726,0,1,0,1253
727,0,727,0,0,0,1892
727,1,727,0,0,0,1395
727,2,727,0,0,0,2000
727,3,727,0,0,0,1350
727,4,727,0,0,0,1231
727,5,727,0,0,0,1655
727,6,727,0,0,0,1026
727,7,727,0,0,0,1385
727,8,727,0,0,0,1387
727,9,727,0,0,0,1092
727,10,727,0,1,0,1210
727,11,727,0,1,0,1349
727,12,727,0,1,0,1896
727,13,727,0,1,0,1336
727,14,727,0,1,0,1286
727,15,727,0,1,0,1234
727,16,727,0,1,0,1678
727,17,727,0,1,0,1449
727,18,727,0,1,0,1653
727,19,727,0,1,0,1674
728,0,728,0,0,0,1880
728,1,728,0,0,0,976
728,2,728,0,0,0,1489
728,3,728,0,0,0,1063
728,4,728,0,0,0,1724
728,5,728,0,0,0,1040
728,6,728,0,0,0,1634
728,7,728,0,0,0,1748
728,8,728,0,0,0,1512
728,9,728,0,0,0,1421
728,10,728,0,1,0,1032
728,11,728,0,1,0,1451
728,12,728,0,1,0,1472
728,13,728,0,1,0,1582
728,14,728,0,1,0,1826
728,15,728,0,1,0,1568
728,16,728,0,1,0,1647
728,17,728,0,1,0,1525
728,18,728,0,1,0,2170
728,19,728,0,1,0,1149
729,0,729,0,0,0,1637
729,1,729,0,0,0,1615
729,2,729,0,0,0,1616
729,3,729,0,0,0,1217
729,4,729,0,0,0,2203
729,5,729,0,0,0,1496
729,6,729,0,0,0,1219
729,7,729,0,0,0,2000
729,8,729,0,0,0,968
729,9,729,0,0,0,1825
729,10,729,0,1,0,1662
729,11,729,0,1,0,1259
729,12,729,0,1,0,1743
729,13,729,0,1,0,1915
729,14,729,0,1,0,1331
729,15,729,0,1,0,1425
729,16,729,0,1,0,2112
729,17,729,0,1,0,1496
729,18,729,0,1,0,1647
729,19,729,0,1,0,1645
730,0,730,0,0,0,1420
730,1,730,0,0,0,1445
730,2,730,0,0,0,1469
730,3,730,0,0,0,1377
730,4,730,0,0,0,1674
730,5,730,0,0,0,1324
730,6,730,0,0,0,1835
730,7,730,0,0,0,1362
730,8,730,0,0,0,1789
730,9,730,0,0,0,1529
730,10,730,0,1,0,1675
730,11,730,0,1,0,1470
730,12,730,0,1,0,1492
730,13,730,0,1,0,1659
730,14,730,0,1,0,1396
730,15,730,0,1,0,1996
730,16,730,0,1,0,1474
730,17,730,0,1,0,1377
730,18,730,0,1,0,1815
730,19,730,0,1,0,1737
731,0,731,0,0,0,1819
731,1,731,0,0,0,1662
731,2,731,0,0,0,1955
731,3,731,0,0,0,1393
731,4,731,0,0,0,1486
731,5,731,0,0,0,1617
731,6,731,0,0,0,2249
731,7,731,0,0,0,1659
731,8,731,0,0,0,1428
731,9,731,0,0,0,1675
731,10,731,0,1,0,1494
731,11,731,0,1,0,1826
731,12,731,0,1,0,2008
731,13,731,0,1,0,1267
731,14,731,0,1,0,1487
731,15,731,0,1,0,1389
731,16,731,0,1,0,1371
731,17,731,0,1,0,1603
731,18,731,0,1,0,1635
731,19,731,0,1,0,1356
732,0,732,0,0,0,2013
732,1,732,0,0,0,1502
732,2,732,0,0,0,1362
732,3,732,0,0,0,1738
732,4,732,0,0,0,1873
732,5,732,0,0,0,1285
732,6,732,0,0,0,1526
732,7,732,0,0,0,1605
732,8,732,0,0,0,1557
732,9,732,0,0,0,1714
732,10,732,0,1,0,2012
732,11,732,0,1,0,1406
732,12,732,0,1,0,1279
732,13,732,0,1,0,1797
732,14,732,0,1,0,1135
732,15,732,0,1,0,1816
732,16,732,0,1,0,1662
732,17,732,0,1,0,1956
732,18,732,0,1,0,2039
732,19,732,0,1,0,1544
733,0,733,0,0,0,1747
733,1,733,0,0,0,1323
733,2,733,0,0,0,1981
733,3,733,0,0,0,1931
733,4,733,0,0,0,1893
733,5,733,0,0,0,1560
733,6,733,0,0,0,1365
733,7,733,0,0,0,1380
733,8,733,0,0,0,1932
733,9,733,0,0,0,1687
733,10,733,0,1,0,1358
733,11,733,0,1,0,1503
733,12,733,0,1,0,2079
733,13,733,0,1,0,1569
733,14,733,0,1,0,1255
733,15,733,0,1,0,1100
733,16,733,0,1,0,1704
733,17,733,0,1,0,2216
733,18,733,0,1,0,2035
733,19,733,0,1,0,1637
734,0,734,0,0,0,1618
734,1,734,0,0,0,1638
734,2,734,0,0,0,1699
734,3,734,0,0,0,2172
734,4,734,0,0,0,1606
734,5,734,0,0,0,1672
734,6,734,0,0,0,1520
734,7,734,0,0,0,1147
734,8,734,0,0,0,1470
734,9,734,0,0,0,1682
734,10,734,0,1,0,1844
734,11,734,0,1,0,1413
734,12,734,0,1,0,1881
734,13,734,0,1,0,2217
734,14,734,0,1,0,1889
734,15,734,0,1,0,1483
734,16,734,0,1,0,1576
734,17,734,0,1,0,1650
734,18,734,0,1,0,1985
734,19,734,0,1,0,1435
735,0,735,0,0,0,1430
735,1,735,0,0,0,2222
735,2,735,0,0,0,1616
735,3,735,0,0,0,1873
735,4,735,0,0,0,1862
735,5,735,0,0,0,1739
735,6,735,0,0,0,1924
735,7,735,0,0,0,1839
735,8,735,0,0,0,1629
735,9,735,0,0,0,1794
735,10,735,0,1,0,2253
735,11,735,0,1,0,1315
735,12,735,0,1,0,1459
735,13,735,0,1,0,1798
735,14,735,0,1,0,1569
735,15,735,0,1,0,1895
735,16,735,0,1,0,2448
735,17,735,0,1,0,1529
735,18,735,0,1,0,1702
735,19,735,0,1,0,2234
736,0,736,0,0,0,1650
736,1,736,0,0,0,2423
736,2,736,0,0,0,1195
736,3,736,0,0,0,1430
736,4,736,0,0,0,2137
736,5,736,0,0,0,1705
736,6,736,0,0,0,2157
736,7,736,0,0,0,1665
736,8,736,0,0,0,1889
736,9,736,0,0,0,1576
736,10,736,0,1,0,1694
736,11,736,0,1,0,1895
736,12,736,0,1,0,1723
736,13,736,0,1,0,2230
736,14,736,0,1,0,2048
736,15,736,0,1,0,1971
736,16,736,0,1,0,2270
736,17,736,0,1,0,1899
736,18,736,0,1,0,2782
736,19,736,0,1,0,1427
737,0,737,0,0,0,1986
737,1,737,0,0,0,2180
737,2,737,0,0,0,1373
737,3,737,0,0,0,1809
737,4,737,0,0,0,1858
737,5,737,0,0,0,2121
737,6,737,0,0,0,1610
737,7,737,0,0,0,1709
737,8,737,0,0,0,1693
737,9,737,0,0,0,1788
737,10,737,0,1,0,1660
737,11,737,0,1,0,1603
737,12,737,0,1,0,1731
737,13,737,0,1,0,1716
737,14,737,0,1,0,1653
737,15,737,0,1,0,1757
737,16,737,0,1,0,1622
737,17,737,0,1,0,1733
737,18,737,0,1,0,1717
737,19,737,0,1,0,1639
738,0,738,0,0,0,1484
738,1,738,0,0,0,1582
738,2,738,0,0,0,1348
738,3,738,0,0,0,2178
738,4,738,0,0,0,1632
738,5,738,0,0,0,2437
738,6,738,0,0,0,1800
738,7,738,0,0,0,1987
738,8,738,0,0,0,1659
738,9,738,0,0,0,1823
738,10,738,0,1,0,1943
738,11,738,0,1,0,2170
738,12,738,0,1,0,1556
738,13,738,0,1,0,1456
738,14,738,0,1,0,1904
738,15,738,0,1,0,1613
738,16,738,0,1,0,1578
738,17,738,0,1,0,1578
738,18,738,0,1,0,2284
738,19,738,0,1,0,1876
739,0,739,0,0,0,1356
739,1,739,0,0,0,1986
739,2,739,0,0,0,2379
739,3,739,0,0,0,1880
739,4,739,0,0,0,1692
739,5,739,0,0,0,2443
739,6,739,0,0,0,1703
739,7,739,0,0,0,1698
739,8,739,0,0,0,1955
739,9,739,0,0,0,1848
739,10,739,0,1,0,1673
739,11,739,0,1,0,2162
739,12,739,0,1,0,2052
739,13,739,0,1,0,1701
739,14,739,0,1,0,1553
739,15,739,0,1,0,1466
739,16,739,0,1,0,1922
739,17,739,0,1,0,1983
739,18,739,0,1,0,1541
739,19,739,0,1,0,1613
740,0,740,0,0,0,2290
740,1,740,0,0,0,1544
740,2,740,0,0,0,1679
740,3,740,0,0,0,1748
740,4,740,0,0,0,2036
740,5,740,0,0,0,2130
740,6,740,0,0,0,1755
740,7,740,0,0,0,2051
740,8,740,0,0,0,2551
740,9,740,0,0,0,2036
740,10,740,0,1,0,2323
740,11,740,0,1,0,2021
740,12,740,0,1,0,1594
740,13,740,0,1,0,2052
740,14,740,0,1,0,1817
740,15,740,0,1,0,1758
740,16,740,0,1,0,1483
740,17,740,0,1,0,1854
740,18,740,0,1,0,2127
740,19,740,0,1,0,1345
741,0,741,0,0,0,2006
741,1,741,0,0,0,1562
741,2,741,0,0,0,1306
741,3,741,0,0,0,1916
741,4,741,0,0,0,2343
741,5,741,0,0,0,2248
741,6,741,0,0,0,1792
741,7,741,0,0,0,1535
741,8,741,0,0,0,2102
741,9,741,0,0,0,1861
741,10,741,0,1,0,1800
741,11,741,0,1,0,1819
741,12,741,0,1,0,1552
741,13,741,0,1,0,2153
741,14,741,0,1,0,2099
741,15,741,0,1,0,2090
741,16,741,0,1,0,2177
741,17,741,0,1,0,2234
741,18,741,0,1,0,1482
741,19,741,0,1,0,2067
742,0,742,0,0,0,1728
742,1,742,0,0,0,2041
742,2,742,0,0,0,1602
742,3,742,0,0,0,1790
742,4,742,0,0,0,1622
742,5,742,0,0,0,1661
742,6,742,0,0,0,1858
742,7,742,0,0,0,2388
742,8,742,0,0,0,2127
742,9,742,0,0,0,1826
742,10,742,0,1,0,1619
742,11,742,0,1,0,1989
742,12,742,0,1,0,1327
742,13,742,0,1,0,2333
742,14,742,0,1,0,2049
742,15,742,0,1,0,2004
742,16,742,0,1,0,1820
742,17,742,0,1,0,1659
742,18,742,0,1,0,1488
742,19,742,0,1,0,1639
743,0,743,0,0,0,2891
743,1,743,0,0,0,1868
743,2,743,0,0,0,1587
743,3,743,0,0,0,1827
743,4,743,0,0,0,1437
743,5,743,0,0,0,1895
743,6,743,0,0,0,1871
743,7,743,0,0,0,2001
743,8,743,0,0,0,1863
743,9,743,0,0,0,1962
743,10,743,0,1,0,2281
743,11,743,0,1,0,2217
743,12,743,0,1,0,1486
743,13,743,0,1,0,2188
743,14,743,0,1,0,2931
743,15,743,0,1,0,1950
743,16,743,0,1,0,1990
743,17,743,0,1,0,1841
743,18,743,0,1,0,1450
743,19,743,0,1,0,1809
744,0,744,0,0,0,1917
744,1,744,0,0,0,1565
744,2,744,0,0,0,1717
744,3,744,0,0,0,1944
744,4,744,0,0,0,2188
744,5,744,0,0,0,1932
744,6,744,0,0,0,1980
744,7,744,0,0,0,2154
744,8,744,0,0,0,1941
744,9,744,0,0,0,1826
744,10,744,0,1,0,2222
744,11,744,0,1,0,2112
744,12,744,0,1,0,1702
744,13,744,0,1,0,2476
744,14,744,0,1,0,2731
744,15,744,0,1,0,1889
744,16,744,0,1,0,2149
744,17,744,0,1,0,1903
744,18,744,0,1,0,2253
744,19,744,0,1,0,1624
745,0,745,0,0,0,1625
745,1,745,0,0,0,1907
745,2,745,0,0,0,1887
745,3,745,0,0,0,1677
745,4,745,0,0,0,2612
745,5,745,0,0,0,2109
745,6,745,0,0,0,1435
745,7,745,0,0,0,1992
745,8,745,0,0,0,2017
745,9,745,0,0,0,2499
745,10,745,0,1,0,1517
745,11,745,0,1,0,1758
745,12,745,0,1,0,1900
745,13,745,0,1,0,1628
745,14,745,0,1,0,2289
745,15,745,0,1,0,1931
745,16,745,0,1,0,2116
745,17,745,0,1,0,1861
745,18,745,0,1,0,2197
745,19,745,0,1,0,2110
746,0,746,0,0,0,2072
746,1,746,0,0,0,1849
746,2,746,0,0,0,2303
746,3,746,0,0,0,1810
746,4,746,0,0,0,1822
746,5,746,0,0,0,2378
746,6,746,0,0,0,1699
746,7,746,0,0,0,2153
746,8,746,0,0,0,2109
746,9,746,0,0,0,2191
746,10,746,0,1,0,1547
746,11,746,0,1,0,2317
746,12,746,0,1,0,1792
746,13,746,0,1,0,2010
746,14,746,0,1,0,1720
746,15,746,0,1,0,1548
746,16,746,0,1,0,2194
746,17,746,0,1,0,1768
746,18,746,0,1,0,1650
746,19,746,0,1,0,2370
747,0,747,0,0,0,2099
747,1,747,0,0,0,2182
747,2,747,0,0,0,2482
747,3,747,0,0,0,1936
747,4,747,0,0,0,1801
747,5,747,0,0,0,2247
747,6,747,0,0,0,2343
747,7,747,0,0,0,2998
747,8,747,0,0,0,1858
747,9,747,0,0,0,2023
747,10,747,0,1,0,2467
747,11,747,0,1,0,2670
747,12,747,0,1,0,1967
747,13,747,0,1,0,1680
747,14,747,0,1,0,2664
747,15,747,0,1,0,2170
747,16,747,0,1,0,1822
747,17,747,0,1,0,1751
747,18,747,0,1,0,1884
747,19,747,0,1,0,1749
748,0,748,0,0,0,2145
748,1,748,0,0,0,2302
748,2,748,0,0,0,2358
748,3,748,0,0,0,1990
748,4,748,0,0,0,2752
748,5,748,0,0,0,2766
748,6,748,0,0,0,2513
748,7,748,0,0,0,2432
748,8,748,0,0,0,2575
748,9,748,0,0,0,2350
748,10,748,0,1,0,2058
748,11,748,0,1,0,1962
748,12,748,0,1,0,2184
748,13,748,0,1,0,2030
748,14,748,0,1,0,2113
748,15,748,0,1,0,1862
748,16,748,0,1,0,1816
748,17,748,0,1,0,2190
748,18,748,0,1,0,1819
748,19,748,0,1,0,2624
749,0,749,0,0,0,2278
749,1,749,0,0,0,2230
749,2,749,0,0,0,2582
749,3,749,0,0,0,2571
749,4,749,0,0,0,2274
749,5,749,0,0,0,2514
749,6,749,0,0,0,2153
749,7,749,0,0,0,2185
749,8,749,0,0,0,3318
749,9,749,0,0,0,1571
749,10,749,0,1,0,2048
749,11,749,0,1,0,1891
749,12,749,0,1,0,2145
749,13,749,0,1,0,1944
749,14,749,0,1,0,2549
749,15,749,0,1,0,2195
749,16,749,0,1,0,2723
749,17,749,0,1,0,2602
749,18,749,0,1,0,2477
749,19,749,0,1,0,2320
750,0,750,0,0,0,2686
750,1,750,0,0,0,2306
750,2,750,0,0,0,2547
750,3,750,0,0,0,1725
750,4,750,0,0,0,2365
750,5,750,0,0,0,2908
750,6,750,0,0,0,2663
750,7,750,0,0,0,2218
750,8,750,0,0,0,2210
750,9,750,0,0,0,1727
750,10,750,0,1,0,2637
750,11,750,0,1,0,2023
750,12,750,0,1,0,1913
750,13,750,0,1,0,2803
750,14,750,0,1,0,2245
750,15,750,0,1,0,2320
750,16,750,0,1,0,2206
750,17,750,0,1,0,1469
750,18,750,0,1,0,2149
750,19,750,0,1,0,2216
751,0,751,0,0,0,3002
751,1,751,0,0,0,2126
751,2,751,0,0,0,2399
751,3,751,0,0,0,2409
751,4,751,0,0,0,2094
751,5,751,0,0,0,2580
751,6,751,0,0,0,1940
751,7,751,0,0,0,2023
751,8,751,0,0,0,2687
751,9,751,0,0,0,2500
751,10,751,0,1,0,2410
751,11,751,0,1,0,2537
751,12,751,0,1,0,1655
751,13,751,0,1,0,2087
751,14,751,0,1,0,1801
751,15,751,0,1,0,2746
751,16,751,0,1,0,1575
751,17,751,0,1,0,2442
751,18,751,0,1,0,1963
751,19,751,0,1,0,3019
752,0,752,0,0,0,3029
752,1,752,0,0,0,2798
752,2,752,0,0,0,3061
752,3,752,0,0,0,2357
752,4,752,0,0,0,2008
752,5,752,0,0,0,2079
752,6,752,0,0,0,2585
752,7,752,0,0,0,2458
752,8,752,0,0,0,2229
752,9,752,0,0,0,2705
752,10,752,0,1,0,1934
752,11,752,0,1,0,2247
752,12,752,0,1,0,2726
752,13,752,0,1,0,2744
752,14,752,0,1,0,2336
752,15,752,0,1,0,2014
752,16,752,0,1,0,3143
752,17,752,0,1,0,2467
752,18,752,0,1,0,2124
752,19,752,0,1,0,2490
753,0,753,0,0,0,2576
753,1,753,0,0,0,2607
753,2,753,0,0,0,2935
753,3,753,0,0,0,2227
753,4,753,0,0,0,1798
753,5,753,0,0,0,2161
753,6,753,0,0,0,2972
753,7,753,0,0,0,2707
753,8,753,0,0,0,2533
753,9,753,0,0,0,2516
753,10,753,0,1,0,2688
753,11,753,0,1,0,2308
753,12,753,0,1,0,3235
753,13,753,0,1,0,1857
753,14,753,0,1,0,2535
753,15,753,0,1,0,1865
753,16,753,0,1,0,2576
753,17,753,0,1,0,2114
753,18,753,0,1,0,2898
753,19,753,0,1,0,2266
754,0,754,0,0,0,2375
754,1,754,0,0,0,2312
754,2,754,0,0,0,2593
754,3,754,0,0,0,2071
754,4,754,0,0,0,2026
754,5,754,0,0,0,2761
754,6,754,0,0,0,1566
754,7,754,0,0,0,2762
754,8,754,0,0,0,2446
754,9,754,0,0,0,2769
754,10,754,0,1,0,2101
754,11,754,0,1,0,2158
754,12,754,0,1,0,2224
754,13,754,0,1,0,2073
754,14,754,0,1,0,2278
754,15,754,0,1,0,2181
754,16,754,0,1,0,2590
754,17,754,0,1,0,2258
754,18,754,0,1,0,2428
754,19,754,0,1,0,2374
755,0,755,0,0,0,2311
755,1,755,0,0,0,2759
755,2,755,0,0,0,2813
755,3,755,0,0,0,3647
755,4,755,0,0,0,1762
755,5,755,0,0,0,3164
755,6,755,0,0,0,3230
755,7,755,0,0,0,2123
755,8,755,0,0,0,2889
755,9,755,0,0,0,3170
755,10,755,0,1,0,2565
755,11,755,0,1,0,2411
755,12,755,0,1,0,2739
755,13,755,0,1,0,3193
755,14,755,0,1,0,1933
755,15,755,0,1,0,2806
755,16,755,0,1,0,2168
755,17,755,0,1,0,2399
755,18,755,0,1,0,2345
755,19,755,0,1,0,2883
756,0,756,0,0,0,2409
756,1,756,0,0,0,2645
756,2,756,0,0,0,2183
756,3,756,0,0,0,3260
756,4,756,0,0,0,2904
756,5,756,0,0,0,2235
756,6,756,0,0,0,3154
756,7,756,0,0,0,2741
756,8,756,0,0,0,3092
756,9,756,0,0,0,2369
756,10,756,0,1,0,2906
756,11,756,0,1,0,3122
756,12,756,0,1,0,2738
756,13,756,0,1,0,2526
756,14,756,0,1,0,2857
756,15,756,0,1,0,2496
756,16,756,0,1,0,2337
756,17,756,0,1,0,2697
756,18,756,0,1,0,3050
756,19,756,0,1,0,2921
757,0,757,0,0,0,3073
757,1,757,0,0,0,2272
757,2,757,0,0,0,3196
757,3,757,0,0,0,2693
757,4,757,0,0,0,2368
757,5,757,0,0,0,2540
757,6,757,0,0,0,3445
757,7,757,0,0,0,2887
757,8,757,0,0,0,2877
757,9,757,0,0,0,2803
757,10,757,0,1,0,2425
757,11,757,0,1,0,2271
757,12,757,0,1,0,2652
757,13,757,0,1,0,2630
757,14,757,0,1,0,2774
757,15,757,0,1,0,2744
757,16,757,0,1,0,2476
757,17,757,0,1,0,3460
757,18,757,0,1,0,2530
757,19,757,0,1,0,3310
758,0,758,0,0,0,2488
758,1,758,0,0,0,3072
758,2,758,0,0,0,2222
758,3,758,0,0,0,2273
758,4,758,0,0,0,3139
758,5,758,0,0,0,3095
758,6,758,0,0,0,2455
758,7,758,0,0,0,3651
758,8,758,0,0,0,3704
758,9,758,0,0,0,2856
758,10,758,0,1,0,2634
758,11,758,0,1,0,2451
758,12,758,0,1,0,2733
758,13,758,0,1,0,2748
758,14,758,0,1,0,2638
758,15,758,0,1,0,2451
758,16,758,0,1,0,2604
758,17,758,0,1,0,2029
758,18,758,0,1,0,3140
758,19,758,0,1,0,3067
759,0,759,0,0,0,2942
759,1,759,0,0,0,2741
759,2,759,0,0,0,2764
759,3,759,0,0,0,3573
759,4,759,0,0,0,2830
759,5,759,0,0,0,3985
759,6,759,0,0,0,3302
759,7,759,0,0,0,2656
759,8,759,0,0,0,2343
759,9,759,0,0,0,2130
759,10,759,0,1,0,2633
759,11,759,0,1,0,2671
759,12,759,0,1,0,3744
759,13,759,0,1,0,2991
759,14,759,0,1,0,3629
759,15,759,0,1,0,2656
759,16,759,0,1,0,2615
759,17,759,0,1,0,3877
759,18,759,0,1,0,2575
759,19,759,0,1,0,2561
760,0,760,0,0,0,3154
760,1,760,0,0,0,2477
760,2,760,0,0,0,3768
760,3,760,0,0,0,3328
760,4,760,0,0,0,2519
760,5,760,0,0,0,2779
760,6,760,0,0,0,2592
760,7,760,0,0,0,3623
760,8,760,0,0,0,3310
760,9,760,0,0,0,2248
760,10,760,0,1,0,3540
760,11,760,0,1,0,2407
760,12,760,0,1,0,2648
760,13,760,0,1,0,2957
760,14,760,0,1,0,2944
760,15,760,0,1,0,2684
760,16,760,0,1,0,3224
760,17,760,0,1,0,2853
760,18,760,0,1,0,2277
760,19,760,0,1,0,2448
761,0,761,0,0,0,2917
761,1,761,0,0,0,4480
761,2,761,0,0,0,2900
761,3,761,0,0,0,2920
761,4,761,0,0,0,2932
761,5,761,0,0,0,3203
761,6,761,0,0,0,2650
761,7,761,0,0,0,3162
761,8,761,0,0,0,3202
761,9,761,0,0,0,2105
761,10,761,0,1,0,2950
761,11,761,0,1,0,2923
761,12,761,0,1,0,3043
761,13,761,0,1,0,2586
761,14,761,0,1,0,2674
761,15,761,0,1,0,2891
761,16,761,0,1,0,2724
761,17,761,0,1,0,2742
761,18,761,0,1,0,2666
761,19,761,0,1,0,3399
762,0,762,0,0,0,3308
762,1,762,0,0,0,2781
762,2,762,0,0,0,3214
762,3,762,0,0,0,2712
762,4,762,0,0,0,2969
762,5,762,0,0,0,4079
762,6,762,0,0,0,1899
762,7,762,0,0,0,3910
762,8,762,0,0,0,2960
762,9,762,0,0,0,3492
762,10,762,0,1,0,3098
762,11,762,0,1,0,4132
762,12,762,0,1,0,2757
762,13,762,0,1,0,2997
762,14,762,0,1,0,2330
762,15,762,0,1,0,3002
762,16,762,0,1,0,2698
762,17,762,0,1,0,3129
762,18,762,0,1,0,2836
762,19,762,0,1,0,3667
763,0,763,0,0,0,2568
763,1,763,0,0,0,3133
763,2,763,0,0,0,2723
763,3,763,0,0,0,2695
763,4,763,0,0,0,3107
763,5,763,0,0,0,2998
763,6,763,0,0,0,2650
763,7,763,0,0,0,2798
763,8,763,0,0,0,2744
763,9,763,0,0,0,2640
763,10,763,0,1,0,2828
763,11,763,0,1,0,2852
763,12,763,0,1,0,3830
763,13,763,0,1,0,2953
763,14,763,0,1,0,2970
763,15,763,0,1,0,2573
763,16,763,0,1,0,3244
763,17,763,0,1,0,2395
763,18,763,0,1,0,2984
763,19,763,0,1,0,2487
764,0,764,0,0,0,3206
764,1,764,0,0,0,3210
764,2,764,0,0,0,2582
764,3,764,0,0,0,3264
764,4,764,0,0,0,2259
764,5,764,0,0,0,3150
764,6,764,0,0,0,2795
764,7,764,0,0,0,3472
764,8,764,0,0,0,3000
764,9,764,0,0,0,1704
764,10,764,0,1,0,3703
764,11,764,0,1,0,2847
764,12,764,0,1,0,2737
764,13,764,0,1,0,3126
764,14,764,0,1,0,2783
764,15,764,0,1,0,3698
764,16,764,0,1,0,2740
764,17,764,0,1,0,3714
764,18,764,0,1,0,3479
764,19,764,0,1,0,2438
765,0,765,0,0,0,3103
765,1,765,0,0,0,4449
765,2,765,0,0,0,3461
765,3,765,0,0,0,3269
765,4,765,0,0,0,2915
765,5,765,0,0,0,3331
765,6,765,0,0,0,3325
765,7,765,0,0,0,3555
765,8,765,0,0,0,3056
765,9,765,0,0,0,2532
765,10,765,0,1,0,3238
765,11,765,0,1,0,2532
765,12,765,0,1,0,3317
765,13,765,0,1,0,2513
765,14,765,0,1,0,3758
765,15,765,0,1,0,3515
765,16,765,0,1,0,4032
765,17,765,0,1,0,2331
765,18,765,0,1,0,3204
765,19,765,0,1,0,3203
766,0,766,0,0,0,3157
766,1,766,0,0,0,2876
766,2,766,0,0,0,3265
766,3,766,0,0,0,3036
766,4,766,0,0,0,2595
766,5,766,0,0,0,3380
766,6,766,0,0,0,3747
766,7,766,0,0,0,3979
766,8,766,0,0,0,2348
766,9,766,0,0,0,3331
766,10,766,0,1,0,4347
766,11,766,0,1,0,2988
766,12,766,0,1,0,3693
766,13,766,0,1,0,3096
766,14,766,0,1,0,3065
766,15,766,0,1,0,2502
766,16,766,0,1,0,3533
766,17,766,0,1,0,2866
766,18,766,0,1,0,3225
766,19,766,0,1,0,3386
767,0,767,0,0,0,2873
767,1,767,0,0,0,3705
767,2,767,0,0,0,3936
767,3,767,0,0,0,3268
767,4,767,0,0,0,3347
767,5,767,0,0,0,2986
767,6,767,0,0,0,3235
767,7,767,0,0,0,3200
767,8,767,0,0,0,3780
767,9,767,0,0,0,3155
767,10,767,0,1,0,3247
767,11,767,0,1,0,3403
767,12,767,0,1,0,3579
767,13,767,0,1,0,3978
767,14,767,0,1,0,4204
767,15,767,0,1,0,4352
767,16,767,0,1,0,3255
767,17,767,0,1,0,3219
767,18,767,0,1,0,3175
767,19,767,0,1,0,2961
768,0,768,0,0,0,3873
768,1,768,0,0,0,3810
768,2,768,0,0,0,3327
768,3,768,0,0,0,3590
768,4,768,0,0,0,3353
768,5,768,0,0,0,3525
768,6,768,0,0,0,4432
768,7,768,0,0,0,3093
768,8,768,0,0,0,3155
768,9,768,0,0,0,3390
768,10,768,0,1,0,2797
768,11,768,0,1,0,3405
768,12,768,0,1,0,3218
768,13,768,0,1,0,3078
768,14,768,0,1,0,4000
768,15,768,0,1,0,3177
768,16,768,0,1,0,4139
768,17,768,0,1,0,3559
768,18,768,0,1,0,4075
768,19,768,0,1,0,3244
769,0,769,0,0,0,3817
769,1,769,0,0,0,3265
769,2,769,0,0,0,3643
769,3,769,0,0,0,3054
769,4,769,0,0,0,3369
769,5,769,0,0,0,3572
769,6,769,0,0,0,3980
769,7,769,0,0,0,4071
769,8,769,0,0,0,3321
769,9,769,0,0,0,3528
769,10,769,0,1,0,3651
769,11,769,0,1,0,3256
769,12,769,0,1,0,3328
769,13,769,0,1,0,4563
769,14,769,0,1,0,2482
769,15,769,0,1,0,3549
769,16,769,0,1,0,3591
769,17,769,0,1,0,3745
769,18,769,0,1,0,3710
769,19,769,0,1,0,3263
770,0,770,0,0,0,3273
770,1,770,0,0,0,3620
770,2,770,0,0,0,2560
770,3,770,0,0,0,3728
770,4,770,0,0,0,3225
770,5,770,0,0,0,4431
770,6,770,0,0,0,4204
770,7,770,0,0,0,4221
770,8,770,0,0,0,4121
770,9,770,0,0,0,3724
770,10,770,0,1,0,3253
770,11,770,0,1,0,4733
770,12,770,0,1,0,3512
770,13,770,0,1,0,3294
770,14,770,0,1,0,4499
770,15,770,0,1,0,3807
770,16,770,0,1,0,4474
770,17,770,0,1,0,3825
770,18,770,0,1,0,3181
770,19,770,0,1,0,3416
771,0,771,0,0,0,3441
771,1,771,0,0,0,4828
771,2,771,0,0,0,4232
771,3,771,0,0,0,3327
771,4,771,0,0,0,4369
771,5,771,0,0,0,3390
771,6,771,0,0,0,4651
771,7,771,0,0,0,4174
771,8,771,0,0,0,4727
771,9,771,0,0,0,3450
771,10,771,0,1,0,3700
771,11,771,0,1,0,3938
771,12,771,0,1,0,3649
771,13,771,0,1,0,3060
771,14,771,0,1,0,3697
771,15,771,0,1,0,3686
771,16,771,0,1,0,4440
771,17,771,0,1,0,3645
771,18,771,0,1,0,3475
771,19,771,0,1,0,4485
772,0,772,0,0,0,3935
772,1,772,0,0,0,3903
772,2,772,0,0,0,4031
772,3,772,0,0,0,3507
772,4,772,0,0,0,4612
772,5,772,0,0,0,4292
772,6,772,0,0,0,4904
772,7,772,0,0,0,3453
772,8,772,0,0,0,3681
772,9,772,0,0,0,3360
772,10,772,0,1,0,3632
772,11,772,0,1,0,4011
772,12,772,0,1,0,3855
772,13,772,0,1,0,3607
772,14,772,0,1,0,5545
772,15,772,0,1,0,4386
772,16,772,0,1,0,3513
772,17,772,0,1,0,3930
772,18,772,0,1,0,4397
772,19,772,0,1,0,4388
773,0,773,0,0,0,3977
773,1,773,0,0,0,5546
773,2,773,0,0,0,4296
773,3,773,0,0,0,3649
773,4,773,0,0,0,3772
773,5,773,0,0,0,4909
773,6,773,0,0,0,4642
773,7,773,0,0,0,3713
773,8,773,0,0,0,4170
773,9,773,0,0,0,4460
773,10,773,0,1,0,4443
773,11,773,0,1,0,3830
773,12,773,0,1,0,4531
773,13,773,0,1,0,3748
773,14,773,0,1,0,4798
773,15,773,0,1,0,3705
773,16,773,0,1,0,3764
773,17,773,0,1,0,5272
773,18,773,0,1,0,4238
773,19,773,0,1,0,4410
774,0,774,0,0,0,4883
774,1,774,0,0,0,5128
774,2,774,0,0,0,3625
774,3,774,0,0,0,4676
774,4,774,0,0,0,4441
774,5,774,0,0,0,4293
774,6,774,0,0,0,5222
774,7,774,0,0,0,3343
774,8,774,0,0,0,3516
774,9,774,0,0,0,4836
774,10,774,0,1,0,4750
774,11,774,0,1,0,4411
774,12,774,0,1,0,4178
774,13,774,0,1,0,3455
774,14,774,0,1,0,4272
774,15,774,0,1,0,3901
774,16,774,0,1,0,4072
774,17,774,0,1,0,4006
774,18,774,0,1,0,4520
774,19,774,0,1,0,4425
775,0,775,0,0,0,3298
775,1,775,0,0,0,4085
775,2,775,0,0,0,4360
775,3,775,0,0,0,3552
775,4,775,0,0,0,4300
775,5,775,0,0,0,5225
775,6,775,0,0,0,3903
775,7,775,0,0,0,4194
775,8,775,0,0,0,3983
775,9,775,0,0,0,4565
775,10,775,0,1,0,4858
775,11,775,0,1,0,4667
775,12,775,0,1,0,5556
775,13,775,0,1,0,3193
775,14,775,0,1,0,3967
775,15,775,0,1,0,4626
775,16,775,0,1,0,4827
775,17,775,0,1,0,5324
775,18,775,0,1,0,4410
775,19,775,0,1,0,4208
776,0,776,0,0,0,4558
776,1,776,0,0,0,4358
776,2,776,0,0,0,4729
776,3,776,0,0,0,4442
776,4,776,0,0,0,4231
776,5,776,0,0,0,3718
776,6,776,0,0,0,4054
776,7,776,0,0,0,5032
776,8,776,0,0,0,4843
776,9,776,0,0,0,5193
776,10,776,0,1,0,4379
776,11,776,0,1,0,4396
776,12,776,0,1,0,5721
776,13,776,0,1,0,3386
776,14,776,0,1,0,4467
776,15,776,0,1,0,4225
776,16,776,0,1,0,4059
776,17,776,0,1,0,5219
776,18,776,0,1,0,3437
776,19,776,0,1,0,4604
777,0,777,0,0,0,4520
777,1,777,0,0,0,4115
777,2,777,0,0,0,3994
777,3,777,0,0,0,4378
777,4,777,0,0,0,4505
777,5,777,0,0,0,4508
777,6,777,0,0,0,6448
777,7,777,0,0,0,4434
777,8,777,0,0,0,5347
777,9,777,0,0,0,5170
777,10,777,0,1,0,5090
777,11,777,0,1,0,4915
777,12,777,0,1,0,4484
777,13,777,0,1,0,5472
777,14,777,0,1,0,3760
777,15,777,0,1,0,5985
777,16,777,0,1,0,4813
777,17,777,0,1,0,5437
777,18,777,0,1,0,4230
777,19,777,0,1,0,4073
778,0,778,0,0,0,5551
778,1,778,0,0,0,4483
778,2,778,0,0,0,5320
778,3,778,0,0,0,4861
778,4,778,0,0,0,5120
778,5,778,0,0,0,5015
778,6,778,0,0,0,4816
778,7,778,0,0,0,4777
778,8,778,0,0,0,4797
778,9,778,0,0,0,4701
778,10,778,0,1,0,4256
778,11,778,0,1,0,5797
778,12,778,0,1,0,4734
778,13,778,0,1,0,4338
778,14,778,0,1,0,4415
778,15,778,0,1,0,4731
778,16,778,0,1,0,4921
778,17,778,0,1,0,4525
778,18,778,0,1,0,6023
778,19,778,0,1,0,4784
779,0,779,0,0,0,4867
779,1,779,0,0,0,5028
779,2,779,0,0,0,4576
779,3,779,0,0,0,5066
779,4,779,0,0,0,6186
779,5,779,0,0,0,7119
779,6,779,0,0,0,5883
779,7,779,0,0,0,4333
779,8,779,0,0,0,5045
779,9,779,0,0,0,4572
779,10,779,0,1,0,5870
779,11,779,0,1,0,4851
779,12,779,0,1,0,4535
779,13,779,0,1,0,3927
779,14,779,0,1,0,5195
779,15,779,0,1,0,5165
779,16,779,0,1,0,5031
779,17,779,0,1,0,6028
779,18,779,0,1,0,3996
779,19,779,0,1,0,5221
780,0,780,0,0,0,6586
780,1,780,0,0,0,5051
780,2,780,0,0,0,8093
780,3,780,0,0,0,4652
780,4,780,0,0,0,4777
780,5,780,0,0,0,4306
780,6,780,0,0,0,4815
780,7,780,0,0,0,5570
780,8,780,0,0,0,5847
780,9,780,0,0,0,4508
780,10,780,0,1,0,6011
780,11,780,0,1,0,5279
780,12,780,0,1,0,5830
780,13,780,0,1,0,5042
780,14,780,0,1,0,4718
780,15,780,0,1,0,5318
780,16,780,0,1,0,5131
780,17,780,0,1,0,4752
780,18,780,0,1,0,6340
780,19,780,0,1,0,5536
781,0,781,0,0,0,7530
781,1,781,0,0,0,5870
781,2,781,0,0,0,6865
781,3,781,0,0,0,6257
781,4,781,0,0,0,6270
781,5,781,0,0,0,4864
781,6,781,0,0,0,4884
781,7,781,0,0,0,5340
781,8,781,0,0,0,5801
781,9,781,0,0,0,7185
781,10,781,0,1,0,5845
781,11,781,0,1,0,5628
781,12,781,0,1,0,8901
781,13,781,0,1,0,5272
781,14,781,0,1,0,6120
781,15,781,0,1,0,7013
781,16,781,0,1,0,5895
781,17,781,0,1,0,6463
781,18,781,0,1,0,6980
781,19,781,0,1,0,5658
782,0,782,0,0,0,6062
782,1,782,0,0,0,5595
782,2,782,0,0,0,6738
782,3,782,0,0,0,5852
782,4,782,0,0,0,6077
782,5,782,0,0,0,6034
782,6,782,0,0,0,6191
782,7,782,0,0,0,4996
782,8,782,0,0,0,6143
782,9,782,0,0,0,5642
782,10,782,0,1,0,6684
782,11,782,0,1,0,6783
782,12,782,0,1,0,5443
782,13,782,0,1,0,5113
782,14,782,0,1,0,8184
782,15,782,0,1,0,5887
782,16,782,0,1,0,5458
782,17,782,0,1,0,4899
782,18,782,0,1,0,5292
782,19,782,0,1,0,6065
783,0,783,0,0,0,7431
783,1,783,0,0,0,7209
783,2,783,0,0,0,6259
783,3,783,0,0,0,5899
783,4,783,0,0,0,5841
783,5,783,0,0,0,6153
783,6,783,0,0,0,6659
783,7,783,0,0,0,6266
783,8,783,0,0,0,5664
783,9,783,0,0,0,5300
783,10,783,0,1,0,5506
783,11,783,0,1,0,6586
783,12,783,0,1,0,6650
783,13,783,0,1,0,6801
783,14,783,0,1,0,6904
783,15,783,0,1,0,7113
783,16,783,0,1,0,6682
783,17,783,0,1,0,5895
783,18,783,0,1,0,5306
783,19,783,0,1,0,7070
784,0,784,0,0,0,6337
784,1,784,0,0,0,5999
784,2,784,0,0,0,6472
784,3,784,0,0,0,6260
784,4,784,0,0,0,7955
784,5,784,0,0,0,6640
784,6,784,0,0,0,6219
784,7,784,0,0,0,5570
784,8,784,0,0,0,6749
784,9,784,0,0,0,6273
784,10,784,0,1,0,6116
784,11,784,0,1,0,6341
784,12,784,0,1,0,8214
784,13,784,0,1,0,9223
784,14,784,0,1,0,6331
784,15,784,0,1,0,7627
784,16,784,0,1,0,5858
784,17,784,0,1,0,8747
784,18,784,0,1,0,6139
784,19,784,0,1,0,5515
785,0,785,0,0,0,5656
785,1,785,0,0,0,7861
785,2,785,0,0,0,6561
785,3,785,0,0,0,7090
785,4,785,0,0,0,6400
785,5,785,0,0,0,7357
785,6,785,0,0,0,6589
785,7,785,0,0,0,7657
785,8,785,0,0,0,6931
785,9,785,0,0,0,5148
785,10,785,0,1,0,6293
785,11,785,0,1,0,5782
785,12,785,0,1,0,8291
785,13,785,0,1,0,7220
785,14,785,0,1,0,7281
785,15,785,0,1,0,5636
785,16,785,0,1,0,9231
785,17,785,0,1,0,7235
785,18,785,0,1,0,6815
785,19,785,0,1,0,7714
786,0,786,0,0,0,6309
786,1,786,0,0,0,7871
786,2,786,0,0,0,6831
786,3,786,0,0,0,7272
786,4,786,0,0,0,9091
786,5,786,0,0,0,8307
786,6,786,0,0,0,6943
786,7,786,0,0,0,7340
786,8,786,0,0,0,8017
786,9,786,0,0,0,7294
786,10,786,0,1,0,7217
786,11,786,0,1,0,7799
786,12,786,0,1,0,7752
786,13,786,0,1,0,8890
786,14,786,0,1,0,6177
786,15,786,0,1,0,8077
786,16,786,0,1,0,7468
786,17,786,0,1,0,6265
786,18,786,0,1,0,8705
786,19,786,0,1,0,6427
787,0,787,0,0,0,9655
787,1,787,0,0,0,6521
787,2,787,0,0,0,7143
787,3,787,0,0,0,7782
787,4,787,0,0,0,7698
787,5,787,0,0,0,7199
787,6,787,0,0,0,6544
787,7,787,0,0,0,7976
787,8,787,0,0,0,7716
787,9,787,0,0,0,7461
787,10,787,0,1,0,8727
787,11,787,0,1,0,9497
787,12,787,0,1,0,7607
787,13,787,0,1,0,8770
787,14,787,0,1,0,6957
787,15,787,0,1,0,7568
787,16,787,0,1,0,9869
787,17,787,0,1,0,9102
787,18,787,0,1,0,6814
787,19,787,0,1,0,6375
788,0,788,0,0,0,8033
788,1,788,0,0,0,9363
788,2,788,0,0,0,9417
788,3,788,0,0,0,8708
788,4,788,0,0,0,6813
788,5,788,0,0,0,8305
788,6,788,0,0,0,8242
788,7,788,0,0,0,8550
788,8,788,0,0,0,6117
788,9,788,0,0,0,8032
788,10,788,0,1,0,8571
788,11,788,0,1,0,8887
788,12,788,0,1,0,9083
788,13,788,0,1,0,8545
788,14,788,0,1,0,8853
788,15,788,0,1,0,7215
788,16,788,0,1,0,7758
788,17,788,0,1,0,8729
788,18,788,0,1,0,7720
788,19,788,0,1,0,11857
789,0,789,0,0,0,8841
789,1,789,0,0,0,7341
789,2,789,0,0,0,8720
789,3,789,0,0,0,7303
789,4,789,0,0,0,9184
789,5,789,0,0,0,9067
789,6,789,0,0,0,10385
789,7,789,0,0,0,8198
789,8,789,0,0,0,9269
789,9,789,0,0,0,8613
789,10,789,0,1,0,7105
789,11,789,0,1,0,7700
789,12,789,0,1,0,9579
789,13,789,0,1,0,8672
789,14,789,0,1,0,8675
789,15,789,0,1,0,8381
789,16,789,0,1,0,9905
789,17,789,0,1,0,9017
789,18,789,0,1,0,11270
789,19,789,0,1,0,7995
790,0,790,0,0,0,8239
790,1,790,0,0,0,11086
790,2,790,0,0,0,10835
790,3,790,0,0,0,9455
790,4,790,0,0,0,12098
790,5,790,0,0,0,9305
790,6,790,0,0,0,10083
790,7,790,0,0,0,10363
790,8,790,0,0,0,8094
790,9,790,0,0,0,9046
790,10,790,0,1,0,9192
790,11,790,0,1,0,9428
790,12,790,0,1,0,9987
790,13,790,0,1,0,10452
790,14,790,0,1,0,8663
790,15,790,0,1,0,9291
790,16,790,0,1,0,13211
790,17,790,0,1,0,8022
790,18,790,0,1,0,10942
790,19,790,0,1,0,8572
791,0,791,0,0,0,9942
791,1,791,0,0,0,9938
791,2,791,0,0,0,12372
791,3,791,0,0,0,11969
791,4,791,0,0,0,9264
791,5,791,0,0,0,8545
791,6,791,0,0,0,7746
791,7,791,0,0,0,10513
791,8,791,0,0,0,9551
791,9,791,0,0,0,8863
791,10,791,0,1,0,10595
791,11,791,0,1,0,13276
791,12,791,0,1,0,10058
791,13,791,0,1,0,10945
791,14,791,0,1,0,11039
791,15,791,0,1,0,10332
791,16,791,0,1,0,11520
791,17,791,0,1,0,10101
791,18,791,0,1,0,13249
791,19,791,0,1,0,10345
792,0,792,0,0,0,12135
792,1,792,0,0,0,12840
792,2,792,0,0,0,10006
792,3,792,0,0,0,12965
792,4,792,0,0,0,13463
792,5,792,0,0,0,11952
792,6,792,0,0,0,9232
792,7,792,0,0,0,9045
792,8,792,0,0,0,11622
792,9,792,0,0,0,14238
792,10,792,0,1,0,11203
792,11,792,0,1,0,10250
792,12,792,0,1,0,11550
792,13,792,0,1,0,11693
792,14,792,0,1,0,13994
792,15,792,0,1,0,12238
792,16,792,0,1,0,13003
792,17,792,0,1,0,12122
792,18,792,0,1,0,10211
792,19,792,0,1,0,11665
793,0,793,0,0,0,14278
793,1,793,0,0,0,11609
793,2,793,0,0,0,13571
793,3,793,0,0,0,12339
793,4,793,0,0,0,10134
793,5,793,0,0,0,10641
793,6,793,0,0,0,13714
793,7,793,0,0,0,13137
793,8,793,0,0,0,12270
793,9,793,0,0,0,14523
793,10,793,0,1,0,12668
793,11,793,0,1,0,15443
793,12,793,0,1,0,13452
793,13,793,0,1,0,13894
793,14,793,0,1,0,14744
793,15,793,0,1,0,16287
793,16,793,0,1,0,14847
793,17,793,0,1,0,11202
793,18,793,0,1,0,11554
793,19,793,0,1,0,13949
794,0,794,0,0,0,12485
794,1,794,0,0,0,12696
794,2,794,0,0,0,12922
794,3,794,0,0,0,15580
794,4,794,0,0,0,16447
794,5,794,0,0,0,13782
794,6,794,0,0,0,14838
794,7,794,0,0,0,17667
794,8,794,0,0,0,17114
794,9,794,0,0,0,13945
794,10,794,0,1,0,12845
794,11,794,0,1,0,17321
794,12,794,0,1,0,14306
794,13,794,0,1,0,14944
794,14,794,0,1,0,13529
794,15,794,0,1,0,14322
794,16,794,0,1,0,16861
794,17,794,0,1,0,17512
794,18,794,0,1,0,19068
794,19,794,0,1,0,11592
795,0,795,0,0,0,17324
795,1,795,0,0,0,13582
795,2,795,0,0,0,16232
795,3,795,0,0,0,15279
795,4,795,0,0,0,17889
795,5,795,0,0,0,18658
795,6,795,0,0,0,16495
795,7,795,0,0,0,20528
795,8,795,0,0,0,16698
795,9,795,0,0,0,15371
795,10,795,0,1,0,17160
795,11,795,0,1,0,19099
795,12,795,0,1,0,15645
795,13,795,0,1,0,16665
795,14,795,0,1,0,13541
795,15,795,0,1,0,17657
795,16,795,0,1,0,18255
795,17,795,0,1,0,13039
795,18,795,0,1,0,16734
795,19,795,0,1,0,18463
796,0,796,0,0,0,15099
796,1,796,0,0,0,20155
796,2,796,0,0,0,25238
796,3,796,0,0,0,21385
796,4,796,0,0,0,20336
796,5,796,0,0,0,19689
796,6,796,0,0,0,19508
796,7,796,0,0,0,21679
796,8,796,0,0,0,19511
796,9,796,0,0,0,20077
796,10,796,0,1,0,15585
796,11,796,0,1,0,20132
796,12,796,0,1,0,19644
796,13,796,0,1,0,18557
796,14,796,0,1,0,25473
796,15,796,0,1,0,19712
796,16,796,0,1,0,21957
796,17,796,0,1,0,16563
796,18,796,0,1,0,18700
796,19,796,0,1,0,23778
797,0,797,0,0,0,18169
797,1,797,0,0,0,27285
797,2,797,0,0,0,25723
797,3,797,0,0,0,25885
797,4,797,0,0,0,22774
797,5,797,0,0,0,26851
797,6,797,0,0,0,25190
797,7,797,0,0,0,23981
797,8,797,0,0,0,29179
797,9,797,0,0,0,24336
797,10,797,0,1,0,24001
797,11,797,0,1,0,21133
797,12,797,0,1,0,26709
797,13,797,0,1,0,20101
797,14,797,0,1,0,23232
797,15,797,0,1,0,25793
797,16,797,0,1,0,30688
797,17,797,0,1,0,23184
797,18,797,0,1,0,28588
797,19,797,0,1,0,21860
798,0,798,0,0,0,42201
798,1,798,0,0,0,36900
798,2,798,0,0,0,32925
798,3,798,0,0,0,37171
798,4,798,0,0,0,36992
798,5,798,0,0,0,33063
798,6,798,0,0,0,37308
798,7,798,0,0,0,35451
798,8,798,0,0,0,33227
798,9,798,0,0,0,33907
798,10,798,0,1,0,34324
798,11,798,0,1,0,32426
798,12,798,0,1,0,37923
798,13,798,0,1,0,43821
798,14,798,0,1,0,39721
798,15,798,0,1,0,39632
798,16,798,0,1,0,26361
798,17,798,0,1,0,35583
798,18,798,0,1,0,37608
798,19,798,0,1,0,33945
799,0,799,0,0,0,75987
799,1,799,0,0,0,66716
799,2,799,0,0,0,83404
799,3,799,0,0,0,71407
799,4,799,0,0,0,69406
799,5,799,0,0,0,72794
799,6,799,0,0,0,79114
799,7,799,0,0,0,67325
799,8,799,0,0,0,68199
799,9,799,0,0,0,58540
799,10,799,0,1,0,60052
799,11,799,0,1,0,56400
799,12,799,0,1,0,89210
799,13,799,0,1,0,72832
799,14,799,0,1,0,66829
799,15,799,0,1,0,72131
799,16,799,0,1,0,76829
799,17,799,0,1,0,71510
799,18,799,0,1,0,70148
799,19,799,0,1,0,73998
800,0,0,1,0,0,0
800,1,0,1,0,0,0
800,2,0,1,0,0,0
800,3,0,1,0,0,0
800,4,0,1,0,0,0
800,5,0,1,0,0,0
800,6,0,1,0,0,0
800,7,0,1,0,0,0
800,8,0,1,0,0,0
800,9,0,1,0,0,0
800,10,0,1,1,1,0
800,11,0,1,1,1,0
800,12,0,1,1,1,0
800,13,0,1,1,1,0
800,14,0,1,1,1,0
800,15,0,1,1,1,0
800,16,0,1,1,1,0
800,17,0,1,1,1,0
800,18,0,1,1,1,0
800,19,0,1,1,1,0
801,0,1,1,0,0,0
801,1,1,1,0,0,0
801,2,1,1,0,0,0
801,3,1,1,0,0,0
801,4,1,1,0,0,0
801,5,1,1,0,0,0
801,6,1,1,0,0,0
801,7,1,1,0,0,0
801,8,1,1,0,0,0
801,9,1,1,0,0,0
801,10,1,1,1,1,0
801,11,1,1,1,1,0
801,12,1,1,1,1,0
801,13,1,1,1,1,0
801,14,1,1,1,1,0
801,15,1,1,1,1,0
801,16,1,1,1,1,0
801,17,1,1,1,1,0
801,18,1,1,1,1,0
801,19,1,1,1,1,0
802,0,2,1,0,0,0
802,1,2,1,0,0,1
802,2,2,1,0,0,1
802,3,2,1,0,0,0
802,4,2,1,0,0,0
802,5,2,1,0,0,0
802,6,2,1,0,0,1
802,7,2,1,0,0,0
802,8,2,1,0,0,0
802,9,2,1,0,0,0
802,10,2,1,1,1,0
802,11,2,1,1,1,0
802,12,2,1,1,1,0
802,13,2,1,1,1,0
802,14,2,1,1,1,0
802,15,2,1,1,1,1
802,16,2,1,1,1,0
802,17,2,1,1,1,0
802,18,2,1,1,1,1
802,19,2,1,1,1,0
803,0,3,1,0,0,1
803,1,3,1,0,0,1
803,2,3,1,0,0,0
803,3,3,1,0,0,0
803,4,3,1,0,0,0
803,5,3,1,0,0,0
803,6,3,1,0,0,0
803,7,3,1,0,0,1
803,8,3,1,0,0,0
803,9,3,1,0,0,0
803,10,3,1,1,1,1
803,11,3,1,1,1,1
803,12,3,1,1,1,0
803,13,3,1,1,1,0
803,14,3,1,1,1,0
803,15,3,1,1,1,0
803,16,3,1,1,1,1
803,17,3,1,1,1,0
803,18,3,1,1,1,0
803,19,3,1,1,1,1
804,0,4,1,0,0,1
804,1,4,1,0,0,1
804,2,4,1,0,0,0
804,3,4,1,0,0,0
804,4,4,1,0,0,1
804,5,4,1,0,0,0
804,6,4,1,0,0,1
804,7,4,1,0,0,0
804,8,4,1,0,0,1
804,9,4,1,0,0,0
804,10,4,1,1,1,0
804,11,4,1,1,1,0
804,12,4,1,1,1,1
804,13,4,1,1,1,0
804,14,4,1,1,1,1
804,15,4,1,1,1,0
804,16,4,1,1,1,1
804,17,4,1,1,1,1
804,18,4,1,1,1,1
804,19,4,1,1,1,0
805,0,5,1,0,0,1
805,1,5,1,0,0,0
805,2,5,1,0,0,0
805,3,5,1,0,0,1
805,4,5,1,0,0,1
805,5,5,1,0,0,1
805,6,5,1,0,0,0
805,7,5,1,0,0,0
805,8,5,1,0,0,0
805,9,5,1,0,0,1
805,10,5,1,1,1,1
805,11,5,1,1,1,1
805,12,5,1,1,1,1
805,13,5,1,1,1,0
805,14,5,1,1,1,1
805,15,5,1,1,1,1
805,16,5,1,1,1,0
805,17,5,1,1,1,1
805,18,5,1,1,1,1
805,19,5,1,1,1,0
806,0,6,1,0,0,1
806,1,6,1,0,0,0
806,2,6,1,0,0,1
806,3,6,1,0,0,1
806,4,6,1,0,0,1
806,5,6,1,0,0,1
806,6,6,1,0,0,1
806,7,6,1,0,0,1
806,8,6,1,0,0,0
806,9,6,1,0,0,2
806,10,6,1,1,1,1
806,11,6,1,1,1,1
806,12,6,1,1,1,1
806,13,6,1,1,1,1
806,14,6,1,1,1,1
806,15,6,1,1,1,1
806,16,6,1,1,1,1
806,17,6,1,1,1,1
806,18,6,1,1,1,1
806,19,6,1,1,1,0
807,0,7,1,0,0,1
807,1,7,1,0,0,0
807,2,7,1,0,0,1
807,3,7,1,0,0,1
807,4,7,1,0,0,0
807,5,7,1,0,0,0
807,6,7,1,0,0,1
807,7,7,1,0,0,1
807,8,7,1,0,0,0
807,9,7,1,0,0,1
807,10,7,1,1,1,0
807,11,7,1,1,1,2
807,12,7,1,1,1,1
807,13,7,1,1,1,0
807,14,7,1,1,1,1
807,15,7,1,1,1,1
807,16,7,1,1,1,1
807,17,7,1,1,1,1
807,18,7,1,1,1,1
807,19,7,1,1,1,1
808,0,8,1,0,0,1
808,1,8,1,0,0,1
808,2,8,1,0,0,1
808,3,8,1,0,0,1
808,4,8,1,0,0,1
808,5,8,1,0,0,1
808,6,8,1,0,0,1
808,7,8,1,0,0,1
808,8,8,1,0,0,6
808,9,8,1,0,0,1
808,10,8,1,1,1,1
808,11,8,1,1,1,1
808,12,8,1,1,1,0
808,13,8,1,1,1,1
808,14,8,1,1,1,2
808,15,8,1,1,1,1
808,16,8,1,1,1,1
808,17,8,1,1,1,0
808,18,8,1,1,1,1
808,19,8,1,1,1,1
809,0,9,1,0,0,1
809,1,9,1,0,0,1
809,2,9,1,0,0,1
809,3,9,1,0,0,1
809,4,9,1,0,0,1
809,5,9,1,0,0,1
809,6,9,1,0,0,1
809,7,9,1,0,0,4
809,8,9,1,0,0,1
809,9,9,1,0,0,1
809,10,9,1,1,1,1
809,11,9,1,1,1,1
809,12,9,1,1,1,1
809,13,9,1,1,1,1
809,14,9,1,1,1,1
809,15,9,1,1,1,1
809,16,9,1,1,1,1
809,17,9,1,1,1,2
809,18,9,1,1,1,1
809,19,9,1,1,1,1
810,0,10,1,0,0,1
810,1,10,1,0,0,1
810,2,10,1,0,0,1
810,3,10,1,0,0,1
810,4,10,1,0,0,1
810,5,10,1,0,0,1
810,6,10,1,0,0,1
810,7,10,1,0,0,5
810,8,10,1,0,0,1
810,9,10,1,0,0,1
810,10,10,1,1,1,1
810,11,10,1,1,1,0
810,12,10,1,1,1,1
810,13,10,1,1,1,2
810,14,10,1,1,1,1
810,15,10,1,1,1,1
810,16,10,1,1,1,3
810,17,10,1,1,1,1
810,18,10,1,1,1,1
810,19,10,1,1,1,2
811,0,11,1,0,0,0
811,1,11,1,0,0,1
811,2,11,1,0,0,1
811,3,11,1,0,0,2
811,4,11,1,0,0,1
811,5,11,1,0,0,1
811,6,11,1,0,0,2
811,7,11,1,0,0,1
811,8,11,1,0,0,1
811,9,11,1,0,0,2
811,10,11,1,1,1,2
811,11,11,1,1,1,1
811,12,11,1,1,1,1
811,13,11,1,1,1,4
811,14,11,1,1,1,1
811,15,11,1,1,1,1
811,16,11,1,1,1,1
811,17,11,1,1,1,1
811,18,11,1,1,1,1
811,19,11,1,1,1,1
812,0,12,1,0,0,1
812,1,12,1,0,0,1
812,2,12,1,0,0,1
812,3,12,1,0,0,1
812,4,12,1,0,0,2
812,5,12,1,0,0,0
812,6,12,1,0,0,1
812,7,12,1,0,0,1
812,8,12,1,0,0,1
812,9,12,1,0,0,0
812,10,12,1,1,1,1
812,11,12,1,1,1,2
812,12,12,1,1,1,1
812,13,12,1,1,1,1
812,14,12,1,1,1,1
812,15,12,1,1,1,1
812,16,12,1,1,1,2
812,17,12,1,1,1,1
812,18,12,1,1,1,1
812,19,12,1,1,1,1
813,0,13,1,0,0,2
813,1,13,1,0,0,1
813,2,13,1,0,0,2
813,3,13,1,0,0,0
813,4,13,1,0,0,0
813,5,13,1,0,0,2
813,6,13,1,0,0,1
813,7,13,1,0,0,1
813,8,13,1,0,0,1
813,9,13,1,0,0,2
813,10,13,1,1,1,1
813,11,13,1,1,1,1
813,12,13,1,1,1,1
813,13,13,1,1,1,1
813,14,13,1,1,1,2
813,15,13,1,1,1,1
813,16,13,1,1,1,1
813,17,13,1,1,1,2
813,18,13,1,1,1,3
813,19,13,1,1,1,1
814,0,14,1,0,0,2
814,1,14,1,0,0,1
814,2,14,1,0,0,1
814,3,14,1,0,0,1
814,4,14,1,0,0,2
814,5,14,1,0,0,2
814,6,14,1,0,0,2
814,7,14,1,0,0,1
814,8,14,1,0,0,1
814,9,14,1,0,0,2
814,10,14,1,1,1,2
814,11,14,1,1,1,2
814,12,14,1,1,1,3
814,13,14,1,1,1,1
814,14,14,1,1,1,1
814,15,14,1,1,1,1
814,16,14,1,1,1,2
814,17,14,1,1,1,3
814,18,14,1,1,1,2
814,19,14,1,1,1,2
815,0,15,1,0,0,1
815,1,15,1,0,0,2
815,2,15,1,0,0,1
815,3,15,1,0,0,2
815,4,15,1,0,0,4
815,5,15,1,0,0,1
815,6,15,1,0,0,1
815,7,15,1,0,0,1
815,8,15,1,0,0,1
815,9,15,1,0,0,1
815,10,15,1,1,1,1
815,11,15,1,1,1,3
815,12,15,1,1,1,2
815,13,15,1,1,1,1
815,14,15,1,1,1,1
815,15,15,1,1,1,1
815,16,15,1,1,1,3
815,17,15,1,1,1,1
815,18,15,1,1,1,1
815,19,15,1,1,1,1
816,0,16,1,0,0,1
816,1,16,1,0,0,2
816,2,16,1,0,0,1
816,3,16,1,0,0,0
816,4,16,1,0,0,1
816,5,16,1,0,0,2
816,6,16,1,0,0,1
816,7,16,1,0,0,1
816,8,16,1,0,0,1
816,9,16,1,0,0,1
816,10,16,1,1,1,1
816,11,16,1,1,1,1
816,12,16,1,1,1,1
816,13,16,1,1,1,1
816,14,16,1,1,1,3
816,15,16,1,1,1,1
816,16,16,1,1,1,3
816,17,16,1,1,1,1
816,18,16,1,1,1,1
816,19,16,1,1,1,2
817,0,17,1,0,0,2
817,1,17,1,0,0,1
817,2,17,1,0,0,6
817,3,17,1,0,0,2
817,4,17,1,0,0,1
817,5,17,1,0,0,3
817,6,17,1,0,0,2
817,7,17,1,0,0,0
817,8,17,1,0,0,2
817,9,17,1,0,0,3
817,10,17,1,1,1,1
817,11,17,1,1,1,2
817,12,17,1,1,1,4
817,13,17,1,1,1,1
817,14,17,1,1,1,1
817,15,17,1,1,1,1
817,16,17,1,1,1,3
817,17,17,1,1,1,0
817,18,17,1,1,1,1
817,19,17,1,1,1,1
818,0,18,1,0,0,2
818,1,18,1,0,0,2
818,2,18,1,0,0,7
818,3,18,1,0,0,3
818,4,18,1,0,0,5
818,5,18,1,0,0,4
818,6,18,1,0,0,1
818,7,18,1,0,0,1
818,8,18,1,0,0,2
818,9,18,1,0,0,2
818,10,18,1,1,1,1
818,11,18,1,1,1,2
818,12,18,1,1,1,1
818,13,18,1,1,1,4
818,14,18,1,1,1,2
818,15,18,1,1,1,2
818,16,18,1,1,1,1
818,17,18,1,1,1,1
818,18,18,1,1,1,1
818,19,18,1,1,1,2
819,0,19,1,0,0,2
819,1,19,1,0,0,1
819,2,19,1,0,0,2
819,3,19,1,0,0,1
819,4,19,1,0,0,2
819,5,19,1,0,0,3
819,6,19,1,0,0,5
819,7,19,1,0,0,2
819,8,19,1,0,0,2
819,9,19,1,0,0,2
819,10,19,1,1,1,1
819,11,19,1,1,1,3
819,12,19,1,1,1,1
819,13,19,1,1,1,1
819,14,19,1,1,1,1
819,15,19,1,1,1,1
819,16,19,1,1,1,2
819,17,19,1,1,1,1
819,18,19,1,1,1,2
819,19,19,1,1,1,1
820,0,20,1,0,0,2
820,1,20,1,0,0,2
820,2,20,1,0,0,2
820,3,20,1,0,0,3
820,4,20,1,0,0,1
820,5,20,1,0,0,1
820,6,20,1,0,0,1
820,7,20,1,0,0,1
820,8,20,1,0,0,2
820,9,20,1,0,0,1
820,10,20,1,1,1,2
820,11,20,1,1,1,1
820,12,20,1,1,1,4
820,13,20,1,1,1,1
820,14,20,1,1,1,3
820,15,20,1,1,1,2
820,16,20,1,1,1,4
820,17,20,1,1,1,1
820,18,20,1,1,1,4
820,19,20,1,1,1,3
821,0,21,1,0,0,2
821,1,21,1,0,0,2
821,2,21,1,0,0,2
821,3,21,1,0,0,1
821,4,21,1,0,0,3
821,5,21,1,0,0,2
821,6,21,1,0,0,2
821,7,21,1,0,0,1
821,8,21,1,0,0,4
821,9,21,1,0,0,1
821,10,21,1,1,1,2
821,11,21,1,1,1,2
821,12,21,1,1,1,1
821,13,21,1,1,1,1
821,14,21,1,1,1,3
821,15,21,1,1,1,1
821,16,21,1,1,1,1
821,17,21,1,1,1,2
821,18,21,1,1,1,2
821,19,21,1,1,1,2
822,0,22,1,0,0,4
822,1,22,1,0,0,5
822,2,22,1,0,0,1
822,3,22,1,0,0,1
822,4,22,1,0,0,1
822,5,22,1,0,0,0
822,6,22,1,0,0,1
822,7,22,1,0,0,1
822,8,22,1,0,0,2
822,9,22,1,0,0,3
822,10,22,1,1,1,3
822,11,22,1,1,1,1
822,12,22,1,1,1,2
822,13,22,1,1,1,2
822,14,22,1,1,1,2
822,15,22,1,1,1,2
822,16,22,1,1,1,2
822,17,22,1,1,1,2
822,18,22,1,1,1,5
822,19,22,1,1,1,2
823,0,23,1,0,0,4
823,1,23,1,0,0,2
823,2,23,1,0,0,1
823,3,23,1,0,0,2
823,4,23,1,0,0,3
823,5,23,1,0,0,3
823,6,23,1,0,0,2
823,7,23,1,0,0,2
823,8,23,1,0,0,1
823,9,23,1,0,0,3
823,10,23,1,1,1,2
823,11,23,1,1,1,2
823,12,23,1,1,1,1
823,13,23,1,1,1,3
823,14,23,1,1,1,2
823,15,23,1,1,1,1
823,16,23,1,1,1,2
823,17,23,1,1,1,1
823,18,23,1,1,1,1
823,19,23,1,1,1,1
824,0,24,1,0,0,1
824,1,24,1,0,0,1
824,2,24,1,0,0,3
824,3,24,1,0,0,2
824,4,24,1,0,0,2
824,5,24,1,0,0,2
824,6,24,1,0,0,0
824,7,24,1,0,0,2
824,8,24,1,0,0,2
824,9,24,1,0,0,1
824,10,24,1,1,1,3
824,11,24,1,1,1,2
824,12,24,1,1,1,2
824,13,24,1,1,1,3
824,14,24,1,1,1,2
824,15,24,1,1,1,2
824,16,24,1,1,1,3
824,17,24,1,1,1,3
824,18,24,1,1,1,3
824,19,24,1,1,1,7
825,0,25,1,0,0,3
825,1,25,1,0,0,3
825,2,25,1,0,0,2
825,3,25,1,0,0,4
825,4,25,1,0,0,1
825,5,25,1,0,0,1
825,6,25,1,0,0,1
825,7,25,1,0,0,2
825,8,25,1,0,0,1
825,9,25,1,0,0,1
825,10,25,1,1,1,4
825,11,25,1,1,1,1
825,12,25,1,1,1,3
825,13,25,1,1,1,2
825,14,25,1,1,1,2
825,15,25,1,1,1,1
825,16,25,1,1,1,2
825,17,25,1,1,1,2
825,18,25,1,1,1,4
825,19,25,1,1,1,4
826,0,26,1,0,0,2
826,1,26,1,0,0,1
826,2,26,1,0,0,9
826,3,26,1,0,0,1
826,4,26,1,0,0,4
826,5,26,1,0,0,3
826,6,26,1,0,0,2
826,7,26,1,0,0,2
826,8,26,1,0,0,2
826,9,26,1,0,0,3
826,10,26,1,1,1,2
826,11,26,1,1,1,2
826,12,26,1,1,1,1
826,13,26,1,1,1,1
826,14,26,1,1,1,2
826,15,26,1,1,1,6
826,16,26,1,1,1,4
826,17,26,1,1,1,3
826,18,26,1,1,1,2
826,19,26,1,1,1,2
827,0,27,1,0,0,2
827,1,27,1,0,0,3
827,2,27,1,0,0,4
827,3,27,1,0,0,2
827,4,27,1,0,0,2
827,5,27,1,0,0,3
827,6,27,1,0,0,2
827,7,27,1,0,0,2
827,8,27,1,0,0,2
827,9,27,1,0,0,5
827,10,27,1,1,1,3
827,11,27,1,1,1,1
827,12,27,1,1,1,4
827,13,27,1,1,1,7
827,14,27,1,1,1,5
827,15,27,1,1,1,2
827,16,27,1,1,1,1
827,17,27,1,1,1,1
827,18,27,1,1,1,2
827,19,27,1,1,1,2
828,0,28,1,0,0,4
828,1,28,1,0,0,3
828,2,28,1,0,0,2
828,3,28,1,0,0,1
828,4,28,1,0,0,3
828,5,28,1,0,0,3
828,6,28,1,0,0,4
828,7,28,1,0,0,3
828,8,28,1,0,0,3
828,9,28,1,0,0,4
828,10,28,1,1,1,3
828,11,28,1,1,1,3
828,12,28,1,1,1,2
828,13,28,1,1,1,3
828,14,28,1,1,1,2
828,15,28,1,1,1,2
828,16,28,1,1,1,2
828,17,28,1,1,1,2
828,18,28,1,1,1,3
828,19,28,1,1,1,3
829,0,29,1,0,0,2
829,1,29,1,0,0,1
829,2,29,1,0,0,2
829,3,29,1,0,0,2
829,4,29,1,0,0,3
829,5,29,1,0,0,3
829,6,29,1,0,0,3
829,7,29,1,0,0,2
829,8,29,1,0,0,2
829,9,29,1,0,0,7
829,10,29,1,1,1,1
829,11,29,1,1,1,3
829,12,29,1,1,1,1
829,13,29,1,1,1,9
829,14,29,1,1,1,2
829,15,29,1,1,1,3
829,16,29,1,1,1,4
829,17,29,1,1,1,3
829,18,29,1,1,1,2
829,19,29,1,1,1,3
830,0,30,1,0,0,2
830,1,30,1,0,0,5
830,2,30,1,0,0,9
830,3,30,1,0,0,4
830,4,30,1,0,0,5
830,5,30,1,0,0,1
830,6,30,1,0,0,1
830,7,30,1,0,0,3
830,8,30,1,0,0,4
830,9,30,1,0,0,1
830,10,30,1,1,1,2
830,11,30,1,1,1,2
830,12,30,1,1,1,3
830,13,30,1,1,1,3
830,14,30,1,1,1,2
830,15,30,1,1,1,3
830,16,30,1,1,1,2
830,17,30,1,1,1,2
830,18,30,1,1,1,2
830,19,30,1,1,1,4
831,0,31,1,0,0,1
831,1,31,1,0,0,3
831,2,31,1,0,0,4
831,3,31,1,0,0,2
831,4,31,1,0,0,1
831,5,31,1,0,0,1
831,6,31,1,0,0,7
831,7,31,1,0,0,3
831,8,31,1,0,0,2
831,9,31,1,0,0,8
831,10,31,1,1,1,2
831,11,31,1,1,1,3
831,12,31,1,1,1,2
831,13,31,1,1,1,2
831,14,31,1,1,1,4
831,15,31,1,1,1,4
831,16,31,1,1,1,2
831,17,31,1,1,1,4
831,18,31,1,1,1,3
831,19,31,1,1,1,2
832,0,32,1,0,0,2
832,1,32,1,0,0,3
832,2,32,1,0,0,5
832,3,32,1,0,0,2
832,4,32,1,0,0,1
832,5,32,1,0,0,2
832,6,32,1,0,0,2
832,7,32,1,0,0,3
832,8,32,1,0,0,2
832,9,32,1,0,0,2
832,10,32,1,1,1,3
832,11,32,1,1,1,2
832,12,32,1,1,1,1
832,13,32,1,1,1,6
832,14,32,1,1,1,1
832,15,32,1,1,1,2
832,16,32,1,1,1,4
832,17,32,1,1,1,4
832,18,32,1,1,1,3
832,19,32,1,1,1,4
833,0,33,1,0,0,3
833,1,33,1,0,0,1
833,2,33,1,0,0,3
833,3,33,1,0,0,3
833,4,33,1,0,0,3
833,5,33,1,0,0,1
833,6,33,1,0,0,6
833,7,33,1,0,0,4
833,8,33,1,0,0,4
833,9,33,1,0,0,2
833,10,33,1,1,1,3
833,11,33,1,1,1,1
833,12,33,1,1,1,2
833,13,33,1,1,1,3
833,14,33,1,1,1,1
833,15,33,1,1,1,2
833,16,33,1,1,1,5
833,17,33,1,1,1,3
833,18,33,1,1,1,2
833,19,33,1,1,1,4
834,0,34,1,0,0,5
834,1,34,1,0,0,3
834,2,34,1,0,0,3
834,3,34,1,0,0,1
834,4,34,1,0,0,3
834,5,34,1,0,0,1
834,6,34,1,0,0,2
834,7,34,1,0,0,3
834,8,34,1,0,0,7
834,9,34,1,0,0,3
834,10,34,1,1,1,5
834,11,34,1,1,1,1
834,12,34,1,1,1,4
834,13,34,1,1,1,3
834,14,34,1,1,1,1
834,15,34,1,1,1,4
834,16,34,1,1,1,4
834,17,34,1,1,1,3
834,18,34,1,1,1,2
834,19,34,1,1,1,7
835,0,35,1,0,0,4
835,1,35,1,0,0,6
835,2,35,1,0,0,4
835,3,35,1,0,0,1
835,4,35,1,0,0,2
835,5,35,1,0,0,3
835,6,35,1,0,0,3
835,7,35,1,0,0,4
835,8,35,1,0,0,3
835,9,35,1,0,0,3
835,10,35,1,1,1,6
835,11,35,1,1,1,2
835,12,35,1,1,1,4
835,13,35,1,1,1,2
835,14,35,1,1,1,3
835,15,35,1,1,1,2
835,16,35,1,1,1,1
835,17,35,1,1,1,5
835,18,35,1,1,1,2
835,19,35,1,1,1,1
836,0,36,1,0,0,6
836,1,36,1,0,0,3
836,2,36,1,0,0,1
836,3,36,1,0,0,3
836,4,36,1,0,0,2
836,5,36,1,0,0,1
836,6,36,1,0,0,2
836,7,36,1,0,0,8
836,8,36,1,0,0,4
836,9,36,1,0,0,11
836,10,36,1,1,1,1
836,11,36,1,1,1,5
836,12,36,1,1,1,4
836,13,36,1,1,1,1
836,14,36,1,1,1,3
836,15,36,1,1,1,2
836,16,36,1,1,1,4
836,17,36,1,1,1,2
836,18,36,1,1,1,1
836,19,36,1,1,1,4
837,0,37,1,0,0,4
837,1,37,1,0,0,7
837,2,37,1,0,0,11
837,3,37,1,0,0,2
837,4,37,1,0,0,4
837,5,37,1,0,0,10
837,6,37,1,0,0,7
837,7,37,1,0,0,1
837,8,37,1,0,0,2
837,9,37,1,0,0,7
837,10,37,1,1,1,5
837,11,37,1,1,1,4
837,12,37,1,1,1,3
837,13,37,1,1,1,4
837,14,37,1,1,1,1
837,15,37,1,1,1,2
837,16,37,1,1,1,6
837,17,37,1,1,1,3
837,18,37,1,1,1,2
837,19,37,1,1,1,3
838,0,38,1,0,0,2
838,1,38,1,0,0,8
838,2,38,1,0,0,5
838,3,38,1,0,0,4
838,4,38,1,0,0,1
838,5,38,1,0,0,2
838,6,38,1,0,0,7
838,7,38,1,0,0,4
838,8,38,1,0,0,3
838,9,38,1,0,0,3
838,10,38,1,1,1,3
838,11,38,1,1,1,3
838,12,38,1,1,1,5
838,13,38,1,1,1,3
838,14,38,1,1,1,2
838,15,38,1,1,1,4
838,16,38,1,1,1,3
838,17,38,1,1,1,2
838,18,38,1,1,1,5
838,19,38,1,1,1,2
839,0,39,1,0,0,5
839,1,39,1,0,0,2
839,2,39,1,0,0,6
839,3,39,1,0,0,5
839,4,39,1,0,0,3
839,5,39,1,0,0,4
839,6,39,1,0,0,2
839,7,39,1,0,0,2
839,8,39,1,0,0,5
839,9,39,1,0,0,2
839,10,39,1,1,1,2
839,11,39,1,1,1,4
839,12,39,1,1,1,8
839,13,39,1,1,1,3
839,14,39,1,1,1,3
839,15,39,1,1,1,4
839,16,39,1,1,1,3
839,17,39,1,1,1,4
839,18,39,1,1,1,2
839,19,39,1,1,1,10
840,0,40,1,0,0,6
840,1,40,1,0,0,2
840,2,40,1,0,0,3
840,3,40,1,0,0,3
840,4,40,1,0,0,19
840,5,40,1,0,0,4
840,6,40,1,0,0,5
840,7,40,1,0,0,4
840,8,40,1,0,0,7
840,9,40,1,0,0,4
840,10,40,1,1,1,2
840,11,40,1,1,1,4
840,12,40,1,1,1,5
840,13,40,1,1,1,3
840,14,40,1,1,1,2
840,15,40,1,1,1,7
840,16,40,1,1,1,3
840,17,40,1,1,1,2
840,18,40,1,1,1,2
840,19,40,1,1,1,3
841,0,41,1,0,0,3
841,1,41,1,0,0,2
841,2,41,1,0,0,3
841,3,41,1,0,0,4
841,4,41,1,0,0,6
841,5,41,1,0,0,2
841,6,41,1,0,0,2
841,7,41,1,0,0,3
841,8,41,1,0,0,3
841,9,41,1,0,0,5
841,10,41,1,1,1,2
841,11,41,1,1,1,7
841,12,41,1,1,1,4
841,13,41,1,1,1,3
841,14,41,1,1,1,2
841,15,41,1,1,1,2
841,16,41,1,1,1,3
841,17,41,1,1,1,3
841,18,41,1,1,1,4
841,19,41,1,1,1,2
842,0,42,1,0,0,2
842,1,42,1,0,0,3
842,2,42,1,0,0,6
842,3,42,1,0,0,2
842,4,42,1,0,0,6
842,5,42,1,0,0,8
842,6,42,1,0,0,2
842,7,42,1,0,0,2
842,8,42,1,0,0,1
842,9,42,1,0,0,7
842,10,42,1,1,1,3
842,11,42,1,1,1,8
842,12,42,1,1,1,4
842,13,42,1,1,1,1
842,14,42,1,1,1,9
842,15,42,1,1,1,3
842,16,42,1,1,1,5
842,17,42,1,1,1,3
842,18,42,1,1,1,6
842,19,42,1,1,1,3
843,0,43,1,0,0,4
843,1,43,1,0,0,4
843,2,43,1,0,0,4
843,3,43,1,0,0,4
843,4,43,1,0,0,2
843,5,43,1,0,0,5
843,6,43,1,0,0,2
843,7,43,1,0,0,2
843,8,43,1,0,0,4
843,9,43,1,0,0,4
843,10,43,1,1,1,2
843,11,43,1,1,1,2
843,12,43,1,1,1,1
843,13,43,1,1,1,4
843,14,43,1,1,1,5
843,15,43,1,1,1,4
843,16,43,1,1,1,5
843,17,43,1,1,1,4
843,18,43,1,1,1,4
843,19,43,1,1,1,3
844,0,44,1,0,0,4
844,1,44,1,0,0,7
844,2,44,1,0,0,10
844,3,44,1,0,0,3
844,4,44,1,0,0,3
844,5,44,1,0,0,3
844,6,44,1,0,0,3
844,7,44,1,0,0,2
844,8,44,1,0,0,6
844,9,44,1,0,0,3
844,10,44,1,1,1,4
844,11,44,1,1,1,6
844,12,44,1,1,1,7
844,13,44,1,1,1,4
844,14,44,1,1,1,6
844,15,44,1,1,1,3
844,16,44,1,1,1,5
844,17,44,1,1,1,3
844,18,44,1,1,1,2
844,19,44,1,1,1,2
845,0,45,1,0,0,10
845,1,45,1,0,0,4
845,2,45,1,0,0,3
845,3,45,1,0,0,3
845,4,45,1,0,0,4
845,5,45,1,0,0,5
845,6,45,1,0,0,1
845,7,45,1,0,0,3
845,8,45,1,0,0,2
845,9,45,1,0,0,4
845,10,45,1,1,1,5
845,11,45,1,1,1,3
845,12,45,1,1,1,4
845,13,45,1,1,1,9
845,14,45,1,1,1,5
845,15,45,1,1,1,3
845,16,45,1,1,1,7
845,17,45,1,1,1,5
845,18,45,1,1,1,4
845,19,45,1,1,1,3
846,0,46,1,0,0,7
846,1,46,1,0,0,4
846,2,46,1,0,0,3
846,3,46,1,0,0,6
846,4,46,1,0,0,3
846,5,46,1,0,0,8
846,6,46,1,0,0,2
846,7,46,1,0,0,6
846,8,46,1,0,0,6
846,9,46,1,0,0,4
846,10,46,1,1,1,4
846,11,46,1,1,1,5
846,12,46,1,1,1,2
846,13,46,1,1,1,4
846,14,46,1,1,1,2
846,15,46,1,1,1,7
846,16,46,1,1,1,2
846,17,46,1,1,1,2
846,18,46,1,1,1,9
846,19,46,1,1,1,2
847,0,47,1,0,0,3
847,1,47,1,0,0,6
847,2,47,1,0,0,4
847,3,47,1,0,0,3
847,4,47,1,0,0,6
847,5,47,1,0,0,5
847,6,47,1,0,0,3
847,7,47,1,0,0,2
847,8,47,1,0,0,4
847,9,47,1,0,0,3
847,10,47,1,1,1,5
847,11,47,1,1,1,3
847,12,47,1,1,1,5
847,13,47,1,1,1,5
847,14,47,1,1,1,2
847,15,47,1,1,1,6
847,16,47,1,1,1,4
847,17,47,1,1,1,3
847,18,47,1,1,1,4
847,19,47,1,1,1,4
848,0,48,1,0,0,4
848,1,48,1,0,0,2
848,2,48,1,0,0,2
848,3,48,1,0,0,2
848,4,48,1,0,0,6
848,5,48,1,0,0,4
848,6,48,1,0,0,2
848,7,48,1,0,0,2
848,8,48,1,0,0,4
848,9,48,1,0,0,2
848,10,48,1,1,1,3
848,11,48,1,1,1,6
848,12,48,1,1,1,5
848,13,48,1,1,1,3
848,14,48,1,1,1,3
848,15,48,1,1,1,4
848,16,48,1,1,1,4
848,17,48,1,1,1,7
848,18,48,1,1,1,4
848,19,48,1,1,1,4
849,0,49,1,0,0,4
849,1,49,1,0,0,4
849,2,49,1,0,0,4
849,3,49,1,0,0,4
849,4,49,1,0,0,6
849,5,49,1,0,0,8
849,6,49,1,0,0,8
849,7,49,1,0,0,2
849,8,49,1,0,0,2
849,9,49,1,0,0,2
849,10,49,1,1,1,6
849,11,49,1,1,1,6
849,12,49,1,1,1,2
849,13,49,1,1,1,3
849,14,49,1,1,1,5
849,15,49,1,1,1,7
849,16,49,1,1,1,8
849,17,49,1,1,1,6
849,18,49,1,1,1,3
849,19,49,1,1,1,7
850,0,50,1,0,0,3
850,1,50,1,0,0,2
850,2,50,1,0,0,6
850,3,50,1,0,0,3
850,4,50,1,0,0,2
850,5,50,1,0,0,4
850,6,50,1,0,0,2
850,7,50,1,0,0,1
850,8,50,1,0,0,4
850,9,50,1,0,0,1
850,10,50,1,1,1,5
850,11,50,1,1,1,7
850,12,50,1,1,1,9
850,13,50,1,1,1,4
850,14,50,1,1,1,4
850,15,50,1,1,1,6
850,16,50,1,1,1,8
850,17,50,1,1,1,5
850,18,50,1,1,1,4
850,19,50,1,1,1,2
851,0,51,1,0,0,5
851,1,51,1,0,0,3
851,2,51,1,0,0,6
851,3,51,1,0,0,6
851,4,51,1,0,0,3
851,5,51,1,0,0,3
851,6,51,1,0,0,4
851,7,51,1,0,0,5
851,8,51,1,0,0,5
851,9,51,1,0,0,4
851,10,51,1,1,1,6
851,11,51,1,1,1,3
851,12,51,1,1,1,6
851,13,51,1,1,1,4
851,14,51,1,1,1,5
851,15,51,1,1,1,5
851,16,51,1,1,1,10
851,17,51,1,1,1,4
851,18,51,1,1,1,5
851,19,51,1,1,1,3
852,0,52,1,0,0,8
852,1,52,1,0,0,4
852,2,52,1,0,0,3
852,3,52,1,0,0,4
852,4,52,1,0,0,3
852,5,52,1,0,0,2
852,6,52,1,0,0,5
852,7,52,1,0,0,3
852,8,52,1,0,0,3
852,9,52,1,0,0,5
852,10,52,1,1,1,3
852,11,52,1,1,1,5
852,12,52,1,1,1,4
852,13,52,1,1,1,5
852,14,52,1,1,1,4
852,15,52,1,1,1,4
852,16,52,1,1,1,7
852,17,52,1,1,1,2
852,18,52,1,1,1,7
852,19,52,1,1,1,6
853,0,53,1,0,0,12
853,1,53,1,0,0,2
853,2,53,1,0,0,6
853,3,53,1,0,0,2
853,4,53,1,0,0,5
853,5,53,1,0,0,6
853,6,53,1,0,0,7
853,7,53,1,0,0,2
853,8,53,1,0,0,5
853,9,53,1,0,0,2
853,10,53,1,1,1,7
853,11,53,1,1,1,4
853,12,53,1,1,1,4
853,13,53,1,1,1,9
853,14,53,1,1,1,2
853,15,53,1,1,1,2
853,16,53,1,1,1,5
853,17,53,1,1,1,5
853,18,53,1,1,1,7
853,19,53,1,1,1,5
854,0,54,1,0,0,8
854,1,54,1,0,0,9
854,2,54,1,0,0,3
854,3,54,1,0,0,4
854,4,54,1,0,0,5
854,5,54,1,0,0,1
854,6,54,1,0,0,1
854,7,54,1,0,0,5
854,8,54,1,0,0,7
854,9,54,1,0,0,4
854,10,54,1,1,1,4
854,11,54,1,1,1,9
854,12,54,1,1,1,11
854,13,54,1,1,1,5
854,14,54,1,1,1,2
854,15,54,1,1,1,6
854,16,54,1,1,1,5
854,17,54,1,1,1,4
854,18,54,1,1,1,5
854,19,54,1,1,1,4
855,0,55,1,0,0,5
855,1,55,1,0,0,3
855,2,55,1,0,0,7
855,3,55,1,0,0,3
855,4,55,1,0,0,9
855,5,55,1,0,0,6
855,6,55,1,0,0,7
855,7,55,1,0,0,6
855,8,55,1,0,0,3
855,9,55,1,0,0,6
855,10,55,1,1,1,4
855,11,55,1,1,1,5
855,12,55,1,1,1,6
855,13,55,1,1,1,6
855,14,55,1,1,1,6
855,15,55,1,1,1,6
855,16,55,1,1,1,5
855,17,55,1,1,1,6
855,18,55,1,1,1,11
855,19,55,1,1,1,5
856,0,56,1,0,0,3
856,1,56,1,0,0,2
856,2,56,1,0,0,5
856,3,56,1,0,0,7
856,4,56,1,0,0,2
856,5,56,1,0,0,3
856,6,56,1,0,0,4
856,7,56,1,0,0,11
856,8,56,1,0,0,5
856,9,56,1,0,0,7
856,10,56,1,1,1,8
856,11,56,1,1,1,6
856,12,56,1,1,1,4
856,13,56,1,1,1,6
856,14,56,1,1,1,4
856,15,56,1,1,1,2
856,16,56,1,1,1,5
856,17,56,1,1,1,11
856,18,56,1,1,1,3
856,19,56,1,1,1,4
857,0,57,1,0,0,4
857,1,57,1,0,0,2
857,2,57,1,0,0,6
857,3,57,1,0,0,5
857,4,57,1,0,0,6
857,5,57,1,0,0,2
857,6,57,1,0,0,5
857,7,57,1,0,0,3
857,8,57,1,0,0,6
857,9,57,1,0,0,7
857,10,57,1,1,1,3
857,11,57,1,1,1,6
857,12,57,1,1,1,4
857,13,57,1,1,1,6
857,14,57,1,1,1,5
857,15,57,1,1,1,4
857,16,57,1,1,1,4
857,17,57,1,1,1,3
857,18,57,1,1,1,4
857,19,57,1,1,1,11
858,0,58,1,0,0,7
858,1,58,1,0,0,5
858,2,58,1,0,0,8
858,3,58,1,0,0,6
858,4,58,1,0,0,3
858,5,58,1,0,0,5
858,6,58,1,0,0,5
858,7,58,1,0,0,2
858,8,58,1,0,0,9
858,9,58,1,0,0,6
858,10,58,1,1,1,8
858,11,58,1,1,1,3
858,12,58,1,1,1,3
858,13,58,1,1,1,4
858,14,58,1,1,1,9
858,15,58,1,1,1,4
858,16,58,1,1,1,7
858,17,58,1,1,1,4
858,18,58,1,1,1,9
858,19,58,1,1,1,4
859,0,59,1,0,0,5
859,1,59,1,0,0,4
859,2,59,1,0,0,7
859,3,59,1,0,0,11
859,4,59,1,0,0,4
859,5,59,1,0,0,5
859,6,59,1,0,0,4
859,7,59,1,0,0,3
859,8,59,1,0,0,3
859,9,59,1,0,0,2
859,10,59,1,1,1,7
859,11,59,1,1,1,2
859,12,59,1,1,1,5
859,13,59,1,1,1,2
859,14,59,1,1,1,6
859,15,59,1,1,1,3
859,16,59,1,1,1,5
859,17,59,1,1,1,9
859,18,59,1,1,1,7
859,19,59,1,1,1,5
860,0,60,1,0,0,7
860,1,60,1,0,0,16
860,2,60,1,0,0,3
860,3,60,1,0,0,11
860,4,60,1,0,0,4
860,5,60,1,0,0,5
860,6,60,1,0,0,6
860,7,60,1,0,0,4
860,8,60,1,0,0,4
860,9,60,1,0,0,5
860,10,60,1,1,1,8
860,11,60,1,1,1,4
860,12,60,1,1,1,4
860,13,60,1,1,1,8
860,14,60,1,1,1,2
860,15,60,1,1,1,4
860,16,60,1,1,1,4
860,17,60,1,1,1,5
860,18,60,1,1,1,4
860,19,60,1,1,1,3
861,0,61,1,0,0,6
861,1,61,1,0,0,12
861,2,61,1,0,0,4
861,3,61,1,0,0,3
861,4,61,1,0,0,4
861,5,61,1,0,0,10
861,6,61,1,0,0,7
861,7,61,1,0,0,6
861,8,61,1,0,0,8
861,9,61,1,0,0,4
861,10,61,1,1,1,7
861,11,61,1,1,1,3
861,12,61,1,1,1,6
861,13,61,1,1,1,3
861,14,61,1,1,1,6
861,15,61,1,1,1,12
861,16,61,1,1,1,5
861,17,61,1,1,1,5
861,18,61,1,1,1,4
861,19,61,1,1,1,9
862,0,62,1,0,0,8
862,1,62,1,0,0,2
862,2,62,1,0,0,6
862,3,62,1,0,0,4
862,4,62,1,0,0,1
862,5,62,1,0,0,4
862,6,62,1,0,0,7
862,7,62,1,0,0,3
862,8,62,1,0,0,2
862,9,62,1,0,0,14
862,10,62,1,1,1,10
862,11,62,1,1,1,5
862,12,62,1,1,1,5
862,13,62,1,1,1,3
862,14,62,1,1,1,5
862,15,62,1,1,1,5
862,16,62,1,1,1,2
862,17,62,1,1,1,4
862,18,62,1,1,1,8
862,19,62,1,1,1,6
863,0,63,1,0,0,9
863,1,63,1,0,0,19
863,2,63,1,0,0,1
863,3,63,1,0,0,4
863,4,63,1,0,0,3
863,5,63,1,0,0,2
863,6,63,1,0,0,3
863,7,63,1,0,0,4
863,8,63,1,0,0,14
863,9,63,1,0,0,4
863,10,63,1,1,1,8
863,11,63,1,1,1,5
863,12,63,1,1,1,6
863,13,63,1,1,1,4
863,14,63,1,1,1,5
863,15,63,1,1,1,3
863,16,63,1,1,1,4
863,17,63,1,1,1,5
863,18,63,1,1,1,6
863,19,63,1,1,1,7
864,0,64,1,0,0,5
864,1,64,1,0,0,8
864,2,64,1,0,0,13
864,3,64,1,0,0,6
864,4,64,1,0,0,5
864,5,64,1,0,0,5
864,6,64,1,0,0,4
864,7,64,1,0,0,6
864,8,64,1,0,0,5
864,9,64,1,0,0,4
864,10,64,1,1,1,3
864,11,64,1,1,1,6
864,12,64,1,1,1,4
864,13,64,1,1,1,4
864,14,64,1,1,1,2
864,15,64,1,1,1,4
864,16,64,1,1,1,5
864,17,64,1,1,1,3
864,18,64,1,1,1,7
864,19,64,1,1,1,12
865,0,65,1,0,0,6
865,1,65,1,0,0,11
865,2,65,1,0,0,5
865,3,65,1,0,0,7
865,4,65,1,0,0,6
865,5,65,1,0,0,6
865,6,65,1,0,0,4
865,7,65,1,0,0,9
865,8,65,1,0,0,5
865,9,65,1,0,0,12
865,10,65,1,1,1,8
865,11,65,1,1,1,4
865,12,65,1,1,1,3
865,13,65,1,1,1,12
865,14,65,1,1,1,7
865,15,65,1,1,1,10
865,16,65,1,1,1,3
865,17,65,1,1,1,3
865,18,65,1,1,1,4
865,19,65,1,1,1,7
866,0,66,1,0,0,7
866,1,66,1,0,0,3
866,2,66,1,0,0,4
866,3,66,1,0,0,4
866,4,66,1,0,0,14
866,5,66,1,0,0,4
866,6,66,1,0,0,5
866,7,66,1,0,0,4
866,8,66,1,0,0,4
866,9,66,1,0,0,6
866,10,66,1,1,1,6
866,11,66,1,1,1,8
866,12,66,1,1,1,2
866,13,66,1,1,1,3
866,14,66,1,1,1,5
866,15,66,1,1,1,8
866,16,66,1,1,1,4
866,17,66,1,1,1,5
866,18,66,1,1,1,4
866,19,66,1,1,1,9
867,0,67,1,0,0,4
867,1,67,1,0,0,5
867,2,67,1,0,0,5
867,3,67,1,0,0,4
867,4,67,1,0,0,4
867,5,67,1,0,0,8
867,6,67,1,0,0,3
867,7,67,1,0,0,3
867,8,67,1,0,0,2
867,9,67,1,0,0,3
867,10,67,1,1,1,7
867,11,67,1,1,1,3
867,12,67,1,1,1,5
867,13,67,1,1,1,6
867,14,67,1,1,1,9
867,15,67,1,1,1,9
867,16,67,1,1,1,9
867,17,67,1,1,1,5
867,18,67,1,1,1,6
867,19,67,1,1,1,7
868,0,68,1,0,0,15
868,1,68,1,0,0,6
868,2,68,1,0,0,4
868,3,68,1,0,0,2
868,4,68,1,0,0,1
868,5,68,1,0,0,4
868,6,68,1,0,0,6
868,7,68,1,0,0,8
868,8,68,1,0,0,16
868,9,68,1,0,0,3
868,10,68,1,1,1,7
868,11,68,1,1,1,6
868,12,68,1,1,1,5
868,13,68,1,1,1,4
868,14,68,1,1,1,4
868,15,68,1,1,1,6
868,16,68,1,1,1,4
868,17,68,1,1,1,8
868,18,68,1,1,1,7
868,19,68,1,1,1,7
869,0,69,1,0,0,7
869,1,69,1,0,0,10
869,2,69,1,0,0,3
869,3,69,1,0,0,9
869,4,69,1,0,0,6
869,5,69,1,0,0,18
869,6,69,1,0,0,2
869,7,69,1,0,0,5
869,8,69,1,0,0,6
869,9,69,1,0,0,6
869,10,69,1,1,1,3
869,11,69,1,1,1,3
869,12,69,1,1,1,5
869,13,69,1,1,1,4
869,14,69,1,1,1,6
869,15,69,1,1,1,4
869,16,69,1,1,1,5
869,17,69,1,1,1,3
869,18,69,1,1,1,7
869,19,69,1,1,1,7
870,0,70,1,0,0,3
870,1,70,1,0,0,9
870,2,70,1,0,0,6
870,3,70,1,0,0,6
870,4,70,1,0,0,7
870,5,70,1,0,0,4
870,6,70,1,0,0,17
870,7,70,1,0,0,5
870,8,70,1,0,0,4
870,9,70,1,0,0,3
870,10,70,1,1,1,3
870,11,70,1,1,1,6
870,12,70,1,1,1,10
870,13,70,1,1,1,9
870,14,70,1,1,1,3
870,15,70,1,1,1,8
870,16,70,1,1,1,17
870,17,70,1,1,1,5
870,18,70,1,1,1,4
870,19,70,1,1,1,5
871,0,71,1,0,0,7
871,1,71,1,0,0,6
871,2,71,1,0,0,4
871,3,71,1,0,0,7
871,4,71,1,0,0,4
871,5,71,1,0,0,8
871,6,71,1,0,0,3
871,7,71,1,0,0,9
871,8,71,1,0,0,5
871,9,71,1,0,0,7
871,10,71,1,1,1,7
871,11,71,1,1,1,2
871,12,71,1,1,1,9
871,13,71,1,1,1,8
871,14,71,1,1,1,7
871,15,71,1,1,1,7
871,16,71,1,1,1,9
871,17,71,1,1,1,9
871,18,71,1,1,1,8
871,19,71,1,1,1,6
872,0,72,1,0,0,5
872,1,72,1,0,0,10
872,2,72,1,0,0,7
872,3,72,1,0,0,4
872,4,72,1,0,0,3
872,5,72,1,0,0,6
872,6,72,1,0,0,5
872,7,72,1,0,0,7
872,8,72,1,0,0,7
872,9,72,1,0,0,4
872,10,72,1,1,1,8
872,11,72,1,1,1,4
872,12,72,1,1,1,10
872,13,72,1,1,1,10
872,14,72,1,1,1,6
872,15,72,1,1,1,4
872,16,72,1,1,1,5
872,17,72,1,1,1,6
872,18,72,1,1,1,8
872,19,72,1,1,1,6
873,0,73,1,0,0,7
873,1,73,1,0,0,5
873,2,73,1,0,0,6
873,3,73,1,0,0,6
873,4,73,1,0,0,2
873,5,73,1,0,0,7
873,6,73,1,0,0,12
873,7,73,1,0,0,3
873,8,73,1,0,0,2
873,9,73,1,0,0,4
873,10,73,1,1,1,6
873,11,73,1,1,1,13
873,12,73,1,1,1,10
873,13,73,1,1,1,4
873,14,73,1,1,1,6
873,15,73,1,1,1,6
873,16,73,1,1,1,5
873,17,73,1,1,1,8
873,18,73,1,1,1,8
873,19,73,1,1,1,4
874,0,74,1,0,0,3
874,1,74,1,0,0,8
874,2,74,1,0,0,9
874,3,74,1,0,0,14
874,4,74,1,0,0,7
874,5,74,1,0,0,7
874,6,74,1,0,0,10
874,7,74,1,0,0,10
874,8,74,1,0,0,3
874,9,74,1,0,0,6
874,10,74,1,1,1,5
874,11,74,1,1,1,10
874,12,74,1,1,1,8
874,13,74,1,1,1,5
874,14,74,1,1,1,12
874,15,74,1,1,1,4
874,16,74,1,1,1,4
874,17,74,1,1,1,19
874,18,74,1,1,1,10
874,19,74,1,1,1,5
875,0,75,1,0,0,13
875,1,75,1,0,0,9
875,2,75,1,0,0,7
875,3,75,1,0,0,3
875,4,75,1,0,0,3
875,5,75,1,0,0,3
875,6,75,1,0,0,6
875,7,75,1,0,0,6
875,8,75,1,0,0,6
875,9,75,1,0,0,7
875,10,75,1,1,1,6
875,11,75,1,1,1,6
875,12,75,1,1,1,10
875,13,75,1,1,1,5
875,14,75,1,1,1,9
875,15,75,1,1,1,10
875,16,75,1,1,1,5
875,17,75,1,1,1,4
875,18,75,1,1,1,13
875,19,75,1,1,1,7
876,0,76,1,0,0,3
876,1,76,1,0,0,16
876,2,76,1,0,0,7
876,3,76,1,0,0,10
876,4,76,1,0,0,9
876,5,76,1,0,0,5
876,6,76,1,0,0,17
876,7,76,1,0,0,9
876,8,76,1,0,0,4
876,9,76,1,0,0,8
876,10,76,1,1,1,5
876,11,76,1,1,1,7
876,12,76,1,1,1,5
876,13,76,1,1,1,5
876,14,76,1,1,1,7
876,15,76,1,1,1,8
876,16,76,1,1,1,8
876,17,76,1,1,1,8
876,18,76,1,1,1,5
876,19,76,1,1,1,11
877,0,77,1,0,0,7
877,1,77,1,0,0,18
877,2,77,1,0,0,7
877,3,77,1,0,0,5
877,4,77,1,0,0,11
877,5,77,1,0,0,9
877,6,77,1,0,0,5
877,7,77,1,0,0,10
877,8,77,1,0,0,7
877,9,77,1,0,0,5
877,10,77,1,1,1,4
877,11,77,1,1,1,11
877,12,77,1,1,1,4
877,13,77,1,1,1,9
877,14,77,1,1,1,8
877,15,77,1,1,1,11
877,16,77,1,1,1,3
877,17,77,1,1,1,6
877,18,77,1,1,1,13
877,19,77,1,1,1,6
878,0,78,1,0,0,5
878,1,78,1,0,0,16
878,2,78,1,0,0,2
878,3,78,1,0,0,5
878,4,78,1,0,0,3
878,5,78,1,0,0,9
878,6,78,1,0,0,10
878,7,78,1,0,0,6
878,8,78,1,0,0,3
878,9,78,1,0,0,4
878,10,78,1,1,1,7
878,11,78,1,1,1,6
878,12,78,1,1,1,9
878,13,78,1,1,1,7
878,14,78,1,1,1,4
878,15,78,1,1,1,7
878,16,78,1,1,1,14
878,17,78,1,1,1,5
878,18,78,1,1,1,8
878,19,78,1,1,1,6
879,0,79,1,0,0,10
879,1,79,1,0,0,4
879,2,79,1,0,0,5
879,3,79,1,0,0,3
879,4,79,1,0,0,11
879,5,79,1,0,0,13
879,6,79,1,0,0,9
879,7,79,1,0,0,9
879,8,79,1,0,0,7
879,9,79,1,0,0,3
879,10,79,1,1,1,6
879,11,79,1,1,1,8
879,12,79,1,1,1,10
879,13,79,1,1,1,18
879,14,79,1,1,1,7
879,15,79,1,1,1,6
879,16,79,1,1,1,8
879,17,79,1,1,1,9
879,18,79,1,1,1,16
879,19,79,1,1,1,6
880,0,80,1,0,0,7
880,1,80,1,0,0,13
880,2,80,1,0,0,7
880,3,80,1,0,0,12
880,4,80,1,0,0,4
880,5,80,1,0,0,12
880,6,80,1,0,0,4
880,7,80,1,0,0,8
880,8,80,1,0,0,25
880,9,80,1,0,0,16
880,10,80,1,1,1,9
880,11,80,1,1,1,9
880,12,80,1,1,1,8
880,13,80,1,1,1,7
880,14,80,1,1,1,6
880,15,80,1,1,1,5
880,16,80,1,1,1,5
880,17,80,1,1,1,9
880,18,80,1,1,1,5
880,19,80,1,1,1,11
881,0,81,1,0,0,14
881,1,81,1,0,0,10
881,2,81,1,0,0,6
881,3,81,1,0,0,10
881,4,81,1,0,0,4
881,5,81,1,0,0,10
881,6,81,1,0,0,7
881,7,81,1,0,0,4
881,8,81,1,0,0,5
881,9,81,1,0,0,4
881,10,81,1,1,1,6
881,11,81,1,1,1,7
881,12,81,1,1,1,9
881,13,81,1,1,1,18
881,14,81,1,1,1,5
881,15,81,1,1,1,10
881,16,81,1,1,1,5
881,17,81,1,1,1,9
881,18,81,1,1,1,9
881,19,81,1,1,1,8
882,0,82,1,0,0,7
882,1,82,1,0,0,3
882,2,82,1,0,0,6
882,3,82,1,0,0,12
882,4,82,1,0,0,6
882,5,82,1,0,0,12
882,6,82,1,0,0,6
882,7,82,1,0,0,9
882,8,82,1,0,0,4
882,9,82,1,0,0,11
882,10,82,1,1,1,14
882,11,82,1,1,1,4
882,12,82,1,1,1,4
882,13,82,1,1,1,10
882,14,82,1,1,1,6
882,15,82,1,1,1,3
882,16,82,1,1,1,11
882,17,82,1,1,1,5
882,18,82,1,1,1,9
882,19,82,1,1,1,9
883,0,83,1,0,0,5
883,1,83,1,0,0,4
883,2,83,1,0,0,5
883,3,83,1,0,0,4
883,4,83,1,0,0,8
883,5,83,1,0,0,6
883,6,83,1,0,0,9
883,7,83,1,0,0,10
883,8,83,1,0,0,9
883,9,83,1,0,0,5
883,10,83,1,1,1,4
883,11,83,1,1,1,7
883,12,83,1,1,1,15
883,13,83,1,1,1,10
883,14,83,1,1,1,7
883,15,83,1,1,1,5
883,16,83,1,1,1,7
883,17,83,1,1,1,18
883,18,83,1,1,1,9
883,19,83,1,1,1,9
884,0,84,1,0,0,7
884,1,84,1,0,0,6
884,2,84,1,0,0,5
884,3,84,1,0,0,9
884,4,84,1,0,0,6
884,5,84,1,0,0,8
884,6,84,1,0,0,11
884,7,84,1,0,0,2
884,8,84,1,0,0,5
884,9,84,1,0,0,4
884,10,84,1,1,1,8
884,11,84,1,1,1,8
884,12,84,1,1,1,5
884,13,84,1,1,1,12
884,14,84,1,1,1,9
884,15,84,1,1,1,8
884,16,84,1,1,1,6
884,17,84,1,1,1,8
884,18,84,1,1,1,4
884,19,84,1,1,1,5
885,0,85,1,0,0,10
885,1,85,1,0,0,4
885,2,85,1,0,0,13
885,3,85,1,0,0,5
885,4,85,1,0,0,8
885,5,85,1,0,0,15
885,6,85,1,0,0,7
885,7,85,1,0,0,6
885,8,85,1,0,0,6
885,9,85,1,0,0,4
885,10,85,1,1,1,5
885,11,85,1,1,1,14
885,12,85,1,1,1,11
885,13,85,1,1,1,4
885,14,85,1,1,1,6
885,15,85,1,1,1,13
885,16,85,1,1,1,9
885,17,85,1,1,1,6
885,18,85,1,1,1,12
885,19,85,1,1,1,11
886,0,86,1,0,0,11
886,1,86,1,0,0,10
886,2,86,1,0,0,7
886,3,86,1,0,0,4
886,4,86,1,0,0,22
886,5,86,1,0,0,11
886,6,86,1,0,0,8
886,7,86,1,0,0,10
886,8,86,1,0,0,8
886,9,86,1,0,0,8
886,10,86,1,1,1,8
886,11,86,1,1,1,3
886,12,86,1,1,1,14
886,13,86,1,1,1,7
886,14,86,1,1,1,11
886,15,86,1,1,1,6
886,16,86,1,1,1,11
886,17,86,1,1,1,10
886,18,86,1,1,1,8
886,19,86,1,1,1,10
887,0,87,1,0,0,7
887,1,87,1,0,0,7
887,2,87,1,0,0,3
887,3,87,1,0,0,7
887,4,87,1,0,0,11
887,5,87,1,0,0,10
887,6,87,1,0,0,9
887,7,87,1,0,0,9
887,8,87,1,0,0,16
887,9,87,1,0,0,9
887,10,87,1,1,1,5
887,11,87,1,1,1,9
887,12,87,1,1,1,6
887,13,87,1,1,1,5
887,14,87,1,1,1,10
887,15,87,1,1,1,10
887,16,87,1,1,1,8
887,17,87,1,1,1,7
887,18,87,1,1,1,10
887,19,87,1,1,1,4
888,0,88,1,0,0,3
888,1,88,1,0,0,22
888,2,88,1,0,0,4
888,3,88,1,0,0,3
888,4,88,1,0,0,12
888,5,88,1,0,0,11
888,6,88,1,0,0,6
888,7,88,1,0,0,5
888,8,88,1,0,0,7
888,9,88,1,0,0,3
888,10,88,1,1,1,6
888,11,88,1,1,1,5
888,12,88,1,1,1,9
888,13,88,1,1,1,6
888,14,88,1,1,1,5
888,15,88,1,1,1,14
888,16,88,1,1,1,7
888,17,88,1,1,1,5
888,18,88,1,1,1,5
888,19,88,1,1,1,8
889,0,89,1,0,0,7
889,1,89,1,0,0,7
889,2,89,1,0,0,2
889,3,89,1,0,0,3
889,4,89,1,0,0,7
889,5,89,1,0,0,5
889,6,89,1,0,0,6
889,7,89,1,0,0,6
889,8,89,1,0,0,7
889,9,89,1,0,0,7
889,10,89,1,1,1,9
889,11,89,1,1,1,16
889,12,89,1,1,1,6
889,13,89,1,1,1,6
889,14,89,1,1,1,3
889,15,89,1,1,1,6
889,16,89,1,1,1,6
889,17,89,1,1,1,13
889,18,89,1,1,1,7
889,19,89,1,1,1,7
890,0,90,1,0,0,8
890,1,90,1,0,0,5
890,2,90,1,0,0,22
890,3,90,1,0,0,10
890,4,90,1,0,0,5
890,5,90,1,0,0,4
890,6,90,1,0,0,8
890,7,90,1,0,0,12
890,8,90,1,0,0,7
890,9,90,1,0,0,3
890,10,90,1,1,1,7
890,11,90,1,1,1,9
890,12,90,1,1,1,6
890,13,90,1,1,1,4
890,14,90,1,1,1,9
890,15,90,1,1,1,9
890,16,90,1,1,1,12
890,17,90,1,1,1,5
890,18,90,1,1,1,10
890,19,90,1,1,1,6
891,0,91,1,0,0,9
891,1,91,1,0,0,10
891,2,91,1,0,0,8
891,3,91,1,0,0,8
891,4,91,1,0,0,12
891,5,91,1,0,0,8
891,6,91,1,0,0,17
891,7,91,1,0,0,4
891,8,91,1,0,0,10
891,9,91,1,0,0,11
891,10,91,1,1,1,6
891,11,91,1,1,1,10
891,12,91,1,1,1,13
891,13,91,1,1,1,9
891,14,91,1,1,1,9
891,15,91,1,1,1,12
891,16,91,1,1,1,4
891,17,91,1,1,1,13
891,18,91,1,1,1,11
891,19,91,1,1,1,8
892,0,92,1,0,0,7
892,1,92,1,0,0,6
892,2,92,1,0,0,6
892,3,92,1,0,0,7
892,4,92,1,0,0,3
892,5,92,1,0,0,13
892,6,92,1,0,0,5
892,7,92,1,0,0,4
892,8,92,1,0,0,4
892,9,92,1,0,0,9
892,10,92,1,1,1,19
892,11,92,1,1,1,7
892,12,92,1,1,1,6
892,13,92,1,1,1,8
892,14,92,1,1,1,14
892,15,92,1,1,1,9
892,16,92,1,1,1,10
892,17,92,1,1,1,9
892,18,92,1,1,1,10
892,19,92,1,1,1,10
893,0,93,1,0,0,8
893,1,93,1,0,0,13
893,2,93,1,0,0,6
893,3,93,1,0,0,15
893,4,93,1,0,0,6
893,5,93,1,0,0,5
893,6,93,1,0,0,9
893,7,93,1,0,0,8
893,8,93,1,0,0,8
893,9,93,1,0,0,5
893,10,93,1,1,1,9
893,11,93,1,1,1,5
893,12,93,1,1,1,7
893,13,93,1,1,1,6
893,14,93,1,1,1,12
893,15,93,1,1,1,8
893,16,93,1,1,1,5
893,17,93,1,1,1,7
893,18,93,1,1,1,11
893,19,93,1,1,1,9
894,0,94,1,0,0,5
894,1,94,1,0,0,13
894,2,94,1,0,0,8
894,3,94,1,0,0,5
894,4,94,1,0,0,6
894,5,94,1,0,0,4
894,6,94,1,0,0,8
894,7,94,1,0,0,10
894,8,94,1,0,0,21
894,9,94,1,0,0,8
894,10,94,1,1,1,8
894,11,94,1,1,1,7
894,12,94,1,1,1,9
894,13,94,1,1,1,6
894,14,94,1,1,1,7
894,15,94,1,1,1,8
894,16,94,1,1,1,9
894,17,94,1,1,1,10
894,18,94,1,1,1,6
894,19,94,1,1,1,15
895,0,95,1,0,0,8
895,1,95,1,0,0,13
895,2,95,1,0,0,6
895,3,95,1,0,0,5
895,4,95,1,0,0,21
895,5,95,1,0,0,10
895,6,95,1,0,0,6
895,7,95,1,0,0,6
895,8,95,1,0,0,7
895,9,95,1,0,0,8
895,10,95,1,1,1,15
895,11,95,1,1,1,7
895,12,95,1,1,1,6
895,13,95,1,1,1,7
895,14,95,1,1,1,11
895,15,95,1,1,1,10
895,16,95,1,1,1,13
895,17,95,1,1,1,35
895,18,95,1,1,1,9
895,19,95,1,1,1,5
896,0,96,1,0,0,17
896,1,96,1,0,0,6
896,2,96,1,0,0,9
896,3,96,1,0,0,10
896,4,96,1,0,0,8
896,5,96,1,0,0,13
896,6,96,1,0,0,7
896,7,96,1,0,0,11
896,8,96,1,0,0,4
896,9,96,1,0,0,12
896,10,96,1,1,1,6
896,11,96,1,1,1,13
896,12,96,1,1,1,8
896,13,96,1,1,1,8
896,14,96,1,1,1,4
896,15,96,1,1,1,9
896,16,96,1,1,1,9
896,17,96,1,1,1,8
896,18,96,1,1,1,8
896,19,96,1,1,1,24
897,0,97,1,0,0,8
897,1,97,1,0,0,17
897,2,97,1,0,0,7
897,3,97,1,0,0,6
897,4,97,1,0,0,8
897,5,97,1,0,0,9
897,6,97,1,0,0,7
897,7,97,1,0,0,8
897,8,97,1,0,0,8
897,9,97,1,0,0,7
897,10,97,1,1,1,8
897,11,97,1,1,1,10
897,12,97,1,1,1,6
897,13,97,1,1,1,10
897,14,97,1,1,1,11
897,15,97,1,1,1,7
897,16,97,1,1,1,8
897,17,97,1,1,1,16
897,18,97,1,1,1,9
897,19,97,1,1,1,11
898,0,98,1,0,0,5
898,1,98,1,0,0,23
898,2,98,1,0,0,6
898,3,98,1,0,0,13
898,4,98,1,0,0,10
898,5,98,1,0,0,8
898,6,98,1,0,0,20
898,7,98,1,0,0,11
898,8,98,1,0,0,5
898,9,98,1,0,0,18
898,10,98,1,1,1,8
898,11,98,1,1,1,7
898,12,98,1,1,1,10
898,13,98,1,1,1,10
898,14,98,1,1,1,7
898,15,98,1,1,1,6
898,16,98,1,1,1,8
898,17,98,1,1,1,13
898,18,98,1,1,1,7
898,19,98,1,1,1,8
899,0,99,1,0,0,20
899,1,99,1,0,0,6
899,2,99,1,0,0,13
899,3,99,1,0,0,7
899,4,99,1,0,0,7
899,5,99,1,0,0,7
899,6,99,1,0,0,11
899,7,99,1,0,0,9
899,8,99,1,0,0,7
899,9,99,1,0,0,13
899,10,99,1,1,1,9
899,11,99,1,1,1,9
899,12,99,1,1,1,10
899,13,99,1,1,1,18
899,14,99,1,1,1,13
899,15,99,1,1,1,9
899,16,99,1,1,1,12
899,17,99,1,1,1,6
899,18,99,1,1,1,19
899,19,99,1,1,1,6
900,0,100,1,0,0,5
900,1,100,1,0,0,9
900,2,100,1,0,0,9
900,3,100,1,0,0,7
900,4,100,1,0,0,5
900,5,100,1,0,0,12
900,6,100,1,0,0,4
900,7,100,1,0,0,8
900,8,100,1,0,0,6
900,9,100,1,0,0,8
900,10,100,1,1,1,14
900,11,100,1,1,1,9
900,12,100,1,1,1,9
900,13,100,1,1,1,10
900,14,100,1,1,1,19
900,15,100,1,1,1,17
900,16,100,1,1,1,7
900,17,100,1,1,1,14
900,18,100,1,1,1,18
900,19,100,1,1,1,5
901,0,101,1,0,0,18
901,1,101,1,0,0,10
901,2,101,1,0,0,11
901,3,101,1,0,0,12
901,4,101,1,0,0,10
901,5,101,1,0,0,11
901,6,101,1,0,0,12
901,7,101,1,0,0,10
901,8,101,1,0,0,5
901,9,101,1,0,0,8
901,10,101,1,1,1,8
901,11,101,1,1,1,6
901,12,101,1,1,1,6
901,13,101,1,1,1,11
901,14,101,1,1,1,9
901,15,101,1,1,1,6
901,16,101,1,1,1,9
901,17,101,1,1,1,8
901,18,101,1,1,1,8
901,19,101,1,1,1,7
902,0,102,1,0,0,14
902,1,102,1,0,0,9
902,2,102,1,0,0,17
902,3,102,1,0,0,4
902,4,102,1,0,0,8
902,5,102,1,0,0,20
902,6,102,1,0,0,13
902,7,102,1,0,0,15
902,8,102,1,0,0,14
902,9,102,1,0,0,14
902,10,102,1,1,1,8
902,11,102,1,1,1,7
902,12,102,1,1,1,8
902,13,102,1,1,1,8
902,14,102,1,1,1,11
902,15,102,1,1,1,12
902,16,102,1,1,1,7
902,17,102,1,1,1,10
902,18,102,1,1,1,11
902,19,102,1,1,1,12
903,0,103,1,0,0,14
903,1,103,1,0,0,3
903,2,103,1,0,0,14
903,3,103,1,0,0,14
903,4,103,1,0,0,18
903,5,103,1,0,0,14
903,6,103,1,0,0,6
903,7,103,1,0,0,7
903,8,103,1,0,0,5
903,9,103,1,0,0,10
903,10,103,1,1,1,6
903,11,103,1,1,1,11
903,12,103,1,1,1,9
903,13,103,1,1,1,12
903,14,103,1,1,1,13
903,15,103,1,1,1,6
903,16,103,1,1,1,16
903,17,103,1,1,1,10
903,18,103,1,1,1,9
903,19,103,1,1,1,6
904,0,104,1,0,0,9
904,1,104,1,0,0,7
904,2,104,1,0,0,18
904,3,104,1,0,0,24
904,4,104,1,0,0,13
904,5,104,1,0,0,15
904,6,104,1,0,0,5
904,7,104,1,0,0,7
904,8,104,1,0,0,19
904,9,104,1,0,0,18
904,10,104,1,1,1,14
904,11,104,1,1,1,5
904,12,104,1,1,1,7
904,13,104,1,1,1,12
904,14,104,1,1,1,12
904,15,104,1,1,1,14
904,16,104,1,1,1,9
904,17,104,1,1,1,10
904,18,104,1,1,1,10
904,19,104,1,1,1,11
905,0,105,1,0,0,21
905,1,105,1,0,0,12
905,2,105,1,0,0,12
905,3,105,1,0,0,10
905,4,105,1,0,0,7
905,5,105,1,0,0,15
905,6,105,1,0,0,23
905,7,105,1,0,0,8
905,8,105,1,0,0,9
905,9,105,1,0,0,12
905,10,105,1,1,1,10
905,11,105,1,1,1,9
905,12,105,1,1,1,7
905,13,105,1,1,1,24
905,14,105,1,1,1,8
905,15,105,1,1,1,14
905,16,105,1,1,1,30
905,17,105,1,1,1,13
905,18,105,1,1,1,13
905,19,105,1,1,1,6
906,0,106,1,0,0,8
906,1,106,1,0,0,15
906,2,106,1,0,0,16
906,3,106,1,0,0,18
906,4,106,1,0,0,5
906,5,106,1,0,0,5
906,6,106,1,0,0,12
906,7,106,1,0,0,13
906,8,106,1,0,0,8
906,9,106,1,0,0,12
906,10,106,1,1,1,10
906,11,106,1,1,1,13
906,12,106,1,1,1,8
906,13,106,1,1,1,8
906,14,106,1,1,1,5
906,15,106,1,1,1,23
906,16,106,1,1,1,10
906,17,106,1,1,1,8
906,18,106,1,1,1,13
906,19,106,1,1,1,14
907,0,107,1,0,0,17
907,1,107,1,0,0,8
907,2,107,1,0,0,9
907,3,107,1,0,0,10
907,4,107,1,0,0,6
907,5,107,1,0,0,11
907,6,107,1,0,0,12
907,7,107,1,0,0,6
907,8,107,1,0,0,8
907,9,107,1,0,0,13
907,10,107,1,1,1,18
907,11,107,1,1,1,10
907,12,107,1,1,1,10
907,13,107,1,1,1,20
907,14,107,1,1,1,14
907,15,107,1,1,1,9
907,16,107,1,1,1,8
907,17,107,1,1,1,11
907,18,107,1,1,1,13
907,19,107,1,1,1,10
908,0,108,1,0,0,4
908,1,108,1,0,0,8
908,2,108,1,0,0,12
908,3,108,1,0,0,10
908,4,108,1,0,0,19
908,5,108,1,0,0,14
908,6,108,1,0,0,10
908,7,108,1,0,0,12
908,8,108,1,0,0,6
908,9,108,1,0,0,13
908,10,108,1,1,1,14
908,11,108,1,1,1,19
908,12,108,1,1,1,9
908,13,108,1,1,1,10
908,14,108,1,1,1,10
908,15,108,1,1,1,7
908,16,108,1,1,1,8
908,17,108,1,1,1,12
908,18,108,1,1,1,21
908,19,108,1,1,1,14
909,0,109,1,0,0,5
909,1,109,1,0,0,10
909,2,109,1,0,0,8
909,3,109,1,0,0,8
909,4,109,1,0,0,24
909,5,109,1,0,0,10
909,6,109,1,0,0,10
909,7,109,1,0,0,13
909,8,109,1,0,0,15
909,9,109,1,0,0,10
909,10,109,1,1,1,10
909,11,109,1,1,1,7
909,12,109,1,1,1,8
909,13,109,1,1,1,12
909,14,109,1,1,1,10
909,15,109,1,1,1,17
909,16,109,1,1,1,8
909,17,109,1,1,1,15
909,18,109,1,1,1,18
909,19,109,1,1,1,14
910,0,110,1,0,0,5
910,1,110,1,0,0,12
910,2,110,1,0,0,8
910,3,110,1,0,0,18
910,4,110,1,0,0,9
910,5,110,1,0,0,7
910,6,110,1,0,0,17
910,7,110,1,0,0,5
910,8,110,1,0,0,13
910,9,110,1,0,0,9
910,10,110,1,1,1,16
910,11,110,1,1,1,17
910,12,110,1,1,1,14
910,13,110,1,1,1,10
910,14,110,1,1,1,6
910,15,110,1,1,1,13
910,16,110,1,1,1,12
910,17,110,1,1,1,5
910,18,110,1,1,1,12
910,19,110,1,1,1,7
911,0,111,1,0,0,12
911,1,111,1,0,0,8
911,2,111,1,0,0,11
911,3,111,1,0,0,6
911,4,111,1,0,0,6
911,5,111,1,0,0,10
911,6,111,1,0,0,11
911,7,111,1,0,0,15
911,8,111,1,0,0,11
911,9,111,1,0,0,4
911,10,111,1,1,1,30
911,11,111,1,1,1,14
911,12,111,1,1,1,10
911,13,111,1,1,1,11
911,14,111,1,1,1,16
911,15,111,1,1,1,10
911,16,111,1,1,1,9
911,17,111,1,1,1,12
911,18,111,1,1,1,7
911,19,111,1,1,1,10
912,0,112,1,0,0,10
912,1,112,1,0,0,26
912,2,112,1,0,0,10
912,3,112,1,0,0,8
912,4,112,1,0,0,5
912,5,112,1,0,0,12
912,6,112,1,0,0,19
912,7,112,1,0,0,14
912,8,112,1,0,0,9
912,9,112,1,0,0,13
912,10,112,1,1,1,10
912,11,112,1,1,1,9
912,12,112,1,1,1,11
912,13,112,1,1,1,10
912,14,112,1,1,1,13
912,15,112,1,1,1,6
912,16,112,1,1,1,9
912,17,112,1,1,1,6
912,18,112,1,1,1,15
912,19,112,1,1,1,8
913,0,113,1,0,0,20
913,1,113,1,0,0,9
913,2,113,1,0,0,39
913,3,113,1,0,0,24
913,4,113,1,0,0,7
913,5,113,1,0,0,13
913,6,113,1,0,0,6
913,7,113,1,0,0,15
913,8,113,1,0,0,15
913,9,113,1,0,0,15
913,10,113,1,1,1,17
913,11,113,1,1,1,24
913,12,113,1,1,1,8
913,13,113,1,1,1,9
913,14,113,1,1,1,16
913,15,113,1,1,1,12
913,16,113,1,1,1,23
913,17,113,1,1,1,12
913,18,113,1,1,1,13
913,19,113,1,1,1,7
914,0,114,1,0,0,10
914,1,114,1,0,0,5
914,2,114,1,0,0,4
914,3,114,1,0,0,7
914,4,114,1,0,0,7
914,5,114,1,0,0,7
914,6,114,1,0,0,9
914,7,114,1,0,0,13
914,8,114,1,0,0,9
914,9,114,1,0,0,17
914,10,114,1,1,1,16
914,11,114,1,1,1,14
914,12,114,1,1,1,11
914,13,114,1,1,1,9
914,14,114,1,1,1,13
914,15,114,1,1,1,17
914,16,114,1,1,1,7
914,17,114,1,1,1,6
914,18,114,1,1,1,21
914,19,114,1,1,1,12
915,0,115,1,0,0,17
915,1,115,1,0,0,9
915,2,115,1,0,0,15
915,3,115,1,0,0,9
915,4,115,1,0,0,8
915,5,115,1,0,0,13
915,6,115,1,0,0,6
915,7,115,1,0,0,6
915,8,115,1,0,0,6
915,9,115,1,0,0,26
915,10,115,1,1,1,16
915,11,115,1,1,1,20
915,12,115,1,1,1,15
915,13,115,1,1,1,20
915,14,115,1,1,1,22
915,15,115,1,1,1,11
915,16,115,1,1,1,13
915,17,115,1,1,1,16
915,18,115,1,1,1,10
915,19,115,1,1,1,6
916,0,116,1,0,0,4
916,1,116,1,0,0,13
916,2,116,1,0,0,28
916,3,116,1,0,0,21
916,4,116,1,0,0,15
916,5,116,1,0,0,18
916,6,116,1,0,0,20
916,7,116,1,0,0,7
916,8,116,1,0,0,12
916,9,116,1,0,0,11
916,10,116,1,1,1,8
916,11,116,1,1,1,10
916,12,116,1,1,1,9
916,13,116,1,1,1,16
916,14,116,1,1,1,9
916,15,116,1,1,1,17
916,16,116,1,1,1,8
916,17,116,1,1,1,14
916,18,116,1,1,1,10
916,19,116,1,1,1,11
917,0,117,1,0,0,10
917,1,117,1,0,0,16
917,2,117,1,0,0,17
917,3,117,1,0,0,10
917,4,117,1,0,0,26
917,5,117,1,0,0,14
917,6,117,1,0,0,13
917,7,117,1,0,0,20
917,8,117,1,0,0,21
917,9,117,1,0,0,22
917,10,117,1,1,1,14
917,11,117,1,1,1,11
917,12,117,1,1,1,29
917,13,117,1,1,1,18
917,14,117,1,1,1,19
917,15,117,1,1,1,17
917,16,117,1,1,1,18
917,17,117,1,1,1,9
917,18,117,1,1,1,12
917,19,117,1,1,1,9
918,0,118,1,0,0,6
918,1,118,1,0,0,5
918,2,118,1,0,0,10
918,3,118,1,0,0,10
918,4,118,1,0,0,10
918,5,118,1,0,0,7
918,6,118,1,0,0,12
918,7,118,1,0,0,15
918,8,118,1,0,0,6
918,9,118,1,0,0,10
918,10,118,1,1,1,8
918,11,118,1,1,1,12
918,12,118,1,1,1,14
918,13,118,1,1,1,11
918,14,118,1,1,1,8
918,15,118,1,1,1,23
918,16,118,1,1,1,5
918,17,118,1,1,1,5
918,18,118,1,1,1,22
918,19,118,1,1,1,8
919,0,119,1,0,0,5
919,1,119,1,0,0,17
919,2,119,1,0,0,13
919,3,119,1,0,0,25
919,4,119,1,0,0,12
919,5,119,1,0,0,9
919,6,119,1,0,0,5
919,7,119,1,0,0,10
919,8,119,1,0,0,7
919,9,119,1,0,0,16
919,10,119,1,1,1,16
919,11,119,1,1,1,8
919,12,119,1,1,1,10
919,13,119,1,1,1,6
919,14,119,1,1,1,14
919,15,119,1,1,1,9
919,16,119,1,1,1,13
919,17,119,1,1,1,13
919,18,119,1,1,1,5
919,19,119,1,1,1,7
920,0,120,1,0,0,7
920,1,120,1,0,0,8
920,2,120,1,0,0,16
920,3,120,1,0,0,18
920,4,120,1,0,0,10
920,5,120,1,0,0,10
920,6,120,1,0,0,8
920,7,120,1,0,0,5
920,8,120,1,0,0,5
920,9,120,1,0,0,12
920,10,120,1,1,1,12
920,11,120,1,1,1,9
920,12,120,1,1,1,7
920,13,120,1,1,1,13
920,14,120,1,1,1,8
920,15,120,1,1,1,14
920,16,120,1,1,1,7
920,17,120,1,1,1,17
920,18,120,1,1,1,14
920,19,120,1,1,1,8
921,0,121,1,0,0,10
921,1,121,1,0,0,16
921,2,121,1,0,0,14
921,3,121,1,0,0,14
921,4,121,1,0,0,26
921,5,121,1,0,0,7
921,6,121,1,0,0,14
921,7,121,1,0,0,16
921,8,121,1,0,0,7
921,9,121,1,0,0,7
921,10,121,1,1,1,15
921,11,121,1,1,1,15
921,12,121,1,1,1,14
921,13,121,1,1,1,8
921,14,121,1,1,1,6
921,15,121,1,1,1,14
921,16,121,1,1,1,22
921,17,121,1,1,1,12
921,18,121,1,1,1,11
921,19,121,1,1,1,9
922,0,122,1,0,0,5
922,1,122,1,0,0,16
922,2,122,1,0,0,14
922,3,122,1,0,0,13
922,4,122,1,0,0,7
922,5,122,1,0,0,13
922,6,122,1,0,0,8
922,7,122,1,0,0,6
922,8,122,1,0,0,13
922,9,122,1,0,0,7
922,10,122,1,1,1,18
922,11,122,1,1,1,12
922,12,122,1,1,1,5
922,13,122,1,1,1,15
922,14,122,1,1,1,10
922,15,122,1,1,1,17
922,16,122,1,1,1,17
922,17,122,1,1,1,16
922,18,122,1,1,1,16
922,19,122,1,1,1,12
923,0,123,1,0,0,22
923,1,123,1,0,0,9
923,2,123,1,0,0,3
923,3,123,1,0,0,16
923,4,123,1,0,0,4
923,5,123,1,0,0,14
923,6,123,1,0,0,11
923,7,123,1,0,0,22
923,8,123,1,0,0,6
923,9,123,1,0,0,9
923,10,123,1,1,1,7
923,11,123,1,1,1,11
923,12,123,1,1,1,6
923,13,123,1,1,1,10
923,14,123,1,1,1,8
923,15,123,1,1,1,8
923,16,123,1,1,1,16
923,17,123,1,1,1,20
923,18,123,1,1,1,15
923,19,123,1,1,1,14
924,0,124,1,0,0,13
924,1,124,1,0,0,8
924,2,124,1,0,0,25
924,3,124,1,0,0,12
924,4,124,1,0,0,12
924,5,124,1,0,0,16
924,6,124,1,0,0,13
924,7,124,1,0,0,10
924,8,124,1,0,0,7
924,9,124,1,0,0,16
924,10,124,1,1,1,9
924,11,124,1,1,1,10
924,12,124,1,1,1,11
924,13,124,1,1,1,17
924,14,124,1,1,1,11
924,15,124,1,1,1,14
924,16,124,1,1,1,18
924,17,124,1,1,1,10
924,18,124,1,1,1,22
924,19,124,1,1,1,8
925,0,125,1,0,0,7
925,1,125,1,0,0,10
925,2,125,1,0,0,6
925,3,125,1,0,0,17
925,4,125,1,0,0,5
925,5,125,1,0,0,9
925,6,125,1,0,0,19
925,7,125,1,0,0,7
925,8,125,1,0,0,6
925,9,125,1,0,0,15
925,10,125,1,1,1,11
925,11,125,1,1,1,15
925,12,125,1,1,1,9
925,13,125,1,1,1,13
925,14,125,1,1,1,14
925,15,125,1,1,1,14
925,16,125,1,1,1,24
925,17,125,1,1,1,17
925,18,125,1,1,1,20
925,19,125,1,1,1,16
926,0,126,1,0,0,11
926,1,126,1,0,0,6
926,2,126,1,0,0,12
926,3,126,1,0,0,18
926,4,126,1,0,0,20
926,5,126,1,0,0,8
926,6,126,1,0,0,15
926,7,126,1,0,0,12
926,8,126,1,0,0,12
926,9,126,1,0,0,14
926,10,126,1,1,1,25
926,11,126,1,1,1,6
926,12,126,1,1,1,5
926,13,126,1,1,1,10
926,14,126,1,1,1,16
926,15,126,1,1,1,12
926,16,126,1,1,1,13
926,17,126,1,1,1,14
926,18,126,1,1,1,14
926,19,126,1,1,1,8
927,0,127,1,0,0,15
927,1,127,1,0,0,8
927,2,127,1,0,0,20
927,3,127,1,0,0,9
927,4,127,1,0,0,8
927,5,127,1,0,0,12
927,6,127,1,0,0,10
927,7,127,1,0,0,16
927,8,127,1,0,0,22
927,9,127,1,0,0,7
927,10,127,1,1,1,13
927,11,127,1,1,1,30
927,12,127,1,1,1,12
927,13,127,1,1,1,17
927,14,127,1,1,1,15
927,15,127,1,1,1,19
927,16,127,1,1,1,23
927,17,127,1,1,1,29
927,18,127,1,1,1,14
927,19,127,1,1,1,8
928,0,128,1,0,0,6
928,1,128,1,0,0,14
928,2,128,1,0,0,7
928,3,128,1,0,0,10
928,4,128,1,0,0,14
928,5,128,1,0,0,6
928,6,128,1,0,0,9
928,7,128,1,0,0,14
928,8,128,1,0,0,11
928,9,128,1,0,0,9
928,10,128,1,1,1,12
928,11,128,1,1,1,20
928,12,128,1,1,1,11
928,13,128,1,1,1,9
928,14,128,1,1,1,20
928,15,128,1,1,1,22
928,16,128,1,1,1,14
928,17,128,1,1,1,30
928,18,128,1,1,1,16
928,19,128,1,1,1,13
929,0,129,1,0,0,15
929,1,129,1,0,0,9
929,2,129,1,0,0,11
929,3,129,1,0,0,18
929,4,129,1,0,0,6
929,5,129,1,0,0,10
929,6,129,1,0,0,10
929,7,129,1,0,0,18
929,8,129,1,0,0,15
929,9,129,1,0,0,8
929,10,129,1,1,1,12
929,11,129,1,1,1,16
929,12,129,1,1,1,26
929,13,129,1,1,1,15
929,14,129,1,1,1,10
929,15,129,1,1,1,11
929,16,129,1,1,1,23
929,17,129,1,1,1,8
929,18,129,1,1,1,15
929,19,129,1,1,1,13
930,0,130,1,0,0,14
930,1,130,1,0,0,11
930,2,130,1,0,0,21
930,3,130,1,0,0,11
930,4,130,1,0,0,13
930,5,130,1,0,0,21
930,6,130,1,0,0,15
930,7,130,1,0,0,17
930,8,130,1,0,0,8
930,9,130,1,0,0,17
930,10,130,1,1,1,16
930,11,130,1,1,1,12
930,12,130,1,1,1,7
930,13,130,1,1,1,22
930,14,130,1,1,1,11
930,15,130,1,1,1,13
930,16,130,1,1,1,13
930,17,130,1,1,1,12
930,18,130,1,1,1,6
930,19,130,1,1,1,15
931,0,131,1,0,0,10
931,1,131,1,0,0,35
931,2,131,1,0,0,9
931,3,131,1,0,0,12
931,4,131,1,0,0,12
931,5,131,1,0,0,9
931,6,131,1,0,0,7
931,7,131,1,0,0,16
931,8,131,1,0,0,19
931,9,131,1,0,0,13
931,10,131,1,1,1,10
931,11,131,1,1,1,10
931,12,131,1,1,1,14
931,13,131,1,1,1,12
931,14,131,1,1,1,17
931,15,131,1,1,1,15
931,16,131,1,1,1,14
931,17,131,1,1,1,18
931,18,131,1,1,1,10
931,19,131,1,1,1,12
932,0,132,1,0,0,15
932,1,132,1,0,0,15
932,2,132,1,0,0,17
932,3,132,1,0,0,11
932,4,132,1,0,0,11
932,5,132,1,0,0,9
932,6,132,1,0,0,12
932,7,132,1,0,0,9
932,8,132,1,0,0,18
932,9,132,1,0,0,13
932,10,132,1,1,1,9
932,11,132,1,1,1,13
932,12,132,1,1,1,19
932,13,132,1,1,1,12
932,14,132,1,1,1,12
932,15,132,1,1,1,23
932,16,132,1,1,1,11
932,17,132,1,1,1,16
932,18,132,1,1,1,8
932,19,132,1,1,1,13
933,0,133,1,0,0,20
933,1,133,1,0,0,20
933,2,133,1,0,0,18
933,3,133,1,0,0,26
933,4,133,1,0,0,10
933,5,133,1,0,0,19
933,6,133,1,0,0,14
933,7,133,1,0,0,13
933,8,133,1,0,0,7
933,9,133,1,0,0,11
933,10,133,1,1,1,8
933,11,133,1,1,1,9
933,12,133,1,1,1,17
933,13,133,1,1,1,10
933,14,133,1,1,1,12
933,15,133,1,1,1,15
933,16,133,1,1,1,17
933,17,133,1,1,1,14
933,18,133,1,1,1,13
933,19,133,1,1,1,14
934,0,134,1,0,0,35
934,1,134,1,0,0,32
934,2,134,1,0,0,25
934,3,134,1,0,0,21
934,4,134,1,0,0,10
934,5,134,1,0,0,17
934,6,134,1,0,0,23
934,7,134,1,0,0,13
934,8,134,1,0,0,7
934,9,134,1,0,0,17
934,10,134,1,1,1,12
934,11,134,1,1,1,22
934,12,134,1,1,1,8
934,13,134,1,1,1,8
934,14,134,1,1,1,21
934,15,134,1,1,1,14
934,16,134,1,1,1,9
934,17,134,1,1,1,9
934,18,134,1,1,1,16
934,19,134,1,1,1,10
935,0,135,1,0,0,20
935,1,135,1,0,0,11
935,2,135,1,0,0,5
935,3,135,1,0,0,15
935,4,135,1,0,0,22
935,5,135,1,0,0,6
935,6,135,1,0,0,10
935,7,135,1,0,0,11
935,8,135,1,0,0,21
935,9,135,1,0,0,15
935,10,135,1,1,1,8
935,11,135,1,1,1,22
935,12,135,1,1,1,19
935,13,135,1,1,1,28
935,14,135,1,1,1,11
935,15,135,1,1,1,12
935,16,135,1,1,1,15
935,17,135,1,1,1,16
935,18,135,1,1,1,13
935,19,135,1,1,1,25
936,0,136,1,0,0,19
936,1,136,1,0,0,11
936,2,136,1,0,0,29
936,3,136,1,0,0,18
936,4,136,1,0,0,5
936,5,136,1,0,0,22
936,6,136,1,0,0,7
936,7,136,1,0,0,17
936,8,136,1,0,0,8
936,9,136,1,0,0,16
936,10,136,1,1,1,14
936,11,136,1,1,1,9
936,12,136,1,1,1,15
936,13,136,1,1,1,15
936,14,136,1,1,1,8
936,15,136,1,1,1,10
936,16,136,1,1,1,25
936,17,136,1,1,1,13
936,18,136,1,1,1,13
936,19,136,1,1,1,14
937,0,137,1,0,0,17
937,1,137,1,0,0,38
937,2,137,1,0,0,11
937,3,137,1,0,0,19
937,4,137,1,0,0,18
937,5,137,1,0,0,11
937,6,137,1,0,0,12
937,7,137,1,0,0,20
937,8,137,1,0,0,16
937,9,137,1,0,0,19
937,10,137,1,1,1,12
937,11,137,1,1,1,23
937,12,137,1,1,1,9
937,13,137,1,1,1,12
937,14,137,1,1,1,14
937,15,137,1,1,1,20
937,16,137,1,1,1,8
937,17,137,1,1,1,11
937,18,137,1,1,1,19
937,19,137,1,1,1,9
938,0,138,1,0,0,24
938,1,138,1,0,0,15
938,2,138,1,0,0,12
938,3,138,1,0,0,19
938,4,138,1,0,0,25
938,5,138,1,0,0,17
938,6,138,1,0,0,9
938,7,138,1,0,0,15
938,8,138,1,0,0,11
938,9,138,1,0,0,7
938,10,138,1,1,1,9
938,11,138,1,1,1,10
938,12,138,1,1,1,14
938,13,138,1,1,1,13
938,14,138,1,1,1,19
938,15,138,1,1,1,12
938,16,138,1,1,1,9
938,17,138,1,1,1,29
938,18,138,1,1,1,18
938,19,138,1,1,1,14
939,0,139,1,0,0,16
939,1,139,1,0,0,36
939,2,139,1,0,0,17
939,3,139,1,0,0,12
939,4,139,1,0,0,13
939,5,139,1,0,0,21
939,6,139,1,0,0,22
939,7,139,1,0,0,9
939,8,139,1,0,0,14
939,9,139,1,0,0,28
939,10,139,1,1,1,12
939,11,139,1,1,1,17
939,12,139,1,1,1,17
939,13,139,1,1,1,26
939,14,139,1,1,1,14
939,15,139,1,1,1,11
939,16,139,1,1,1,18
939,17,139,1,1,1,17
939,18,139,1,1,1,22
939,19,139,1,1,1,12
940,0,140,1,0,0,18
940,1,140,1,0,0,45
940,2,140,1,0,0,6
940,3,140,1,0,0,14
940,4,140,1,0,0,13
940,5,140,1,0,0,9
940,6,140,1,0,0,25
940,7,140,1,0,0,11
940,8,140,1,0,0,10
940,9,140,1,0,0,6
940,10,140,1,1,1,18
940,11,140,1,1,1,21
940,12,140,1,1,1,16
940,13,140,1,1,1,11
940,14,140,1,1,1,19
940,15,140,1,1,1,15
940,16,140,1,1,1,25
940,17,140,1,1,1,11
940,18,140,1,1,1,30
940,19,140,1,1,1,24
941,0,141,1,0,0,9
941,1,141,1,0,0,11
941,2,141,1,0,0,22
941,3,141,1,0,0,12
941,4,141,1,0,0,18
941,5,141,1,0,0,15
941,6,141,1,0,0,8
941,7,141,1,0,0,21
941,8,141,1,0,0,21
941,9,141,1,0,0,10
941,10,141,1,1,1,19
941,11,141,1,1,1,14
941,12,141,1,1,1,17
941,13,141,1,1,1,11
941,14,141,1,1,1,14
941,15,141,1,1,1,24
941,16,141,1,1,1,26
941,17,141,1,1,1,25
941,18,141,1,1,1,7
941,19,141,1,1,1,15
942,0,142,1,0,0,17
942,1,142,1,0,0,7
942,2,142,1,0,0,20
942,3,142,1,0,0,26
942,4,142,1,0,0,11
942,5,142,1,0,0,4
942,6,142,1,0,0,20
942,7,142,1,0,0,12
942,8,142,1,0,0,20
942,9,142,1,0,0,26
942,10,142,1,1,1,13
942,11,142,1,1,1,9
942,12,142,1,1,1,10
942,13,142,1,1,1,10
942,14,142,1,1,1,15
942,15,142,1,1,1,11
942,16,142,1,1,1,15
942,17,142,1,1,1,8
942,18,142,1,1,1,14
942,19,142,1,1,1,8
943,0,143,1,0,0,10
943,1,143,1,0,0,11
943,2,143,1,0,0,13
943,3,143,1,0,0,27
943,4,143,1,0,0,24
943,5,143,1,0,0,11
943,6,143,1,0,0,17
943,7,143,1,0,0,34
943,8,143,1,0,0,13
943,9,143,1,0,0,8
943,10,143,1,1,1,15
943,11,143,1,1,1,25
943,12,143,1,1,1,18
943,13,143,1,1,1,17
943,14,143,1,1,1,18
943,15,143,1,1,1,16
943,16,143,1,1,1,8
943,17,143,1,1,1,21
943,18,143,1,1,1,21
943,19,143,1,1,1,21
944,0,144,1,0,0,3
944,1,144,1,0,0,14
944,2,144,1,0,0,17
944,3,144,1,0,0,11
944,4,144,1,0,0,16
944,5,144,1,0,0,22
944,6,144,1,0,0,14
944,7,144,1,0,0,17
944,8,144,1,0,0,22
944,9,144,1,0,0,20
944,10,144,1,1,1,17
944,11,144,1,1,1,13
944,12,144,1,1,1,26
944,13,144,1,1,1,17
944,14,144,1,1,1,10
944,15,144,1,1,1,9
944,16,144,1,1,1,10
944,17,144,1,1,1,18
944,18,144,1,1,1,13
944,19,144,1,1,1,18
945,0,145,1,0,0,14
945,1,145,1,0,0,28
945,2,145,1,0,0,21
945,3,145,1,0,0,16
945,4,145,1,0,0,10
945,5,145,1,0,0,12
945,6,145,1,0,0,8
945,7,145,1,0,0,14
945,8,145,1,0,0,7
945,9,145,1,0,0,7
945,10,145,1,1,1,9
945,11,145,1,1,1,18
945,12,145,1,1,1,13
945,13,145,1,1,1,15
945,14,145,1,1,1,19
945,15,145,1,1,1,11
945,16,145,1,1,1,17
945,17,145,1,1,1,12
945,18,145,1,1,1,9
945,19,145,1,1,1,11
946,0,146,1,0,0,14
946,1,146,1,0,0,15
946,2,146,1,0,0,14
946,3,146,1,0,0,14
946,4,146,1,0,0,23
946,5,146,1,0,0,10
946,6,146,1,0,0,15
946,7,146,1,0,0,11
946,8,146,1,0,0,12
946,9,146,1,0,0,15
946,10,146,1,1,1,14
946,11,146,1,1,1,12
946,12,146,1,1,1,11
946,13,146,1,1,1,12
946,14,146,1,1,1,13
946,15,146,1,1,1,16
946,16,146,1,1,1,10
946,17,146,1,1,1,20
946,18,146,1,1,1,22
946,19,146,1,1,1,13
947,0,147,1,0,0,8
947,1,147,1,0,0,18
947,2,147,1,0,0,10
947,3,147,1,0,0,14
947,4,147,1,0,0,18
947,5,147,1,0,0,9
947,6,147,1,0,0,15
947,7,147,1,0,0,11
947,8,147,1,0,0,15
947,9,147,1,0,0,41
947,10,147,1,1,1,17
947,11,147,1,1,1,11
947,12,147,1,1,1,15
947,13,147,1,1,1,16
947,14,147,1,1,1,16
947,15,147,1,1,1,10
947,16,147,1,1,1,22
947,17,147,1,1,1,20
947,18,147,1,1,1,12
947,19,147,1,1,1,20
948,0,148,1,0,0,28
948,1,148,1,0,0,12
948,2,148,1,0,0,13
948,3,148,1,0,0,29
948,4,148,1,0,0,25
948,5,148,1,0,0,22
948,6,148,1,0,0,14
948,7,148,1,0,0,13
948,8,148,1,0,0,7
948,9,148,1,0,0,13
948,10,148,1,1,1,24
948,11,148,1,1,1,24
948,12,148,1,1,1,33
948,13,148,1,1,1,6
948,14,148,1,1,1,17
948,15,148,1,1,1,9
948,16,148,1,1,1,18
948,17,148,1,1,1,22
948,18,148,1,1,1,13
948,19,148,1,1,1,15
949,0,149,1,0,0,22
949,1,149,1,0,0,9
949,2,149,1,0,0,49
949,3,149,1,0,0,25
949,4,149,1,0,0,15
949,5,149,1,0,0,14
949,6,149,1,0,0,13
949,7,149,1,0,0,10
949,8,149,1,0,0,28
949,9,149,1,0,0,9
949,10,149,1,1,1,21
949,11,149,1,1,1,20
949,12,149,1,1,1,24
949,13,149,1,1,1,18
949,14,149,1,1,1,23
949,15,149,1,1,1,27
949,16,149,1,1,1,19
949,17,149,1,1,1,15
949,18,149,1,1,1,10
949,19,149,1,1,1,25
950,0,150,1,0,0,21
950,1,150,1,0,0,18
950,2,150,1,0,0,26
950,3,150,1,0,0,20
950,4,150,1,0,0,18
950,5,150,1,0,0,11
950,6,150,1,0,0,19
950,7,150,1,0,0,14
950,8,150,1,0,0,24
950,9,150,1,0,0,19
950,10,150,1,1,1,9
950,11,150,1,1,1,22
950,12,150,1,1,1,14
950,13,150,1,1,1,14
950,14,150,1,1,1,10
950,15,150,1,1,1,22
950,16,150,1,1,1,31
950,17,150,1,1,1,17
950,18,150,1,1,1,12
950,19,150,1,1,1,8
951,0,151,1,0,0,12
951,1,151,1,0,0,9
951,2,151,1,0,0,19
951,3,151,1,0,0,24
951,4,151,1,0,0,9
951,5,151,1,0,0,22
951,6,151,1,0,0,10
951,7,151,1,0,0,20
951,8,151,1,0,0,7
951,9,151,1,0,0,31
951,10,151,1,1,1,20
951,11,151,1,1,1,17
951,12,151,1,1,1,11
951,13,151,1,1,1,11
951,14,151,1,1,1,14
951,15,151,1,1,1,16
951,16,151,1,1,1,25
951,17,151,1,1,1,15
951,18,151,1,1,1,16
951,19,151,1,1,1,16
952,0,152,1,0,0,30
952,1,152,1,0,0,10
952,2,152,1,0,0,13
952,3,152,1,0,0,15
952,4,152,1,0,0,14
952,5,152,1,0,0,15
952,6,152,1,0,0,12
952,7,152,1,0,0,7
952,8,152,1,0,0,10
952,9,152,1,0,0,21
952,10,152,1,1,1,16
952,11,152,1,1,1,15
952,12,152,1,1,1,14
952,13,152,1,1,1,22
952,14,152,1,1,1,29
952,15,152,1,1,1,11
952,16,152,1,1,1,10
952,17,152,1,1,1,16
952,18,152,1,1,1,11
952,19,152,1,1,1,13
953,0,153,1,0,0,27
953,1,153,1,0,0,11
953,2,153,1,0,0,14
953,3,153,1,0,0,10
953,4,153,1,0,0,21
953,5,153,1,0,0,12
953,6,153,1,0,0,15
953,7,153,1,0,0,11
953,8,153,1,0,0,17
953,9,153,1,0,0,15
953,10,153,1,1,1,13
953,11,153,1,1,1,22
953,12,153,1,1,1,19
953,13,153,1,1,1,27
953,14,153,1,1,1,15
953,15,153,1,1,1,11
953,16,153,1,1,1,19
953,17,153,1,1,1,22
953,18,153,1,1,1,15
953,19,153,1,1,1,12
954,0,154,1,0,0,18
954,1,154,1,0,0,24
954,2,154,1,0,0,18
954,3,154,1,0,0,15
954,4,154,1,0,0,13
954,5,154,1,0,0,15
954,6,154,1,0,0,28
954,7,154,1,0,0,18
954,8,154,1,0,0,9
954,9,154,1,0,0,12
954,10,154,1,1,1,19
954,11,154,1,1,1,18
954,12,154,1,1,1,10
954,13,154,1,1,1,9
954,14,154,1,1,1,11
954,15,154,1,1,1,14
954,16,154,1,1,1,16
954,17,154,1,1,1,17
954,18,154,1,1,1,12
954,19,154,1,1,1,17
955,0,155,1,0,0,13
955,1,155,1,0,0,13
955,2,155,1,0,0,27
955,3,155,1,0,0,9
955,4,155,1,0,0,13
955,5,155,1,0,0,30
955,6,155,1,0,0,23
955,7,155,1,0,0,12
955,8,155,1,0,0,25
955,9,155,1,0,0,19
955,10,155,1,1,1,26
955,11,155,1,1,1,28
955,12,155,1,1,1,19
955,13,155,1,1,1,17
955,14,155,1,1,1,11
955,15,155,1,1,1,7
955,16,155,1,1,1,11
955,17,155,1,1,1,16
955,18,155,1,1,1,15
955,19,155,1,1,1,20
956,0,156,1,0,0,7
956,1,156,1,0,0,10
956,2,156,1,0,0,18
956,3,156,1,0,0,13
956,4,156,1,0,0,31
956,5,156,1,0,0,24
956,6,156,1,0,0,20
956,7,156,1,0,0,11
956,8,156,1,0,0,10
956,9,156,1,0,0,17
956,10,156,1,1,1,21
956,11,156,1,1,1,22
956,12,156,1,1,1,13
956,13,156,1,1,1,30
956,14,156,1,1,1,12
956,15,156,1,1,1,14
956,16,156,1,1,1,9
956,17,156,1,1,1,16
956,18,156,1,1,1,28
956,19,156,1,1,1,27
957,0,157,1,0,0,14
957,1,157,1,0,0,10
957,2,157,1,0,0,21
957,3,157,1,0,0,14
957,4,157,1,0,0,13
957,5,157,1,0,0,36
957,6,157,1,0,0,19
957,7,157,1,0,0,28
957,8,157,1,0,0,29
957,9,157,1,0,0,27
957,10,157,1,1,1,19
957,11,157,1,1,1,27
957,12,157,1,1,1,10
957,13,157,1,1,1,12
957,14,157,1,1,1,11
957,15,157,1,1,1,43
957,16,157,1,1,1,22
957,17,157,1,1,1,13
957,18,157,1,1,1,16
957,19,157,1,1,1,20
958,0,158,1,0,0,16
958,1,158,1,0,0,14
958,2,158,1,0,0,10
958,3,158,1,0,0,15
958,4,158,1,0,0,10
958,5,158,1,0,0,23
958,6,158,1,0,0,18
958,7,158,1,0,0,13
958,8,158,1,0,0,18
958,9,158,1,0,0,10
958,10,158,1,1,1,17
958,11,158,1,1,1,13
958,12,158,1,1,1,11
958,13,158,1,1,1,12
958,14,158,1,1,1,24
958,15,158,1,1,1,23
958,16,158,1,1,1,13
958,17,158,1,1,1,13
958,18,158,1,1,1,10
958,19,158,1,1,1,29
959,0,159,1,0,0,20
959,1,159,1,0,0,18
959,2,159,1,0,0,17
959,3,159,1,0,0,11
959,4,159,1,0,0,21
959,5,159,1,0,0,19
959,6,159,1,0,0,11
959,7,159,1,0,0,12
959,8,159,1,0,0,10
959,9,159,1,0,0,15
959,10,159,1,1,1,12
959,11,159,1,1,1,10
959,12,159,1,1,1,18
959,13,159,1,1,1,12
959,14,159,1,1,1,20
959,15,159,1,1,1,14
959,16,159,1,1,1,24
959,17,159,1,1,1,13
959,18,159,1,1,1,14
959,19,159,1,1,1,15
960,0,160,1,0,0,33
960,1,160,1,0,0,17
960,2,160,1,0,0,12
960,3,160,1,0,0,9
960,4,160,1,0,0,16
960,5,160,1,0,0,22
960,6,160,1,0,0,8
960,7,160,1,0,0,24
960,8,160,1,0,0,23
960,9,160,1,0,0,17
960,10,160,1,1,1,21
960,11,160,1,1,1,25
960,12,160,1,1,1,33
960,13,160,1,1,1,15
960,14,160,1,1,1,13
960,15,160,1,1,1,15
960,16,160,1,1,1,10
960,17,160,1,1,1,17
960,18,160,1,1,1,18
960,19,160,1,1,1,13
961,0,161,1,0,0,8
961,1,161,1,0,0,22
961,2,161,1,0,0,7
961,3,161,1,0,0,12
961,4,161,1,0,0,18
961,5,161,1,0,0,23
961,6,161,1,0,0,15
961,7,161,1,0,0,15
961,8,161,1,0,0,11
961,9,161,1,0,0,15
961,10,161,1,1,1,17
961,11,161,1,1,1,25
961,12,161,1,1,1,19
961,13,161,1,1,1,11
961,14,161,1,1,1,8
961,15,161,1,1,1,9
961,16,161,1,1,1,11
961,17,161,1,1,1,19
961,18,161,1,1,1,19
961,19,161,1,1,1,17
962,0,162,1,0,0,20
962,1,162,1,0,0,26
962,2,162,1,0,0,17
962,3,162,1,0,0,19
962,4,162,1,0,0,21
962,5,162,1,0,0,26
962,6,162,1,0,0,20
962,7,162,1,0,0,12
962,8,162,1,0,0,17
962,9,162,1,0,0,13
962,10,162,1,1,1,16
962,11,162,1,1,1,15
962,12,162,1,1,1,12
962,13,162,1,1,1,13
962,14,162,1,1,1,20
962,15,162,1,1,1,15
962,16,162,1,1,1,19
962,17,162,1,1,1,14
962,18,162,1,1,1,19
962,19,162,1,1,1,13
963,0,163,1,0,0,11
963,1,163,1,0,0,11
963,2,163,1,0,0,17
963,3,163,1,0,0,12
963,4,163,1,0,0,40
963,5,163,1,0,0,23
963,6,163,1,0,0,37
963,7,163,1,0,0,16
963,8,163,1,0,0,10
963,9,163,1,0,0,13
963,10,163,1,1,1,19
963,11,163,1,1,1,22
963,12,163,1,1,1,14
963,13,163,1,1,1,23
963,14,163,1,1,1,37
963,15,163,1,1,1,22
963,16,163,1,1,1,22
963,17,163,1,1,1,8
963,18,163,1,1,1,41
963,19,163,1,1,1,22
964,0,164,1,0,0,25
964,1,164,1,0,0,20
964,2,164,1,0,0,12
964,3,164,1,0,0,12
964,4,164,1,0,0,16
964,5,164,1,0,0,12
964,6,164,1,0,0,13
964,7,164,1,0,0,20
964,8,164,1,0,0,27
964,9,164,1,0,0,11
964,10,164,1,1,1,24
964,11,164,1,1,1,13
964,12,164,1,1,1,24
964,13,164,1,1,1,18
964,14,164,1,1,1,24
964,15,164,1,1,1,23
964,16,164,1,1,1,13
964,17,164,1,1,1,9
964,18,164,1,1,1,28
964,19,164,1,1,1,21
965,0,165,1,0,0,37
965,1,165,1,0,0,14
965,2,165,1,0,0,18
965,3,165,1,0,0,11
965,4,165,1,0,0,52
965,5,165,1,0,0,8
965,6,165,1,0,0,24
965,7,165,1,0,0,14
965,8,165,1,0,0,20
965,9,165,1,0,0,16
965,10,165,1,1,1,15
965,11,165,1,1,1,23
965,12,165,1,1,1,19
965,13,165,1,1,1,18
965,14,165,1,1,1,17
965,15,165,1,1,1,15
965,16,165,1,1,1,15
965,17,165,1,1,1,15
965,18,165,1,1,1,17
965,19,165,1,1,1,20
966,0,166,1,0,0,13
966,1,166,1,0,0,18
966,2,166,1,0,0,20
966,3,166,1,0,0,10
966,4,166,1,0,0,18
966,5,166,1,0,0,34
966,6,166,1,0,0,19
966,7,166,1,0,0,19
966,8,166,1,0,0,24
966,9,166,1,0,0,21
966,10,166,1,1,1,8
966,11,166,1,1,1,41
966,12,166,1,1,1,15
966,13,166,1,1,1,5
966,14,166,1,1,1,10
966,15,166,1,1,1,23
966,16,166,1,1,1,14
966,17,166,1,1,1,32
966,18,166,1,1,1,15
966,19,166,1,1,1,19
967,0,167,1,0,0,19
967,1,167,1,0,0,8
967,2,167,1,0,0,24
967,3,167,1,0,0,35
967,4,167,1,0,0,21
967,5,167,1,0,0,14
967,6,167,1,0,0,8
967,7,167,1,0,0,7
967,8,167,1,0,0,23
967,9,167,1,0,0,12
967,10,167,1,1,1,18
967,11,167,1,1,1,14
967,12,167,1,1,1,17
967,13,167,1,1,1,23
967,14,167,1,1,1,19
967,15,167,1,1,1,20
967,16,167,1,1,1,33
967,17,167,1,1,1,20
967,18,167,1,1,1,15
967,19,167,1,1,1,21
968,0,168,1,0,0,19
968,1,168,1,0,0,18
968,2,168,1,0,0,13
968,3,168,1,0,0,16
968,4,168,1,0,0,12
968,5,168,1,0,0,11
968,6,168,1,0,0,22
968,7,168,1,0,0,30
968,8,168,1,0,0,21
968,9,168,1,0,0,14
968,10,168,1,1,1,16
968,11,168,1,1,1,30
968,12,168,1,1,1,15
968,13,168,1,1,1,12
968,14,168,1,1,1,13
968,15,168,1,1,1,24
968,16,168,1,1,1,12
968,17,168,1,1,1,22
968,18,168,1,1,1,23
968,19,168,1,1,1,19
969,0,169,1,0,0,23
969,1,169,1,0,0,14
969,2,169,1,0,0,18
969,3,169,1,0,0,24
969,4,169,1,0,0,17
969,5,169,1,0,0,9
969,6,169,1,0,0,34
969,7,169,1,0,0,23
969,8,169,1,0,0,13
969,9,169,1,0,0,11
969,10,169,1,1,1,14
969,11,169,1,1,1,20
969,12,169,1,1,1,20
969,13,169,1,1,1,13
969,14,169,1,1,1,27
969,15,169,1,1,1,16
969,16,169,1,1,1,24
969,17,169,1,1,1,23
969,18,169,1,1,1,30
969,19,169,1,1,1,34
970,0,170,1,0,0,14
970,1,170,1,0,0,45
970,2,170,1,0,0,26
970,3,170,1,0,0,20
970,4,170,1,0,0,22
970,5,170,1,0,0,21
970,6,170,1,0,0,24
970,7,170,1,0,0,22
970,8,170,1,0,0,24
970,9,170,1,0,0,17
970,10,170,1,1,1,20
970,11,170,1,1,1,20
970,12,170,1,1,1,24
970,13,170,1,1,1,10
970,14,170,1,1,1,11
970,15,170,1,1,1,16
970,16,170,1,1,1,18
970,17,170,1,1,1,21
970,18,170,1,1,1,22
970,19,170,1,1,1,16
971,0,171,1,0,0,29
971,1,171,1,0,0,19
971,2,171,1,0,0,30
971,3,171,1,0,0,14
971,4,171,1,0,0,8
971,5,171,1,0,0,15
971,6,171,1,0,0,21
971,7,171,1,0,0,12
971,8,171,1,0,0,12
971,9,171,1,0,0,33
971,10,171,1,1,1,16
971,11,171,1,1,1,23
971,12,171,1,1,1,16
971,13,171,1,1,1,16
971,14,171,1,1,1,25
971,15,171,1,1,1,16
971,16,171,1,1,1,12
971,17,171,1,1,1,19
971,18,171,1,1,1,13
971,19,171,1,1,1,18
972,0,172,1,0,0,13
972,1,172,1,0,0,16
972,2,172,1,0,0,17
972,3,172,1,0,0,22
972,4,172,1,0,0,12
972,5,172,1,0,0,16
972,6,172,1,0,0,46
972,7,172,1,0,0,21
972,8,172,1,0,0,17
972,9,172,1,0,0,10
972,10,172,1,1,1,15
972,11,172,1,1,1,48
972,12,172,1,1,1,27
972,13,172,1,1,1,9
972,14,172,1,1,1,19
972,15,172,1,1,1,13
972,16,172,1,1,1,17
972,17,172,1,1,1,21
972,18,172,1,1,1,21
972,19,172,1,1,1,22
973,0,173,1,0,0,21
973,1,173,1,0,0,20
973,2,173,1,0,0,15
973,3,173,1,0,0,11
973,4,173,1,0,0,16
973,5,173,1,0,0,14
973,6,173,1,0,0,31
973,7,173,1,0,0,28
973,8,173,1,0,0,40
973,9,173,1,0,0,19
973,10,173,1,1,1,29
973,11,173,1,1,1,26
973,12,173,1,1,1,10
973,13,173,1,1,1,15
973,14,173,1,1,1,26
973,15,173,1,1,1,26
973,16,173,1,1,1,24
973,17,173,1,1,1,25
973,18,173,1,1,1,15
973,19,173,1,1,1,13
974,0,174,1,0,0,12
974,1,174,1,0,0,30
974,2,174,1,0,0,37
974,3,174,1,0,0,32
974,4,174,1,0,0,17
974,5,174,1,0,0,21
974,6,174,1,0,0,17
974,7,174,1,0,0,27
974,8,174,1,0,0,16
974,9,174,1,0,0,42
974,10,174,1,1,1,24
974,11,174,1,1,1,18
974,12,174,1,1,1,17
974,13,174,1,1,1,27
974,14,174,1,1,1,24
974,15,174,1,1,1,20
974,16,174,1,1,1,23
974,17,174,1,1,1,27
974,18,174,1,1,1,12
974,19,174,1,1,1,35
975,0,175,1,0,0,14
975,1,175,1,0,0,25
975,2,175,1,0,0,18
975,3,175,1,0,0,21
975,4,175,1,0,0,38
975,5,175,1,0,0,22
975,6,175,1,0,0,20
975,7,175,1,0,0,16
975,8,175,1,0,0,8
975,9,175,1,0,0,19
975,10,175,1,1,1,18
975,11,175,1,1,1,13
975,12,175,1,1,1,35
975,13,175,1,1,1,21
975,14,175,1,1,1,17
975,15,175,1,1,1,19
975,16,175,1,1,1,22
975,17,175,1,1,1,21
975,18,175,1,1,1,19
975,19,175,1,1,1,16
976,0,176,1,0,0,32
976,1,176,1,0,0,31
976,2,176,1,0,0,19
976,3,176,1,0,0,24
976,4,176,1,0,0,46
976,5,176,1,0,0,27
976,6,176,1,0,0,18
976,7,176,1,0,0,12
976,8,176,1,0,0,14
976,9,176,1,0,0,22
976,10,176,1,1,1,18
976,11,176,1,1,1,11
976,12,176,1,1,1,12
976,13,176,1,1,1,19
976,14,176,1,1,1,25
976,15,176,1,1,1,17
976,16,176,1,1,1,21
976,17,176,1,1,1,24
976,18,176,1,1,1,18
976,19,176,1,1,1,14
977,0,177,1,0,0,23
977,1,177,1,0,0,14
977,2,177,1,0,0,44
977,3,177,1,0,0,22
977,4,177,1,0,0,13
977,5,177,1,0,0,20
977,6,177,1,0,0,13
977,7,177,1,0,0,12
977,8,177,1,0,0,14
977,9,177,1,0,0,17
977,10,177,1,1,1,26
977,11,177,1,1,1,24
977,12,177,1,1,1,15
977,13,177,1,1,1,14
977,14,177,1,1,1,29
977,15,177,1,1,1,28
977,16,177,1,1,1,25
977,17,177,1,1,1,16
977,18,177,1,1,1,17
977,19,177,1,1,1,22
978,0,178,1,0,0,29
978,1,178,1,0,0,29
978,2,178,1,0,0,17
978,3,178,1,0,0,11
978,4,178,1,0,0,16
978,5,178,1,0,0,13
978,6,178,1,0,0,26
978,7,178,1,0,0,19
978,8,178,1,0,0,22
978,9,178,1,0,0,17
978,10,178,1,1,1,26
978,11,178,1,1,1,19
978,12,178,1,1,1,18
978,13,178,1,1,1,16
978,14,178,1,1,1,20
978,15,178,1,1,1,13
978,16,178,1,1,1,41
978,17,178,1,1,1,26
978,18,178,1,1,1,12
978,19,178,1,1,1,37
979,0,179,1,0,0,51
979,1,179,1,0,0,17
979,2,179,1,0,0,31
979,3,179,1,0,0,18
979,4,179,1,0,0,11
979,5,179,1,0,0,18
979,6,179,1,0,0,22
979,7,179,1,0,0,21
979,8,179,1,0,0,26
979,9,179,1,0,0,20
979,10,179,1,1,1,26
979,11,179,1,1,1,36
979,12,179,1,1,1,28
979,13,179,1,1,1,30
979,14,179,1,1,1,24
979,15,179,1,1,1,19
979,16,179,1,1,1,13
979,17,179,1,1,1,23
979,18,179,1,1,1,20
979,19,179,1,1,1,47
980,0,180,1,0,0,22
980,1,180,1,0,0,31
980,2,180,1,0,0,29
980,3,180,1,0,0,41
980,4,180,1,0,0,23
980,5,180,1,0,0,13
980,6,180,1,0,0,26
980,7,180,1,0,0,22
980,8,180,1,0,0,13
980,9,180,1,0,0,20
980,10,180,1,1,1,22
980,11,180,1,1,1,19
980,12,180,1,1,1,24
980,13,180,1,1,1,13
980,14,180,1,1,1,10
980,15,180,1,1,1,20
980,16,180,1,1,1,22
980,17,180,1,1,1,16
980,18,180,1,1,1,12
980,19,180,1,1,1,35
981,0,181,1,0,0,45
981,1,181,1,0,0,11
981,2,181,1,0,0,24
981,3,181,1,0,0,25
981,4,181,1,0,0,36
981,5,181,1,0,0,32
981,6,181,1,0,0,17
981,7,181,1,0,0,13
981,8,181,1,0,0,44
981,9,181,1,0,0,21
981,10,181,1,1,1,22
981,11,181,1,1,1,16
981,12,181,1,1,1,26
981,13,181,1,1,1,19
981,14,181,1,1,1,18
981,15,181,1,1,1,26
981,16,181,1,1,1,17
981,17,181,1,1,1,18
981,18,181,1,1,1,26
981,19,181,1,1,1,31
982,0,182,1,0,0,17
982,1,182,1,0,0,36
982,2,182,1,0,0,21
982,3,182,1,0,0,16
982,4,182,1,0,0,19
982,5,182,1,0,0,13
982,6,182,1,0,0,34
982,7,182,1,0,0,27
982,8,182,1,0,0,16
982,9,182,1,0,0,24
982,10,182,1,1,1,20
982,11,182,1,1,1,27
982,12,182,1,1,1,13
982,13,182,1,1,1,12
982,14,182,1,1,1,18
982,15,182,1,1,1,30
982,16,182,1,1,1,47
982,17,182,1,1,1,37
982,18,182,1,1,1,39
982,19,182,1,1,1,11
983,0,183,1,0,0,29
983,1,183,1,0,0,13
983,2,183,1,0,0,26
983,3,183,1,0,0,22
983,4,183,1,0,0,16
983,5,183,1,0,0,25
983,6,183,1,0,0,23
983,7,183,1,0,0,35
983,8,183,1,0,0,28
983,9,183,1,0,0,27
983,10,183,1,1,1,26
983,11,183,1,1,1,12
983,12,183,1,1,1,32
983,13,183,1,1,1,10
983,14,183,1,1,1,21
983,15,183,1,1,1,10
983,16,183,1,1,1,17
983,17,183,1,1,1,13
983,18,183,1,1,1,25
983,19,183,1,1,1,21
984,0,184,1,0,0,19
984,1,184,1,0,0,12
984,2,184,1,0,0,44
984,3,184,1,0,0,28
984,4,184,1,0,0,19
984,5,184,1,0,0,13
984,6,184,1,0,0,9
984,7,184,1,0,0,28
984,8,184,1,0,0,24
984,9,184,1,0,0,18
984,10,184,1,1,1,23
984,11,184,1,1,1,18
984,12,184,1,1,1,20
984,13,184,1,1,1,18
984,14,184,1,1,1,19
984,15,184,1,1,1,28
984,16,184,1,1,1,18
984,17,184,1,1,1,26
984,18,184,1,1,1,36
984,19,184,1,1,1,17
985,0,185,1,0,0,17
985,1,185,1,0,0,24
985,2,185,1,0,0,28
985,3,185,1,0,0,16
985,4,185,1,0,0,14
985,5,185,1,0,0,24
985,6,185,1,0,0,51
985,7,185,1,0,0,14
985,8,185,1,0,0,47
985,9,185,1,0,0,16
985,10,185,1,1,1,17
985,11,185,1,1,1,13
985,12,185,1,1,1,24
985,13,185,1,1,1,53
985,14,185,1,1,1,19
985,15,185,1,1,1,24
985,16,185,1,1,1,19
985,17,185,1,1,1,33
985,18,185,1,1,1,15
985,19,185,1,1,1,27
986,0,186,1,0,0,24
986,1,186,1,0,0,10
986,2,186,1,0,0,38
986,3,186,1,0,0,24
986,4,186,1,0,0,20
986,5,186,1,0,0,27
986,6,186,1,0,0,12
986,7,186,1,0,0,35
986,8,186,1,0,0,30
986,9,186,1,0,0,17
986,10,186,1,1,1,16
986,11,186,1,1,1,25
986,12,186,1,1,1,11
986,13,186,1,1,1,22
986,14,186,1,1,1,30
986,15,186,1,1,1,15
986,16,186,1,1,1,17
986,17,186,1,1,1,15
986,18,186,1,1,1,18
986,19,186,1,1,1,20
987,0,187,1,0,0,32
987,1,187,1,0,0,27
987,2,187,1,0,0,18
987,3,187,1,0,0,31
987,4,187,1,0,0,15
987,5,187,1,0,0,15
987,6,187,1,0,0,26
987,7,187,1,0,0,31
987,8,187,1,0,0,21
987,9,187,1,0,0,24
987,10,187,1,1,1,18
987,11,187,1,1,1,18
987,12,187,1,1,1,14
987,13,187,1,1,1,34
987,14,187,1,1,1,20
987,15,187,1,1,1,23
987,16,187,1,1,1,15
987,17,187,1,1,1,27
987,18,187,1,1,1,17
987,19,187,1,1,1,21
988,0,188,1,0,0,22
988,1,188,1,0,0,42
988,2,188,1,0,0,19
988,3,188,1,0,0,9
988,4,188,1,0,0,13
988,5,188,1,0,0,36
988,6,188,1,0,0,29
988,7,188,1,0,0,36
988,8,188,1,0,0,18
988,9,188,1,0,0,42
988,10,188,1,1,1,19
988,11,188,1,1,1,21
988,12,188,1,1,1,24
988,13,188,1,1,1,16
988,14,188,1,1,1,14
988,15,188,1,1,1,25
988,16,188,1,1,1,16
988,17,188,1,1,1,28
988,18,188,1,1,1,23
988,19,188,1,1,1,25
989,0,189,1,0,0,8
989,1,189,1,0,0,39
989,2,189,1,0,0,21
989,3,189,1,0,0,13
989,4,189,1,0,0,36
989,5,189,1,0,0,14
989,6,189,1,0,0,22
989,7,189,1,0,0,35
989,8,189,1,0,0,36
989,9,189,1,0,0,17
989,10,189,1,1,1,41
989,11,189,1,1,1,19
989,12,189,1,1,1,25
989,13,189,1,1,1,46
989,14,189,1,1,1,35
989,15,189,1,1,1,16
989,16,189,1,1,1,21
989,17,189,1,1,1,22
989,18,189,1,1,1,15
989,19,189,1,1,1,18
990,0,190,1,0,0,22
990,1,190,1,0,0,20
990,2,190,1,0,0,24
990,3,190,1,0,0,27
990,4,190,1,0,0,25
990,5,190,1,0,0,16
990,6,190,1,0,0,18
990,7,190,1,0,0,23
990,8,190,1,0,0,27
990,9,190,1,0,0,37
990,10,190,1,1,1,19
990,11,190,1,1,1,33
990,12,190,1,1,1,24
990,13,190,1,1,1,15
990,14,190,1,1,1,16
990,15,190,1,1,1,23
990,16,190,1,1,1,26
990,17,190,1,1,1,22
990,18,190,1,1,1,19
990,19,190,1,1,1,22
991,0,191,1,0,0,19
991,1,191,1,0,0,10
991,2,191,1,0,0,18
991,3,191,1,0,0,22
991,4,191,1,0,0,13
991,5,191,1,0,0,21
991,6,191,1,0,0,21
991,7,191,1,0,0,12
991,8,191,1,0,0,22
991,9,191,1,0,0,21
991,10,191,1,1,1,25
991,11,191,1,1,1,19
991,12,191,1,1,1,37
991,13,191,1,1,1,23
991,14,191,1,1,1,31
991,15,191,1,1,1,20
991,16,191,1,1,1,24
991,17,191,1,1,1,23
991,18,191,1,1,1,12
991,19,191,1,1,1,15
992,0,192,1,0,0,13
992,1,192,1,0,0,48
992,2,192,1,0,0,23
992,3,192,1,0,0,24
992,4,192,1,0,0,25
992,5,192,1,0,0,23
992,6,192,1,0,0,42
992,7,192,1,0,0,22
992,8,192,1,0,0,28
992,9,192,1,0,0,21
992,10,192,1,1,1,23
992,11,192,1,1,1,20
992,12,192,1,1,1,22
992,13,192,1,1,1,16
992,14,192,1,1,1,31
992,15,192,1,1,1,29
992,16,192,1,1,1,23
992,17,192,1,1,1,25
992,18,192,1,1,1,25
992,19,192,1,1,1,18
993,0,193,1,0,0,30
993,1,193,1,0,0,27
993,2,193,1,0,0,18
993,3,193,1,0,0,38
993,4,193,1,0,0,19
993,5,193,1,0,0,30
993,6,193,1,0,0,12
993,7,193,1,0,0,15
993,8,193,1,0,0,14
993,9,193,1,0,0,30
993,10,193,1,1,1,26
993,11,193,1,1,1,25
993,12,193,1,1,1,53
993,13,193,1,1,1,20
993,14,193,1,1,1,24
993,15,193,1,1,1,16
993,16,193,1,1,1,41
993,17,193,1,1,1,28
993,18,193,1,1,1,34
993,19,193,1,1,1,31
994,0,194,1,0,0,48
994,1,194,1,0,0,11
994,2,194,1,0,0,27
994,3,194,1,0,0,16
994,4,194,1,0,0,38
994,5,194,1,0,0,28
994,6,194,1,0,0,38
994,7,194,1,0,0,18
994,8,194,1,0,0,16
994,9,194,1,0,0,21
994,10,194,1,1,1,25
994,11,194,1,1,1,22
994,12,194,1,1,1,36
994,13,194,1,1,1,23
994,14,194,1,1,1,33
994,15,194,1,1,1,25
994,16,194,1,1,1,28
994,17,194,1,1,1,32
994,18,194,1,1,1,32
994,19,194,1,1,1,21
995,0,195,1,0,0,47
995,1,195,1,0,0,27
995,2,195,1,0,0,18
995,3,195,1,0,0,13
995,4,195,1,0,0,13
995,5,195,1,0,0,22
995,6,195,1,0,0,18
995,7,195,1,0,0,12
995,8,195,1,0,0,9
995,9,195,1,0,0,23
995,10,195,1,1,1,25
995,11,195,1,1,1,19
995,12,195,1,1,1,15
995,13,195,1,1,1,16
995,14,195,1,1,1,20
995,15,195,1,1,1,10
995,16,195,1,1,1,20
995,17,195,1,1,1,29
995,18,195,1,1,1,32
995,19,195,1,1,1,21
996,0,196,1,0,0,14
996,1,196,1,0,0,40
996,2,196,1,0,0,19
996,3,196,1,0,0,11
996,4,196,1,0,0,33
996,5,196,1,0,0,28
996,6,196,1,0,0,22
996,7,196,1,0,0,24
996,8,196,1,0,0,12
996,9,196,1,0,0,17
996,10,196,1,1,1,15
996,11,196,1,1,1,43
996,12,196,1,1,1,20
996,13,196,1,1,1,36
996,14,196,1,1,1,35
996,15,196,1,1,1,31
996,16,196,1,1,1,57
996,17,196,1,1,1,18
996,18,196,1,1,1,38
996,19,196,1,1,1,22
997,0,197,1,0,0,34
997,1,197,1,0,0,22
997,2,197,1,0,0,37
997,3,197,1,0,0,17
997,4,197,1,0,0,18
997,5,197,1,0,0,18
997,6,197,1,0,0,27
997,7,197,1,0,0,20
997,8,197,1,0,0,22
997,9,197,1,0,0,39
997,10,197,1,1,1,36
997,11,197,1,1,1,16
997,12,197,1,1,1,22
997,13,197,1,1,1,16
997,14,197,1,1,1,55
997,15,197,1,1,1,24
997,16,197,1,1,1,35
997,17,197,1,1,1,28
997,18,197,1,1,1,28
997,19,197,1,1,1,23
998,0,198,1,0,0,18
998,1,198,1,0,0,20
998,2,198,1,0,0,24
998,3,198,1,0,0,10
998,4,198,1,0,0,36
998,5,198,1,0,0,32
998,6,198,1,0,0,26
998,7,198,1,0,0,23
998,8,198,1,0,0,30
998,9,198,1,0,0,23
998,10,198,1,1,1,24
998,11,198,1,1,1,25
998,12,198,1,1,1,15
998,13,198,1,1,1,18
998,14,198,1,1,1,31
998,15,198,1,1,1,14
998,16,198,1,1,1,31
998,17,198,1,1,1,28
998,18,198,1,1,1,40
998,19,198,1,1,1,24
999,0,199,1,0,0,16
999,1,199,1,0,0,27
999,2,199,1,0,0,19
999,3,199,1,0,0,17
999,4,199,1,0,0,25
999,5,199,1,0,0,12
999,6,199,1,0,0,38
999,7,199,1,0,0,23
999,8,199,1,0,0,18
999,9,199,1,0,0,42
999,10,199,1,1,1,24
999,11,199,1,1,1,17
999,12,199,1,1,1,17
999,13,199,1,1,1,35
999,14,199,1,1,1,31
999,15,199,1,1,1,40
999,16,199,1,1,1,26
999,17,199,1,1,1,26
999,18,199,1,1,1,17
999,19,199,1,1,1,19
1000,0,200,1,0,0,21
1000,1,200,1,0,0,25
1000,2,200,1,0,0,36
1000,3,200,1,0,0,18
1000,4,200,1,0,0,15
1000,5,200,1,0,0,23
1000,6,200,1,0,0,32
1000,7,200,1,0,0,40
1000,8,200,1,0,0,30
1000,9,200,1,0,0,24
1000,10,200,1,1,1,32
1000,11,200,1,1,1,27
1000,12,200,1,1,1,19
1000,13,200,1,1,1,32
1000,14,200,1,1,1,29
1000,15,200,1,1,1,34
1000,16,200,1,1,1,32
1000,17,200,1,1,1,34
1000,18,200,1,1,1,20
1000,19,200,1,1,1,44
1001,0,201,1,0,0,36
1001,1,201,1,0,0,29
1001,2,201,1,0,0,18
1001,3,201,1,0,0,23
1001,4,201,1,0,0,57
1001,5,201,1,0,0,31
1001,6,201,1,0,0,33
1001,7,201,1,0,0,23
1001,8,201,1,0,0,16
1001,9,201,1,0,0,24
1001,10,201,1,1,1,28
1001,11,201,1,1,1,20
1001,12,201,1,1,1,34
1001,13,201,1,1,1,59
1001,14,201,1,1,1,33
1001,15,201,1,1,1,24
1001,16,201,1,1,1,22
1001,17,201,1,1,1,17
1001,18,201,1,1,1,26
1001,19,201,1,1,1,26
1002,0,202,1,0,0,15
1002,1,202,1,0,0,21
1002,2,202,1,0,0,20
1002,3,202,1,0,0,25
1002,4,202,1,0,0,43
1002,5,202,1,0,0,19
1002,6,202,1,0,0,27
1002,7,202,1,0,0,92
1002,8,202,1,0,0,25
1002,9,202,1,0,0,17
1002,10,202,1,1,1,11
1002,11,202,1,1,1,23
1002,12,202,1,1,1,44
1002,13,202,1,1,1,37
1002,14,202,1,1,1,31
1002,15,202,1,1,1,26
1002,16,202,1,1,1,34
1002,17,202,1,1,1,27
1002,18,202,1,1,1,29
1002,19,202,1,1,1,30
1003,0,203,1,0,0,34
1003,1,203,1,0,0,27
1003,2,203,1,0,0,23
1003,3,203,1,0,0,28
1003,4,203,1,0,0,23
1003,5,203,1,0,0,30
1003,6,203,1,0,0,36
1003,7,203,1,0,0,22
1003,8,203,1,0,0,39
1003,9,203,1,0,0,26
1003,10,203,1,1,1,31
1003,11,203,1,1,1,24
1003,12,203,1,1,1,33
1003,13,203,1,1,1,36
1003,14,203,1,1,1,31
1003,15,203,1,1,1,21
1003,16,203,1,1,1,38
1003,17,203,1,1,1,28
1003,18,203,1,1,1,28
1003,19,203,1,1,1,39
1004,0,204,1,0,0,16
1004,1,204,1,0,0,24
1004,2,204,1,0,0,25
1004,3,204,1,0,0,22
1004,4,204,1,0,0,20
1004,5,204,1,0,0,17
1004,6,204,1,0,0,30
1004,7,204,1,0,0,29
1004,8,204,1,0,0,25
1004,9,204,1,0,0,24
1004,10,204,1,1,1,17
1004,11,204,1,1,1,35
1004,12,204,1,1,1,32
1004,13,204,1,1,1,22
1004,14,204,1,1,1,21
1004,15,204,1,1,1,39
1004,16,204,1,1,1,18
1004,17,204,1,1,1,36
1004,18,204,1,1,1,18
1004,19,204,1,1,1,31
1005,0,205,1,0,0,34
1005,1,205,1,0,0,30
1005,2,205,1,0,0,42
1005,3,205,1,0,0,23
1005,4,205,1,0,0,31
1005,5,205,1,0,0,12
1005,6,205,1,0,0,13
1005,7,205,1,0,0,18
1005,8,205,1,0,0,30
1005,9,205,1,0,0,31
1005,10,205,1,1,1,24
1005,11,205,1,1,1,25
1005,12,205,1,1,1,24
1005,13,205,1,1,1,64
1005,14,205,1,1,1,11
1005,15,205,1,1,1,31
1005,16,205,1,1,1,25
1005,17,205,1,1,1,19
1005,18,205,1,1,1,41
1005,19,205,1,1,1,19
1006,0,206,1,0,0,26
1006,1,206,1,0,0,27
1006,2,206,1,0,0,12
1006,3,206,1,0,0,17
1006,4,206,1,0,0,19
1006,5,206,1,0,0,31
1006,6,206,1,0,0,21
1006,7,206,1,0,0,40
1006,8,206,1,0,0,25
1006,9,206,1,0,0,26
1006,10,206,1,1,1,44
1006,11,206,1,1,1,23
1006,12,206,1,1,1,24
1006,13,206,1,1,1,25
1006,14,206,1,1,1,22
1006,15,206,1,1,1,27
1006,16,206,1,1,1,39
1006,17,206,1,1,1,32
1006,18,206,1,1,1,44
1006,19,206,1,1,1,21
1007,0,207,1,0,0,22
1007,1,207,1,0,0,13
1007,2,207,1,0,0,15
1007,3,207,1,0,0,29
1007,4,207,1,0,0,24
1007,5,207,1,0,0,21
1007,6,207,1,0,0,13
1007,7,207,1,0,0,36
1007,8,207,1,0,0,13
1007,9,207,1,0,0,15
1007,10,207,1,1,1,23
1007,11,207,1,1,1,22
1007,12,207,1,1,1,32
1007,13,207,1,1,1,23
1007,14,207,1,1,1,48
1007,15,207,1,1,1,15
1007,16,207,1,1,1,21
1007,17,207,1,1,1,23
1007,18,207,1,1,1,25
1007,19,207,1,1,1,19
1008,0,208,1,0,0,27
1008,1,208,1,0,0,33
1008,2,208,1,0,0,11
1008,3,208,1,0,0,38
1008,4,208,1,0,0,35
1008,5,208,1,0,0,34
1008,6,208,1,0,0,22
1008,7,208,1,0,0,20
1008,8,208,1,0,0,38
1008,9,208,1,0,0,32
1008,10,208,1,1,1,16
1008,11,208,1,1,1,25
1008,12,208,1,1,1,34
1008,13,208,1,1,1,36
1008,14,208,1,1,1,24
1008,15,208,1,1,1,20
1008,16,208,1,1,1,15
1008,17,208,1,1,1,31
1008,18,208,1,1,1,26
1008,19,208,1,1,1,31
1009,0,209,1,0,0,22
1009,1,209,1,0,0,42
1009,2,209,1,0,0,15
1009,3,209,1,0,0,15
1009,4,209,1,0,0,23
1009,5,209,1,0,0,32
1009,6,209,1,0,0,50
1009,7,209,1,0,0,49
1009,8,209,1,0,0,39
1009,9,209,1,0,0,28
1009,10,209,1,1,1,28
1009,11,209,1,1,1,25
1009,12,209,1,1,1,58
1009,13,209,1,1,1,47
1009,14,209,1,1,1,26
1009,15,209,1,1,1,43
1009,16,209,1,1,1,21
1009,17,209,1,1,1,37
1009,18,209,1,1,1,12
1009,19,209,1,1,1,21
1010,0,210,1,0,0,22
1010,1,210,1,0,0,21
1010,2,210,1,0,0,45
1010,3,210,1,0,0,28
1010,4,210,1,0,0,29
1010,5,210,1,0,0,25
1010,6,210,1,0,0,14
1010,7,210,1,0,0,29
1010,8,210,1,0,0,26
1010,9,210,1,0,0,26
1010,10,210,1,1,1,32
1010,11,210,1,1,1,46
1010,12,210,1,1,1,39
1010,13,210,1,1,1,24
1010,14,210,1,1,1,32
1010,15,210,1,1,1,24
1010,16,210,1,1,1,28
1010,17,210,1,1,1,33
1010,18,210,1,1,1,40
1010,19,210,1,1,1,26
1011,0,211,1,0,0,24
1011,1,211,1,0,0,26
1011,2,211,1,0,0,28
1011,3,211,1,0,0,32
1011,4,211,1,0,0,16
1011,5,211,1,0,0,29
1011,6,211,1,0,0,56
1011,7,211,1,0,0,32
1011,8,211,1,0,0,15
1011,9,211,1,0,0,10
1011,10,211,1,1,1,19
1011,11,211,1,1,1,39
1011,12,211,1,1,1,25
1011,13,211,1,1,1,25
1011,14,211,1,1,1,15
1011,15,211,1,1,1,13
1011,16,211,1,1,1,21
1011,17,211,1,1,1,38
1011,18,211,1,1,1,30
1011,19,211,1,1,1,33
1012,0,212,1,0,0,30
1012,1,212,1,0,0,18
1012,2,212,1,0,0,30
1012,3,212,1,0,0,19
1012,4,212,1,0,0,32
1012,5,212,1,0,0,21
1012,6,212,1,0,0,37
1012,7,212,1,0,0,17
1012,8,212,1,0,0,43
1012,9,212,1,0,0,26
1012,10,212,1,1,1,31
1012,11,212,1,1,1,23
1012,12,212,1,1,1,32
1012,13,212,1,1,1,30
1012,14,212,1,1,1,16
1012,15,212,1,1,1,32
1012,16,212,1,1,1,38
1012,17,212,1,1,1,15
1012,18,212,1,1,1,23
1012,19,212,1,1,1,35
1013,0,213,1,0,0,19
1013,1,213,1,0,0,40
1013,2,213,1,0,0,31
1013,3,213,1,0,0,26
1013,4,213,1,0,0,15
1013,5,213,1,0,0,18
1013,6,213,1,0,0,43
1013,7,213,1,0,0,18
1013,8,213,1,0,0,33
1013,9,213,1,0,0,23
1013,10,213,1,1,1,25
1013,11,213,1,1,1,26
1013,12,213,1,1,1,28
1013,13,213,1,1,1,35
1013,14,213,1,1,1,30
1013,15,213,1,1,1,30
1013,16,213,1,1,1,36
1013,17,213,1,1,1,24
1013,18,213,1,1,1,14
1013,19,213,1,1,1,31
1014,0,214,1,0,0,25
1014,1,214,1,0,0,28
1014,2,214,1,0,0,29
1014,3,214,1,0,0,32
1014,4,214,1,0,0,35
1014,5,214,1,0,0,23
1014,6,214,1,0,0,35
1014,7,214,1,0,0,17
1014,8,214,1,0,0,16
1014,9,214,1,0,0,21
1014,10,214,1,1,1,33
1014,11,214,1,1,1,27
1014,12,214,1,1,1,38
1014,13,214,1,1,1,28
1014,14,214,1,1,1,17
1014,15,214,1,1,1,19
1014,16,214,1,1,1,30
1014,17,214,1,1,1,44
1014,18,214,1,1,1,21
1014,19,214,1,1,1,35
1015,0,215,1,0,0,16
1015,1,215,1,0,0,29
1015,2,215,1,0,0,57
1015,3,215,1,0,0,26
1015,4,215,1,0,0,27
1015,5,215,1,0,0,31
1015,6,215,1,0,0,50
1015,7,215,1,0,0,21
1015,8,215,1,0,0,33
1015,9,215,1,0,0,28
1015,10,215,1,1,1,24
1015,11,215,1,1,1,41
1015,12,215,1,1,1,21
1015,13,215,1,1,1,65
1015,14,215,1,1,1,16
1015,15,215,1,1,1,57
1015,16,215,1,1,1,28
1015,17,215,1,1,1,18
1015,18,215,1,1,1,30
1015,19,215,1,1,1,21
1016,0,216,1,0,0,22
1016,1,216,1,0,0,21
1016,2,216,1,0,0,38
1016,3,216,1,0,0,36
1016,4,216,1,0,0,63
1016,5,216,1,0,0,31
1016,6,216,1,0,0,28
1016,7,216,1,0,0,12
1016,8,216,1,0,0,21
1016,9,216,1,0,0,36
1016,10,216,1,1,1,25
1016,11,216,1,1,1,58
1016,12,216,1,1,1,38
1016,13,216,1,1,1,43
1016,14,216,1,1,1,23
1016,15,216,1,1,1,31
1016,16,216,1,1,1,24
1016,17,216,1,1,1,26
1016,18,216,1,1,1,26
1016,19,216,1,1,1,23
1017,0,217,1,0,0,30
1017,1,217,1,0,0,26
1017,2,217,1,0,0,14
1017,3,217,1,0,0,28
1017,4,217,1,0,0,48
1017,5,217,1,0,0,48
1017,6,217,1,0,0,27
1017,7,217,1,0,0,23
1017,8,217,1,0,0,41
1017,9,217,1,0,0,46
1017,10,217,1,1,1,27
1017,11,217,1,1,1,35
1017,12,217,1,1,1,34
1017,13,217,1,1,1,19
1017,14,217,1,1,1,30
1017,15,217,1,1,1,23
1017,16,217,1,1,1,37
1017,17,217,1,1,1,25
1017,18,217,1,1,1,40
1017,19,217,1,1,1,34
1018,0,218,1,0,0,20
1018,1,218,1,0,0,25
1018,2,218,1,0,0,23
1018,3,218,1,0,0,43
1018,4,218,1,0,0,14
1018,5,218,1,0,0,26
1018,6,218,1,0,0,24
1018,7,218,1,0,0,21
1018,8,218,1,0,0,20
1018,9,218,1,0,0,34
1018,10,218,1,1,1,20
1018,11,218,1,1,1,16
1018,12,218,1,1,1,34
1018,13,218,1,1,1,21
1018,14,218,1,1,1,32
1018,15,218,1,1,1,24
1018,16,218,1,1,1,19
1018,17,218,1,1,1,31
1018,18,218,1,1,1,29
1018,19,218,1,1,1,31
1019,0,219,1,0,0,23
1019,1,219,1,0,0,23
1019,2,219,1,0,0,28
1019,3,219,1,0,0,42
1019,4,219,1,0,0,48
1019,5,219,1,0,0,19
1019,6,219,1,0,0,27
1019,7,219,1,0,0,44
1019,8,219,1,0,0,70
1019,9,219,1,0,0,31
1019,10,219,1,1,1,49
1019,11,219,1,1,1,28
1019,12,219,1,1,1,30
1019,13,219,1,1,1,35
1019,14,219,1,1,1,42
1019,15,219,1,1,1,20
1019,16,219,1,1,1,22
1019,17,219,1,1,1,44
1019,18,219,1,1,1,12
1019,19,219,1,1,1,57
1020,0,220,1,0,0,35
1020,1,220,1,0,0,26
1020,2,220,1,0,0,34
1020,3,220,1,0,0,37
1020,4,220,1,0,0,37
1020,5,220,1,0,0,28
1020,6,220,1,0,0,19
1020,7,220,1,0,0,30
1020,8,220,1,0,0,31
1020,9,220,1,0,0,59
1020,10,220,1,1,1,24
1020,11,220,1,1,1,32
1020,12,220,1,1,1,39
1020,13,220,1,1,1,46
1020,14,220,1,1,1,29
1020,15,220,1,1,1,27
1020,16,220,1,1,1,32
1020,17,220,1,1,1,45
1020,18,220,1,1,1,13
1020,19,220,1,1,1,22
1021,0,221,1,0,0,26
1021,1,221,1,0,0,20
1021,2,221,1,0,0,37
1021,3,221,1,0,0,26
1021,4,221,1,0,0,20
1021,5,221,1,0,0,53
1021,6,221,1,0,0,62
1021,7,221,1,0,0,42
1021,8,221,1,0,0,26
1021,9,221,1,0,0,23
1021,10,221,1,1,1,39
1021,11,221,1,1,1,26
1021,12,221,1,1,1,31
1021,13,221,1,1,1,29
1021,14,221,1,1,1,29
1021,15,221,1,1,1,42
1021,16,221,1,1,1,25
1021,17,221,1,1,1,30
1021,18,221,1,1,1,28
1021,19,221,1,1,1,28
1022,0,222,1,0,0,21
1022,1,222,1,0,0,20
1022,2,222,1,0,0,22
1022,3,222,1,0,0,24
1022,4,222,1,0,0,24
1022,5,222,1,0,0,36
1022,6,222,1,0,0,44
1022,7,222,1,0,0,30
1022,8,222,1,0,0,27
1022,9,222,1,0,0,33
1022,10,222,1,1,1,38
1022,11,222,1,1,1,21
1022,12,222,1,1,1,27
1022,13,222,1,1,1,51
1022,14,222,1,1,1,39
1022,15,222,1,1,1,40
1022,16,222,1,1,1,45
1022,17,222,1,1,1,38
1022,18,222,1,1,1,23
1022,19,222,1,1,1,41
1023,0,223,1,0,0,25
1023,1,223,1,0,0,25
1023,2,223,1,0,0,40
1023,3,223,1,0,0,20
1023,4,223,1,0,0,25
1023,5,223,1,0,0,26
1023,6,223,1,0,0,10
1023,7,223,1,0,0,21
1023,8,223,1,0,0,30
1023,9,223,1,0,0,36
1023,10,223,1,1,1,20
1023,11,223,1,1,1,68
1023,12,223,1,1,1,36
1023,13,223,1,1,1,31
1023,14,223,1,1,1,27
1023,15,223,1,1,1,30
1023,16,223,1,1,1,30
1023,17,223,1,1,1,29
1023,18,223,1,1,1,20
1023,19,223,1,1,1,32
1024,0,224,1,0,0,24
1024,1,224,1,0,0,41
1024,2,224,1,0,0,34
1024,3,224,1,0,0,31
1024,4,224,1,0,0,30
1024,5,224,1,0,0,28
1024,6,224,1,0,0,21
1024,7,224,1,0,0,16
1024,8,224,1,0,0,30
1024,9,224,1,0,0,24
1024,10,224,1,1,1,23
1024,11,224,1,1,1,29
1024,12,224,1,1,1,35
1024,13,224,1,1,1,33
1024,14,224,1,1,1,30
1024,15,224,1,1,1,15
1024,16,224,1,1,1,31
1024,17,224,1,1,1,24
1024,18,224,1,1,1,35
1024,19,224,1,1,1,27
1025,0,225,1,0,0,22
1025,1,225,1,0,0,28
1025,2,225,1,0,0,26
1025,3,225,1,0,0,25
1025,4,225,1,0,0,36
1025,5,225,1,0,0,29
1025,6,225,1,0,0,34
1025,7,225,1,0,0,41
1025,8,225,1,0,0,35
1025,9,225,1,0,0,35
1025,10,225,1,1,1,41
1025,11,225,1,1,1,14
1025,12,225,1,1,1,31
1025,13,225,1,1,1,19
1025,14,225,1,1,1,27
1025,15,225,1,1,1,28
1025,16,225,1,1,1,32
1025,17,225,1,1,1,33
1025,18,225,1,1,1,19
1025,19,225,1,1,1,30
1026,0,226,1,0,0,46
1026,1,226,1,0,0,27
1026,2,226,1,0,0,48
1026,3,226,1,0,0,32
1026,4,226,1,0,0,25
1026,5,226,1,0,0,30
1026,6,226,1,0,0,20
1026,7,226,1,0,0,26
1026,8,226,1,0,0,31
1026,9,226,1,0,0,30
1026,10,226,1,1,1,25
1026,11,226,1,1,1,25
1026,12,226,1,1,1,21
1026,13,226,1,1,1,27
1026,14,226,1,1,1,44
1026,15,226,1,1,1,24
1026,16,226,1,1,1,33
1026,17,226,1,1,1,34
1026,18,226,1,1,1,46
1026,19,226,1,1,1,33
1027,0,227,1,0,0,53
1027,1,227,1,0,0,32
1027,2,227,1,0,0,21
1027,3,227,1,0,0,32
1027,4,227,1,0,0,18
1027,5,227,1,0,0,41
1027,6,227,1,0,0,28
1027,7,227,1,0,0,19
1027,8,227,1,0,0,45
1027,9,227,1,0,0,20
1027,10,227,1,1,1,50
1027,11,227,1,1,1,24
1027,12,227,1,1,1,23
1027,13,227,1,1,1,23
1027,14,227,1,1,1,22
1027,15,227,1,1,1,25
1027,16,227,1,1,1,32
1027,17,227,1,1,1,62
1027,18,227,1,1,1,49
1027,19,227,1,1,1,28
1028,0,228,1,0,0,34
1028,1,228,1,0,0,25
1028,2,228,1,0,0,29
1028,3,228,1,0,0,25
1028,4,228,1,0,0,26
1028,5,228,1,0,0,39
1028,6,228,1,0,0,26
1028,7,228,1,0,0,24
1028,8,228,1,0,0,22
1028,9,228,1,0,0,18
1028,10,228,1,1,1,45
1028,11,228,1,1,1,38
1028,12,228,1,1,1,22
1028,13,228,1,1,1,35
1028,14,228,1,1,1,21
1028,15,228,1,1,1,29
1028,16,228,1,1,1,32
1028,17,228,1,1,1,43
1028,18,228,1,1,1,42
1028,19,228,1,1,1,44
1029,0,229,1,0,0,24
1029,1,229,1,0,0,21
1029,2,229,1,0,0,27
1029,3,229,1,0,0,31
1029,4,229,1,0,0,34
1029,5,229,1,0,0,30
1029,6,229,1,0,0,27
1029,7,229,1,0,0,22
1029,8,229,1,0,0,51
1029,9,229,1,0,0,27
1029,10,229,1,1,1,48
1029,11,229,1,1,1,25
1029,12,229,1,1,1,33
1029,13,229,1,1,1,26
1029,14,229,1,1,1,23
1029,15,229,1,1,1,42
1029,16,229,1,1,1,42
1029,17,229,1,1,1,38
1029,18,229,1,1,1,50
1029,19,229,1,1,1,36
1030,0,230,1,0,0,31
1030,1,230,1,0,0,26
1030,2,230,1,0,0,33
1030,3,230,1,0,0,41
1030,4,230,1,0,0,23
1030,5,230,1,0,0,42
1030,6,230,1,0,0,28
1030,7,230,1,0,0,27
1030,8,230,1,0,0,43
1030,9,230,1,0,0,36
1030,10,230,1,1,1,28
1030,11,230,1,1,1,27
1030,12,230,1,1,1,46
1030,13,230,1,1,1,28
1030,14,230,1,1,1,38
1030,15,230,1,1,1,16
1030,16,230,1,1,1,48
1030,17,230,1,1,1,32
1030,18,230,1,1,1,49
1030,19,230,1,1,1,48
1031,0,231,1,0,0,33
1031,1,231,1,0,0,54
1031,2,231,1,0,0,20
1031,3,231,1,0,0,27
1031,4,231,1,0,0,25
1031,5,231,1,0,0,30
1031,6,231,1,0,0,44
1031,7,231,1,0,0,27
1031,8,231,1,0,0,28
1031,9,231,1,0,0,31
1031,10,231,1,1,1,45
1031,11,231,1,1,1,41
1031,12,231,1,1,1,23
1031,13,231,1,1,1,44
1031,14,231,1,1,1,29
1031,15,231,1,1,1,34
1031,16,231,1,1,1,20
1031,17,231,1,1,1,32
1031,18,231,1,1,1,28
1031,19,231,1,1,1,25
1032,0,232,1,0,0,22
1032,1,232,1,0,0,28
1032,2,232,1,0,0,26
1032,3,232,1,0,0,31
1032,4,232,1,0,0,50
1032,5,232,1,0,0,12
1032,6,232,1,0,0,33
1032,7,232,1,0,0,39
1032,8,232,1,0,0,27
1032,9,232,1,0,0,35
1032,10,232,1,1,1,29
1032,11,232,1,1,1,47
1032,12,232,1,1,1,53
1032,13,232,1,1,1,30
1032,14,232,1,1,1,23
1032,15,232,1,1,1,63
1032,16,232,1,1,1,35
1032,17,232,1,1,1,29
1032,18,232,1,1,1,44
1032,19,232,1,1,1,44
1033,0,233,1,0,0,29
1033,1,233,1,0,0,42
1033,2,233,1,0,0,37
1033,3,233,1,0,0,34
1033,4,233,1,0,0,17
1033,5,233,1,0,0,28
1033,6,233,1,0,0,20
1033,7,233,1,0,0,20
1033,8,233,1,0,0,22
1033,9,233,1,0,0,55
1033,10,233,1,1,1,33
1033,11,233,1,1,1,28
1033,12,233,1,1,1,39
1033,13,233,1,1,1,16
1033,14,233,1,1,1,34
1033,15,233,1,1,1,38
1033,16,233,1,1,1,51
1033,17,233,1,1,1,36
1033,18,233,1,1,1,16
1033,19,233,1,1,1,19
1034,0,234,1,0,0,44
1034,1,234,1,0,0,25
1034,2,234,1,0,0,19
1034,3,234,1,0,0,46
1034,4,234,1,0,0,29
1034,5,234,1,0,0,38
1034,6,234,1,0,0,46
1034,7,234,1,0,0,31
1034,8,234,1,0,0,33
1034,9,234,1,0,0,31
1034,10,234,1,1,1,35
1034,11,234,1,1,1,22
1034,12,234,1,1,1,38
1034,13,234,1,1,1,41
1034,14,234,1,1,1,29
1034,15,234,1,1,1,38
1034,16,234,1,1,1,23
1034,17,234,1,1,1,41
1034,18,234,1,1,1,26
1034,19,234,1,1,1,27
1035,0,235,1,0,0,29
1035,1,235,1,0,0,27
1035,2,235,1,0,0,34
1035,3,235,1,0,0,38
1035,4,235,1,0,0,22
1035,5,235,1,0,0,27
1035,6,235,1,0,0,35
1035,7,235,1,0,0,30
1035,8,235,1,0,0,26
1035,9,235,1,0,0,26
1035,10,235,1,1,1,52
1035,11,235,1,1,1,57
1035,12,235,1,1,1,43
1035,13,235,1,1,1,35
1035,14,235,1,1,1,29
1035,15,235,1,1,1,24
1035,16,235,1,1,1,35
1035,17,235,1,1,1,27
1035,18,235,1,1,1,36
1035,19,235,1,1,1,32
1036,0,236,1,0,0,34
1036,1,236,1,0,0,73
1036,2,236,1,0,0,52
1036,3,236,1,0,0,45
1036,4,236,1,0,0,37
1036,5,236,1,0,0,35
1036,6,236,1,0,0,37
1036,7,236,1,0,0,36
1036,8,236,1,0,0,42
1036,9,236,1,0,0,22
1036,10,236,1,1,1,24
1036,11,236,1,1,1,34
1036,12,236,1,1,1,22
1036,13,236,1,1,1,25
1036,14,236,1,1,1,31
1036,15,236,1,1,1,31
1036,16,236,1,1,1,32
1036,17,236,1,1,1,34
1036,18,236,1,1,1,21
1036,19,236,1,1,1,32
1037,0,237,1,0,0,41
1037,1,237,1,0,0,26
1037,2,237,1,0,0,28
1037,3,237,1,0,0,27
1037,4,237,1,0,0,16
1037,5,237,1,0,0,34
1037,6,237,1,0,0,53
1037,7,237,1,0,0,26
1037,8,237,1,0,0,38
1037,9,237,1,0,0,21
1037,10,237,1,1,1,28
1037,11,237,1,1,1,33
1037,12,237,1,1,1,31
1037,13,237,1,1,1,49
1037,14,237,1,1,1,50
1037,15,237,1,1,1,27
1037,16,237,1,1,1,23
1037,17,237,1,1,1,22
1037,18,237,1,1,1,48
1037,19,237,1,1,1,25
1038,0,238,1,0,0,29
1038,1,238,1,0,0,35
1038,2,238,1,0,0,40
1038,3,238,1,0,0,69
1038,4,238,1,0,0,36
1038,5,238,1,0,0,40
1038,6,238,1,0,0,25
1038,7,238,1,0,0,26
1038,8,238,1,0,0,29
1038,9,238,1,0,0,32
1038,10,238,1,1,1,35
1038,11,238,1,1,1,29
1038,12,238,1,1,1,32
1038,13,238,1,1,1,35
1038,14,238,1,1,1,33
1038,15,238,1,1,1,24
1038,16,238,1,1,1,19
1038,17,238,1,1,1,46
1038,18,238,1,1,1,48
1038,19,238,1,1,1,29
1039,0,239,1,0,0,34
1039,1,239,1,0,0,57
1039,2,239,1,0,0,34
1039,3,239,1,0,0,32
1039,4,239,1,0,0,39
1039,5,239,1,0,0,45
1039,6,239,1,0,0,19
1039,7,239,1,0,0,33
1039,8,239,1,0,0,25
1039,9,239,1,0,0,48
1039,10,239,1,1,1,33
1039,11,239,1,1,1,43
1039,12,239,1,1,1,27
1039,13,239,1,1,1,30
1039,14,239,1,1,1,28
1039,15,239,1,1,1,28
1039,16,239,1,1,1,16
1039,17,239,1,1,1,28
1039,18,239,1,1,1,41
1039,19,239,1,1,1,36
1040,0,240,1,0,0,21
1040,1,240,1,0,0,40
1040,2,240,1,0,0,13
1040,3,240,1,0,0,48
1040,4,240,1,0,0,43
1040,5,240,1,0,0,35
1040,6,240,1,0,0,31
1040,7,240,1,0,0,44
1040,8,240,1,0,0,39
1040,9,240,1,0,0,40
1040,10,240,1,1,1,43
1040,11,240,1,1,1,35
1040,12,240,1,1,1,29
1040,13,240,1,1,1,32
1040,14,240,1,1,1,25
1040,15,240,1,1,1,24
1040,16,240,1,1,1,24
1040,17,240,1,1,1,38
1040,18,240,1,1,1,69
1040,19,240,1,1,1,29
1041,0,241,1,0,0,38
1041,1,241,1,0,0,39
1041,2,241,1,0,0,31
1041,3,241,1,0,0,52
1041,4,241,1,0,0,32
1041,5,241,1,0,0,37
1041,6,241,1,0,0,51
1041,7,241,1,0,0,30
1041,8,241,1,0,0,15
1041,9,241,1,0,0,45
1041,10,241,1,1,1,37
1041,11,241,1,1,1,50
1041,12,241,1,1,1,28
1041,13,241,1,1,1,30
1041,14,241,1,1,1,20
1041,15,241,1,1,1,44
1041,16,241,1,1,1,38
1041,17,241,1,1,1,39
1041,18,241,1,1,1,55
1041,19,241,1,1,1,52
1042,0,242,1,0,0,31
1042,1,242,1,0,0,37
1042,2,242,1,0,0,16
1042,3,242,1,0,0,28
1042,4,242,1,0,0,21
1042,5,242,1,0,0,33
1042,6,242,1,0,0,28
1042,7,242,1,0,0,17
1042,8,242,1,0,0,48
1042,9,242,1,0,0,34
1042,10,242,1,1,1,37
1042,11,242,1,1,1,54
1042,12,242,1,1,1,23
1042,13,242,1,1,1,35
1042,14,242,1,1,1,36
1042,15,242,1,1,1,40
1042,16,242,1,1,1,36
1042,17,242,1,1,1,37
1042,18,242,1,1,1,33
1042,19,242,1,1,1,28
1043,0,243,1,0,0,25
1043,1,243,1,0,0,20
1043,2,243,1,0,0,28
1043,3,243,1,0,0,31
1043,4,243,1,0,0,48
1043,5,243,1,0,0,48
1043,6,243,1,0,0,25
1043,7,243,1,0,0,36
1043,8,243,1,0,0,12
1043,9,243,1,0,0,37
1043,10,243,1,1,1,56
1043,11,243,1,1,1,61
1043,12,243,1,1,1,32
1043,13,243,1,1,1,36
1043,14,243,1,1,1,42
1043,15,243,1,1,1,30
1043,16,243,1,1,1,23
1043,17,243,1,1,1,46
1043,18,243,1,1,1,42
1043,19,243,1,1,1,43
1044,0,244,1,0,0,14
1044,1,244,1,0,0,14
1044,2,244,1,0,0,30
1044,3,244,1,0,0,33
1044,4,244,1,0,0,14
1044,5,244,1,0,0,35
1044,6,244,1,0,0,31
1044,7,244,1,0,0,49
1044,8,244,1,0,0,69
1044,9,244,1,0,0,38
1044,10,244,1,1,1,23
1044,11,244,1,1,1,23
1044,12,244,1,1,1,29
1044,13,244,1,1,1,41
1044,14,244,1,1,1,27
1044,15,244,1,1,1,61
1044,16,244,1,1,1,45
1044,17,244,1,1,1,30
1044,18,244,1,1,1,38
1044,19,244,1,1,1,30
1045,0,245,1,0,0,26
1045,1,245,1,0,0,56
1045,2,245,1,0,0,41
1045,3,245,1,0,0,39
1045,4,245,1,0,0,38
1045,5,245,1,0,0,40
1045,6,245,1,0,0,24
1045,7,245,1,0,0,25
1045,8,245,1,0,0,31
1045,9,245,1,0,0,28
1045,10,245,1,1,1,61
1045,11,245,1,1,1,32
1045,12,245,1,1,1,42
1045,13,245,1,1,1,47
1045,14,245,1,1,1,40
1045,15,245,1,1,1,29
1045,16,245,1,1,1,27
1045,17,245,1,1,1,36
1045,18,245,1,1,1,42
1045,19,245,1,1,1,38
1046,0,246,1,0,0,41
1046,1,246,1,0,0,34
1046,2,246,1,0,0,43
1046,3,246,1,0,0,27
1046,4,246,1,0,0,32
1046,5,246,1,0,0,42
1046,6,246,1,0,0,39
1046,7,246,1,0,0,22
1046,8,246,1,0,0,32
1046,9,246,1,0,0,28
1046,10,246,1,1,1,43
1046,11,246,1,1,1,49
1046,12,246,1,1,1,41
1046,13,246,1,1,1,51
1046,14,246,1,1,1,31
1046,15,246,1,1,1,32
1046,16,246,1,1,1,39
1046,17,246,1,1,1,36
1046,18,246,1,1,1,33
1046,19,246,1,1,1,30
1047,0,247,1,0,0,40
1047,1,247,1,0,0,29
1047,2,247,1,0,0,34
1047,3,247,1,0,0,51
1047,4,247,1,0,0,90
1047,5,247,1,0,0,34
1047,6,247,1,0,0,44
1047,7,247,1,0,0,77
1047,8,247,1,0,0,25
1047,9,247,1,0,0,34
1047,10,247,1,1,1,36
1047,11,247,1,1,1,26
1047,12,247,1,1,1,21
1047,13,247,1,1,1,51
1047,14,247,1,1,1,65
1047,15,247,1,1,1,35
1047,16,247,1,1,1,25
1047,17,247,1,1,1,36
1047,18,247,1,1,1,31
1047,19,247,1,1,1,45
1048,0,248,1,0,0,57
1048,1,248,1,0,0,25
1048,2,248,1,0,0,20
1048,3,248,1,0,0,36
1048,4,248,1,0,0,23
1048,5,248,1,0,0,47
1048,6,248,1,0,0,36
1048,7,248,1,0,0,28
1048,8,248,1,0,0,47
1048,9,248,1,0,0,41
1048,10,248,1,1,1,52
1048,11,248,1,1,1,47
1048,12,248,1,1,1,31
1048,13,248,1,1,1,41
1048,14,248,1,1,1,43
1048,15,248,1,1,1,28
1048,16,248,1,1,1,23
1048,17,248,1,1,1,36
1048,18,248,1,1,1,24
1048,19,248,1,1,1,28
1049,0,249,1,0,0,46
1049,1,249,1,0,0,28
1049,2,249,1,0,0,22
1049,3,249,1,0,0,42
1049,4,249,1,0,0,33
1049,5,249,1,0,0,25
1049,6,249,1,0,0,40
1049,7,249,1,0,0,24
1049,8,249,1,0,0,15
1049,9,249,1,0,0,66
1049,10,249,1,1,1,37
1049,11,249,1,1,1,47
1049,12,249,1,1,1,28
1049,13,249,1,1,1,39
1049,14,249,1,1,1,29
1049,15,249,1,1,1,28
1049,16,249,1,1,1,37
1049,17,249,1,1,1,23
1049,18,249,1,1,1,33
1049,19,249,1,1,1,43
1050,0,250,1,0,0,44
1050,1,250,1,0,0,36
1050,2,250,1,0,0,32
1050,3,250,1,0,0,39
1050,4,250,1,0,0,30
1050,5,250,1,0,0,52
1050,6,250,1,0,0,36
1050,7,250,1,0,0,28
1050,8,250,1,0,0,42
1050,9,250,1,0,0,37
1050,10,250,1,1,1,26
1050,11,250,1,1,1,48
1050,12,250,1,1,1,31
1050,13,250,1,1,1,25
1050,14,250,1,1,1,40
1050,15,250,1,1,1,40
1050,16,250,1,1,1,42
1050,17,250,1,1,1,31
1050,18,250,1,1,1,40
1050,19,250,1,1,1,20
1051,0,251,1,0,0,38
1051,1,251,1,0,0,69
1051,2,251,1,0,0,25
1051,3,251,1,0,0,29
1051,4,251,1,0,0,42
1051,5,251,1,0,0,31
1051,6,251,1,0,0,35
1051,7,251,1,0,0,29
1051,8,251,1,0,0,32
1051,9,251,1,0,0,40
1051,10,251,1,1,1,32
1051,11,251,1,1,1,37
1051,12,251,1,1,1,36
1051,13,251,1,1,1,49
1051,14,251,1,1,1,16
1051,15,251,1,1,1,43
1051,16,251,1,1,1,48
1051,17,251,1,1,1,39
1051,18,251,1,1,1,28
1051,19,251,1,1,1,58
1052,0,252,1,0,0,25
1052,1,252,1,0,0,48
1052,2,252,1,0,0,33
1052,3,252,1,0,0,43
1052,4,252,1,0,0,37
1052,5,252,1,0,0,28
1052,6,252,1,0,0,40
1052,7,252,1,0,0,49
1052,8,252,1,0,0,62
1052,9,252,1,0,0,41
1052,10,252,1,1,1,16
1052,11,252,1,1,1,28
1052,12,252,1,1,1,51
1052,13,252,1,1,1,34
1052,14,252,1,1,1,37
1052,15,252,1,1,1,42
1052,16,252,1,1,1,57
1052,17,252,1,1,1,46
1052,18,252,1,1,1,29
1052,19,252,1,1,1,42
1053,0,253,1,0,0,37
1053,1,253,1,0,0,32
1053,2,253,1,0,0,40
1053,3,253,1,0,0,41
1053,4,253,1,0,0,36
1053,5,253,1,0,0,19
1053,6,253,1,0,0,35
1053,7,253,1,0,0,35
1053,8,253,1,0,0,38
1053,9,253,1,0,0,38
1053,10,253,1,1,1,41
1053,11,253,1,1,1,45
1053,12,253,1,1,1,49
1053,13,253,1,1,1,33
1053,14,253,1,1,1,50
1053,15,253,1,1,1,34
1053,16,253,1,1,1,26
1053,17,253,1,1,1,25
1053,18,253,1,1,1,37
1053,19,253,1,1,1,38
1054,0,254,1,0,0,70
1054,1,254,1,0,0,51
1054,2,254,1,0,0,45
1054,3,254,1,0,0,27
1054,4,254,1,0,0,23
1054,5,254,1,0,0,38
1054,6,254,1,0,0,55
1054,7,254,1,0,0,25
1054,8,254,1,0,0,25
1054,9,254,1,0,0,40
1054,10,254,1,1,1,52
1054,11,254,1,1,1,39
1054,12,254,1,1,1,37
1054,13,254,1,1,1,52
1054,14,254,1,1,1,57
1054,15,254,1,1,1,60
1054,16,254,1,1,1,38
1054,17,254,1,1,1,29
1054,18,254,1,1,1,30
1054,19,254,1,1,1,61
1055,0,255,1,0,0,37
1055,1,255,1,0,0,42
1055,2,255,1,0,0,29
1055,3,255,1,0,0,34
1055,4,255,1,0,0,38
1055,5,255,1,0,0,43
1055,6,255,1,0,0,50
1055,7,255,1,0,0,29
1055,8,255,1,0,0,33
1055,9,255,1,0,0,28
1055,10,255,1,1,1,52
1055,11,255,1,1,1,43
1055,12,255,1,1,1,41
1055,13,255,1,1,1,59
1055,14,255,1,1,1,37
1055,15,255,1,1,1,46
1055,16,255,1,1,1,34
1055,17,255,1,1,1,41
1055,18,255,1,1,1,31
1055,19,255,1,1,1,26
1056,0,256,1,0,0,34
1056,1,256,1,0,0,29
1056,2,256,1,0,0,48
1056,3,256,1,0,0,21
1056,4,256,1,0,0,43
1056,5,256,1,0,0,33
1056,6,256,1,0,0,20
1056,7,256,1,0,0,36
1056,8,256,1,0,0,40
1056,9,256,1,0,0,46
1056,10,256,1,1,1,36
1056,11,256,1,1,1,51
1056,12,256,1,1,1,65
1056,13,256,1,1,1,45
1056,14,256,1,1,1,34
1056,15,256,1,1,1,31
1056,16,256,1,1,1,31
1056,17,256,1,1,1,82
1056,18,256,1,1,1,28
1056,19,256,1,1,1,44
1057,0,257,1,0,0,19
1057,1,257,1,0,0,42
1057,2,257,1,0,0,33
1057,3,257,1,0,0,40
1057,4,257,1,0,0,42
1057,5,257,1,0,0,38
1057,6,257,1,0,0,36
1057,7,257,1,0,0,21
1057,8,257,1,0,0,25
1057,9,257,1,0,0,78
1057,10,257,1,1,1,27
1057,11,257,1,1,1,45
1057,12,257,1,1,1,45
1057,13,257,1,1,1,28
1057,14,257,1,1,1,31
1057,15,257,1,1,1,42
1057,16,257,1,1,1,36
1057,17,257,1,1,1,34
1057,18,257,1,1,1,44
1057,19,257,1,1,1,23
1058,0,258,1,0,0,57
1058,1,258,1,0,0,50
1058,2,258,1,0,0,54
1058,3,258,1,0,0,48
1058,4,258,1,0,0,43
1058,5,258,1,0,0,41
1058,6,258,1,0,0,48
1058,7,258,1,0,0,17
1058,8,258,1,0,0,18
1058,9,258,1,0,0,37
1058,10,258,1,1,1,24
1058,11,258,1,1,1,40
1058,12,258,1,1,1,78
1058,13,258,1,1,1,22
1058,14,258,1,1,1,48
1058,15,258,1,1,1,34
1058,16,258,1,1,1,37
1058,17,258,1,1,1,43
1058,18,258,1,1,1,50
1058,19,258,1,1,1,40
1059,0,259,1,0,0,29
1059,1,259,1,0,0,31
1059,2,259,1,0,0,37
1059,3,259,1,0,0,86
1059,4,259,1,0,0,49
1059,5,259,1,0,0,54
1059,6,259,1,0,0,24
1059,7,259,1,0,0,71
1059,8,259,1,0,0,20
1059,9,259,1,0,0,29
1059,10,259,1,1,1,29
1059,11,259,1,1,1,41
1059,12,259,1,1,1,27
1059,13,259,1,1,1,59
1059,14,259,1,1,1,46
1059,15,259,1,1,1,48
1059,16,259,1,1,1,25
1059,17,259,1,1,1,58
1059,18,259,1,1,1,38
1059,19,259,1,1,1,26
1060,0,260,1,0,0,26
1060,1,260,1,0,0,33
1060,2,260,1,0,0,27
1060,3,260,1,0,0,70
1060,4,260,1,0,0,31
1060,5,260,1,0,0,29
1060,6,260,1,0,0,84
1060,7,260,1,0,0,48
1060,8,260,1,0,0,44
1060,9,260,1,0,0,24
1060,10,260,1,1,1,31
1060,11,260,1,1,1,28
1060,12,260,1,1,1,40
1060,13,260,1,1,1,36
1060,14,260,1,1,1,32
1060,15,260,1,1,1,62
1060,16,260,1,1,1,32
1060,17,260,1,1,1,36
1060,18,260,1,1,1,29
1060,19,260,1,1,1,52
1061,0,261,1,0,0,57
1061,1,261,1,0,0,36
1061,2,261,1,0,0,18
1061,3,261,1,0,0,31
1061,4,261,1,0,0,33
1061,5,261,1,0,0,53
1061,6,261,1,0,0,30
1061,7,261,1,0,0,32
1061,8,261,1,0,0,59
1061,9,261,1,0,0,41
1061,10,261,1,1,1,36
1061,11,261,1,1,1,37
1061,12,261,1,1,1,30
1061,13,261,1,1,1,31
1061,14,261,1,1,1,34
1061,15,261,1,1,1,31
1061,16,261,1,1,1,23
1061,17,261,1,1,1,46
1061,18,261,1,1,1,33
1061,19,261,1,1,1,56
1062,0,262,1,0,0,28
1062,1,262,1,0,0,36
1062,2,262,1,0,0,38
1062,3,262,1,0,0,30
1062,4,262,1,0,0,15
1062,5,262,1,0,0,39
1062,6,262,1,0,0,43
1062,7,262,1,0,0,39
1062,8,262,1,0,0,41
1062,9,262,1,0,0,51
1062,10,262,1,1,1,33
1062,11,262,1,1,1,48
1062,12,262,1,1,1,35
1062,13,262,1,1,1,30
1062,14,262,1,1,1,32
1062,15,262,1,1,1,50
1062,16,262,1,1,1,33
1062,17,262,1,1,1,34
1062,18,262,1,1,1,35
1062,19,262,1,1,1,41
1063,0,263,1,0,0,19
1063,1,263,1,0,0,40
1063,2,263,1,0,0,64
1063,3,263,1,0,0,37
1063,4,263,1,0,0,39
1063,5,263,1,0,0,38
1063,6,263,1,0,0,43
1063,7,263,1,0,0,45
1063,8,263,1,0,0,33
1063,9,263,1,0,0,42
1063,10,263,1,1,1,38
1063,11,263,1,1,1,57
1063,12,263,1,1,1,30
1063,13,263,1,1,1,48
1063,14,263,1,1,1,53
1063,15,263,1,1,1,39
1063,16,263,1,1,1,34
1063,17,263,1,1,1,26
1063,18,263,1,1,1,36
1063,19,263,1,1,1,53
1064,0,264,1,0,0,45
1064,1,264,1,0,0,39
1064,2,264,1,0,0,22
1064,3,264,1,0,0,39
1064,4,264,1,0,0,28
1064,5,264,1,0,0,51
1064,6,264,1,0,0,88
1064,7,264,1,0,0,25
1064,8,264,1,0,0,31
1064,9,264,1,0,0,43
1064,10,264,1,1,1,38
1064,11,264,1,1,1,49
1064,12,264,1,1,1,43
1064,13,264,1,1,1,40
1064,14,264,1,1,1,36
1064,15,264,1,1,1,36
1064,16,264,1,1,1,39
1064,17,264,1,1,1,52
1064,18,264,1,1,1,32
1064,19,264,1,1,1,54
1065,0,265,1,0,0,33
1065,1,265,1,0,0,39
1065,2,265,1,0,0,50
1065,3,265,1,0,0,39
1065,4,265,1,0,0,32
1065,5,265,1,0,0,19
1065,6,265,1,0,0,15
1065,7,265,1,0,0,41
1065,8,265,1,0,0,36
1065,9,265,1,0,0,73
1065,10,265,1,1,1,31
1065,11,265,1,1,1,35
1065,12,265,1,1,1,26
1065,13,265,1,1,1,53
1065,14,265,1,1,1,39
1065,15,265,1,1,1,33
1065,16,265,1,1,1,64
1065,17,265,1,1,1,31
1065,18,265,1,1,1,19
1065,19,265,1,1,1,32
1066,0,266,1,0,0,38
1066,1,266,1,0,0,29
1066,2,266,1,0,0,43
1066,3,266,1,0,0,15
1066,4,266,1,0,0,30
1066,5,266,1,0,0,41
1066,6,266,1,0,0,44
1066,7,266,1,0,0,24
1066,8,266,1,0,0,26
1066,9,266,1,0,0,34
1066,10,266,1,1,1,42
1066,11,266,1,1,1,77
1066,12,266,1,1,1,30
1066,13,266,1,1,1,45
1066,14,266,1,1,1,32
1066,15,266,1,1,1,54
1066,16,266,1,1,1,53
1066,17,266,1,1,1,49
1066,18,266,1,1,1,25
1066,19,266,1,1,1,56
1067,0,267,1,0,0,29
1067,1,267,1,0,0,42
1067,2,267,1,0,0,23
1067,3,267,1,0,0,37
1067,4,267,1,0,0,53
1067,5,267,1,0,0,33
1067,6,267,1,0,0,40
1067,7,267,1,0,0,45
1067,8,267,1,0,0,29
1067,9,267,1,0,0,35
1067,10,267,1,1,1,50
1067,11,267,1,1,1,40
1067,12,267,1,1,1,44
1067,13,267,1,1,1,29
1067,14,267,1,1,1,36
1067,15,267,1,1,1,19
1067,16,267,1,1,1,68
1067,17,267,1,1,1,33
1067,18,267,1,1,1,29
1067,19,267,1,1,1,66
1068,0,268,1,0,0,75
1068,1,268,1,0,0,58
1068,2,268,1,0,0,39
1068,3,268,1,0,0,31
1068,4,268,1,0,0,41
1068,5,268,1,0,0,32
1068,6,268,1,0,0,26
1068,7,268,1,0,0,44
1068,8,268,1,0,0,48
1068,9,268,1,0,0,61
1068,10,268,1,1,1,50
1068,11,268,1,1,1,33
1068,12,268,1,1,1,37
1068,13,268,1,1,1,76
1068,14,268,1,1,1,51
1068,15,268,1,1,1,42
1068,16,268,1,1,1,47
1068,17,268,1,1,1,25
1068,18,268,1,1,1,52
1068,19,268,1,1,1,32
1069,0,269,1,0,0,38
1069,1,269,1,0,0,30
1069,2,269,1,0,0,35
1069,3,269,1,0,0,39
1069,4,269,1,0,0,59
1069,5,269,1,0,0,61
1069,6,269,1,0,0,19
1069,7,269,1,0,0,28
1069,8,269,1,0,0,27
1069,9,269,1,0,0,42
1069,10,269,1,1,1,28
1069,11,269,1,1,1,49
1069,12,269,1,1,1,30
1069,13,269,1,1,1,59
1069,14,269,1,1,1,38
1069,15,269,1,1,1,44
1069,16,269,1,1,1,57
1069,17,269,1,1,1,27
1069,18,269,1,1,1,50
1069,19,269,1,1,1,37
1070,0,270,1,0,0,53
1070,1,270,1,0,0,43
1070,2,270,1,0,0,52
1070,3,270,1,0,0,29
1070,4,270,1,0,0,42
1070,5,270,1,0,0,71
1070,6,270,1,0,0,34
1070,7,270,1,0,0,53
1070,8,270,1,0,0,34
1070,9,270,1,0,0,66
1070,10,270,1,1,1,53
1070,11,270,1,1,1,38
1070,12,270,1,1,1,39
1070,13,270,1,1,1,86
1070,14,270,1,1,1,42
1070,15,270,1,1,1,64
1070,16,270,1,1,1,33
1070,17,270,1,1,1,63
1070,18,270,1,1,1,27
1070,19,270,1,1,1,52
1071,0,271,1,0,0,48
1071,1,271,1,0,0,32
1071,2,271,1,0,0,26
1071,3,271,1,0,0,56
1071,4,271,1,0,0,30
1071,5,271,1,0,0,51
1071,6,271,1,0,0,33
1071,7,271,1,0,0,63
1071,8,271,1,0,0,56
1071,9,271,1,0,0,67
1071,10,271,1,1,1,83
1071,11,271,1,1,1,38
1071,12,271,1,1,1,53
1071,13,271,1,1,1,28
1071,14,271,1,1,1,61
1071,15,271,1,1,1,52
1071,16,271,1,1,1,53
1071,17,271,1,1,1,59
1071,18,271,1,1,1,45
1071,19,271,1,1,1,67
1072,0,272,1,0,0,14
1072,1,272,1,0,0,47
1072,2,272,1,0,0,35
1072,3,272,1,0,0,46
1072,4,272,1,0,0,32
1072,5,272,1,0,0,51
1072,6,272,1,0,0,22
1072,7,272,1,0,0,26
1072,8,272,1,0,0,50
1072,9,272,1,0,0,64
1072,10,272,1,1,1,52
1072,11,272,1,1,1,48
1072,12,272,1,1,1,39
1072,13,272,1,1,1,39
1072,14,272,1,1,1,59
1072,15,272,1,1,1,47
1072,16,272,1,1,1,56
1072,17,272,1,1,1,28
1072,18,272,1,1,1,37
1072,19,272,1,1,1,36
1073,0,273,1,0,0,54
1073,1,273,1,0,0,45
1073,2,273,1,0,0,52
1073,3,273,1,0,0,36
1073,4,273,1,0,0,42
1073,5,273,1,0,0,32
1073,6,273,1,0,0,58
1073,7,273,1,0,0,20
1073,8,273,1,0,0,37
1073,9,273,1,0,0,43
1073,10,273,1,1,1,42
1073,11,273,1,1,1,52
1073,12,273,1,1,1,39
1073,13,273,1,1,1,45
1073,14,273,1,1,1,52
1073,15,273,1,1,1,42
1073,16,273,1,1,1,48
1073,17,273,1,1,1,46
1073,18,273,1,1,1,44
1073,19,273,1,1,1,36
1074,0,274,1,0,0,49
1074,1,274,1,0,0,36
1074,2,274,1,0,0,48
1074,3,274,1,0,0,61
1074,4,274,1,0,0,48
1074,5,274,1,0,0,19
1074,6,274,1,0,0,25
1074,7,274,1,0,0,41
1074,8,274,1,0,0,61
1074,9,274,1,0,0,37
1074,10,274,1,1,1,59
1074,11,274,1,1,1,32
1074,12,274,1,1,1,33
1074,13,274,1,1,1,37
1074,14,274,1,1,1,46
1074,15,274,1,1,1,53
1074,16,274,1,1,1,35
1074,17,274,1,1,1,44
1074,18,274,1,1,1,65
1074,19,274,1,1,1,48
1075,0,275,1,0,0,56
1075,1,275,1,0,0,40
1075,2,275,1,0,0,26
1075,3,275,1,0,0,46
1075,4,275,1,0,0,58
1075,5,275,1,0,0,30
1075,6,275,1,0,0,45
1075,7,275,1,0,0,31
1075,8,275,1,0,0,44
1075,9,275,1,0,0,27
1075,10,275,1,1,1,50
1075,11,275,1,1,1,45
1075,12,275,1,1,1,33
1075,13,275,1,1,1,47
1075,14,275,1,1,1,23
1075,15,275,1,1,1,33
1075,16,275,1,1,1,27
1075,17,275,1,1,1,51
1075,18,275,1,1,1,38
1075,19,275,1,1,1,44
1076,0,276,1,0,0,33
1076,1,276,1,0,0,37
1076,2,276,1,0,0,34
1076,3,276,1,0,0,40
1076,4,276,1,0,0,32
1076,5,276,1,0,0,39
1076,6,276,1,0,0,32
1076,7,276,1,0,0,20
1076,8,276,1,0,0,35
1076,9,276,1,0,0,41
1076,10,276,1,1,1,65
1076,11,276,1,1,1,48
1076,12,276,1,1,1,37
1076,13,276,1,1,1,39
1076,14,276,1,1,1,41
1076,15,276,1,1,1,44
1076,16,276,1,1,1,28
1076,17,276,1,1,1,33
1076,18,276,1,1,1,49
1076,19,276,1,1,1,30
1077,0,277,1,0,0,17
1077,1,277,1,0,0,72
1077,2,277,1,0,0,56
1077,3,277,1,0,0,52
1077,4,277,1,0,0,74
1077,5,277,1,0,0,37
1077,6,277,1,0,0,48
1077,7,277,1,0,0,56
1077,8,277,1,0,0,44
1077,9,277,1,0,0,71
1077,10,277,1,1,1,45
1077,11,277,1,1,1,41
1077,12,277,1,1,1,40
1077,13,277,1,1,1,38
1077,14,277,1,1,1,56
1077,15,277,1,1,1,47
1077,16,277,1,1,1,51
1077,17,277,1,1,1,46
1077,18,277,1,1,1,44
1077,19,277,1,1,1,38
1078,0,278,1,0,0,53
1078,1,278,1,0,0,19
1078,2,278,1,0,0,34
1078,3,278,1,0,0,26
1078,4,278,1,0,0,58
1078,5,278,1,0,0,55
1078,6,278,1,0,0,43
1078,7,278,1,0,0,37
1078,8,278,1,0,0,49
1078,9,278,1,0,0,35
1078,10,278,1,1,1,70
1078,11,278,1,1,1,40
1078,12,278,1,1,1,41
1078,13,278,1,1,1,39
1078,14,278,1,1,1,92
1078,15,278,1,1,1,39
1078,16,278,1,1,1,29
1078,17,278,1,1,1,45
1078,18,278,1,1,1,33
1078,19,278,1,1,1,44
1079,0,279,1,0,0,49
1079,1,279,1,0,0,53
1079,2,279,1,0,0,70
1079,3,279,1,0,0,44
1079,4,279,1,0,0,40
1079,5,279,1,0,0,53
1079,6,279,1,0,0,43
1079,7,279,1,0,0,69
1079,8,279,1,0,0,41
1079,9,279,1,0,0,56
1079,10,279,1,1,1,59
1079,11,279,1,1,1,34
1079,12,279,1,1,1,37
1079,13,279,1,1,1,33
1079,14,279,1,1,1,58
1079,15,279,1,1,1,32
1079,16,279,1,1,1,45
1079,17,279,1,1,1,57
1079,18,279,1,1,1,31
1079,19,279,1,1,1,29
1080,0,280,1,0,0,47
1080,1,280,1,0,0,44
1080,2,280,1,0,0,36
1080,3,280,1,0,0,42
1080,4,280,1,0,0,47
1080,5,280,1,0,0,51
1080,6,280,1,0,0,57
1080,7,280,1,0,0,41
1080,8,280,1,0,0,36
1080,9,280,1,0,0,52
1080,10,280,1,1,1,68
1080,11,280,1,1,1,38
1080,12,280,1,1,1,42
1080,13,280,1,1,1,28
1080,14,280,1,1,1,39
1080,15,280,1,1,1,36
1080,16,280,1,1,1,107
1080,17,280,1,1,1,42
1080,18,280,1,1,1,21
1080,19,280,1,1,1,39
1081,0,281,1,0,0,37
1081,1,281,1,0,0,44
1081,2,281,1,0,0,52
1081,3,281,1,0,0,54
1081,4,281,1,0,0,54
1081,5,281,1,0,0,24
1081,6,281,1,0,0,52
1081,7,281,1,0,0,34
1081,8,281,1,0,0,33
1081,9,281,1,0,0,27
1081,10,281,1,1,1,55
1081,11,281,1,1,1,45
1081,12,281,1,1,1,37
1081,13,281,1,1,1,40
1081,14,281,1,1,1,28
1081,15,281,1,1,1,80
1081,16,281,1,1,1,43
1081,17,281,1,1,1,38
1081,18,281,1,1,1,62
1081,19,281,1,1,1,29
1082,0,282,1,0,0,60
1082,1,282,1,0,0,27
1082,2,282,1,0,0,51
1082,3,282,1,0,0,37
1082,4,282,1,0,0,57
1082,5,282,1,0,0,67
1082,6,282,1,0,0,47
1082,7,282,1,0,0,35
1082,8,282,1,0,0,48
1082,9,282,1,0,0,60
1082,10,282,1,1,1,45
1082,11,282,1,1,1,31
1082,12,282,1,1,1,26
1082,13,282,1,1,1,37
1082,14,282,1,1,1,66
1082,15,282,1,1,1,37
1082,16,282,1,1,1,46
1082,17,282,1,1,1,57
1082,18,282,1,1,1,57
1082,19,282,1,1,1,55
1083,0,283,1,0,0,81
1083,1,283,1,0,0,47
1083,2,283,1,0,0,25
1083,3,283,1,0,0,46
1083,4,283,1,0,0,101
1083,5,283,1,0,0,54
1083,6,283,1,0,0,44
1083,7,283,1,0,0,60
1083,8,283,1,0,0,61
1083,9,283,1,0,0,36
1083,10,283,1,1,1,46
1083,11,283,1,1,1,25
1083,12,283,1,1,1,51
1083,13,283,1,1,1,43
1083,14,283,1,1,1,41
1083,15,283,1,1,1,43
1083,16,283,1,1,1,24
1083,17,283,1,1,1,35
1083,18,283,1,1,1,37
1083,19,283,1,1,1,44
1084,0,284,1,0,0,37
1084,1,284,1,0,0,38
1084,2,284,1,0,0,33
1084,3,284,1,0,0,50
1084,4,284,1,0,0,38
1084,5,284,1,0,0,76
1084,6,284,1,0,0,62
1084,7,284,1,0,0,44
1084,8,284,1,0,0,27
1084,9,284,1,0,0,39
1084,10,284,1,1,1,31
1084,11,284,1,1,1,41
1084,12,284,1,1,1,59
1084,13,284,1,1,1,44
1084,14,284,1,1,1,36
1084,15,284,1,1,1,45
1084,16,284,1,1,1,72
1084,17,284,1,1,1,67
1084,18,284,1,1,1,40
1084,19,284,1,1,1,55
1085,0,285,1,0,0,40
1085,1,285,1,0,0,54
1085,2,285,1,0,0,37
1085,3,285,1,0,0,32
1085,4,285,1,0,0,36
1085,5,285,1,0,0,27
1085,6,285,1,0,0,80
1085,7,285,1,0,0,47
1085,8,285,1,0,0,27
1085,9,285,1,0,0,40
1085,10,285,1,1,1,39
1085,11,285,1,1,1,52
1085,12,285,1,1,1,31
1085,13,285,1,1,1,59
1085,14,285,1,1,1,29
1085,15,285,1,1,1,58
1085,16,285,1,1,1,35
1085,17,285,1,1,1,30
1085,18,285,1,1,1,45
1085,19,285,1,1,1,53
1086,0,286,1,0,0,60
1086,1,286,1,0,0,45
1086,2,286,1,0,0,47
1086,3,286,1,0,0,37
1086,4,286,1,0,0,53
1086,5,286,1,0,0,68
1086,6,286,1,0,0,71
1086,7,286,1,0,0,66
1086,8,286,1,0,0,20
1086,9,286,1,0,0,61
1086,10,286,1,1,1,27
1086,11,286,1,1,1,41
1086,12,286,1,1,1,29
1086,13,286,1,1,1,33
1086,14,286,1,1,1,73
1086,15,286,1,1,1,32
1086,16,286,1,1,1,54
1086,17,286,1,1,1,40
1086,18,286,1,1,1,57
1086,19,286,1,1,1,29
1087,0,287,1,0,0,37
1087,1,287,1,0,0,80
1087,2,287,1,0,0,30
1087,3,287,1,0,0,39
1087,4,287,1,0,0,47
1087,5,287,1,0,0,45
1087,6,287,1,0,0,65
1087,7,287,1,0,0,51
1087,8,287,1,0,0,62
1087,9,287,1,0,0,39
1087,10,287,1,1,1,53
1087,11,287,1,1,1,54
1087,12,287,1,1,1,72
1087,13,287,1,1,1,77
1087,14,287,1,1,1,39
1087,15,287,1,1,1,39
1087,16,287,1,1,1,55
1087,17,287,1,1,1,72
1087,18,287,1,1,1,33
1087,19,287,1,1,1,71
1088,0,288,1,0,0,77
1088,1,288,1,0,0,19
1088,2,288,1,0,0,39
1088,3,288,1,0,0,54
1088,4,288,1,0,0,29
1088,5,288,1,0,0,56
1088,6,288,1,0,0,28
1088,7,288,1,0,0,71
1088,8,288,1,0,0,42
1088,9,288,1,0,0,75
1088,10,288,1,1,1,52
1088,11,288,1,1,1,34
1088,12,288,1,1,1,67
1088,13,288,1,1,1,52
1088,14,288,1,1,1,61
1088,15,288,1,1,1,45
1088,16,288,1,1,1,43
1088,17,288,1,1,1,83
1088,18,288,1,1,1,42
1088,19,288,1,1,1,43
1089,0,289,1,0,0,39
1089,1,289,1,0,0,38
1089,2,289,1,0,0,39
1089,3,289,1,0,0,44
1089,4,289,1,0,0,52
1089,5,289,1,0,0,35
1089,6,289,1,0,0,65
1089,7,289,1,0,0,46
1089,8,289,1,0,0,34
1089,9,289,1,0,0,43
1089,10,289,1,1,1,57
1089,11,289,1,1,1,53
1089,12,289,1,1,1,42
1089,13,289,1,1,1,51
1089,14,289,1,1,1,37
1089,15,289,1,1,1,77
1089,16,289,1,1,1,38
1089,17,289,1,1,1,31
1089,18,289,1,1,1,41
1089,19,289,1,1,1,42
1090,0,290,1,0,0,70
1090,1,290,1,0,0,34
1090,2,290,1,0,0,50
1090,3,290,1,0,0,131
1090,4,290,1,0,0,53
1090,5,290,1,0,0,59
1090,6,290,1,0,0,43
1090,7,290,1,0,0,59
1090,8,290,1,0,0,52
1090,9,290,1,0,0,136
1090,10,290,1,1,1,44
1090,11,290,1,1,1,30
1090,12,290,1,1,1,43
1090,13,290,1,1,1,58
1090,14,290,1,1,1,53
1090,15,290,1,1,1,43
1090,16,290,1,1,1,45
1090,17,290,1,1,1,46
1090,18,290,1,1,1,57
1090,19,290,1,1,1,57
1091,0,291,1,0,0,29
1091,1,291,1,0,0,60
1091,2,291,1,0,0,43
1091,3,291,1,0,0,54
1091,4,291,1,0,0,66
1091,5,291,1,0,0,47
1091,6,291,1,0,0,59
1091,7,291,1,0,0,63
1091,8,291,1,0,0,38
1091,9,291,1,0,0,41
1091,10,291,1,1,1,36
1091,11,291,1,1,1,42
1091,12,291,1,1,1,50
1091,13,291,1,1,1,66
1091,14,291,1,1,1,57
1091,15,291,1,1,1,47
1091,16,291,1,1,1,56
1091,17,291,1,1,1,32
1091,18,291,1,1,1,51
1091,19,291,1,1,1,48
1092,0,292,1,0,0,72
1092,1,292,1,0,0,66
1092,2,292,1,0,0,46
1092,3,292,1,0,0,50
1092,4,292,1,0,0,35
1092,5,292,1,0,0,35
1092,6,292,1,0,0,48
1092,7,292,1,0,0,35
1092,8,292,1,0,0,52
1092,9,292,1,0,0,48
1092,10,292,1,1,1,28
1092,11,292,1,1,1,63
1092,12,292,1,1,1,44
1092,13,292,1,1,1,65
1092,14,292,1,1,1,62
1092,15,292,1,1,1,45
1092,16,292,1,1,1,56
1092,17,292,1,1,1,45
1092,18,292,1,1,1,44
1092,19,292,1,1,1,72
1093,0,293,1,0,0,70
1093,1,293,1,0,0,75
1093,2,293,1,0,0,34
1093,3,293,1,0,0,58
1093,4,293,1,0,0,76
1093,5,293,1,0,0,30
1093,6,293,1,0,0,49
1093,7,293,1,0,0,93
1093,8,293,1,0,0,46
1093,9,293,1,0,0,26
1093,10,293,1,1,1,76
1093,11,293,1,1,1,87
1093,12,293,1,1,1,40
1093,13,293,1,1,1,57
1093,14,293,1,1,1,31
1093,15,293,1,1,1,43
1093,16,293,1,1,1,37
1093,17,293,1,1,1,63
1093,18,293,1,1,1,45
1093,19,293,1,1,1,89
1094,0,294,1,0,0,37
1094,1,294,1,0,0,90
1094,2,294,1,0,0,28
1094,3,294,1,0,0,37
1094,4,294,1,0,0,65
1094,5,294,1,0,0,40
1094,6,294,1,0,0,47
1094,7,294,1,0,0,65
1094,8,294,1,0,0,50
1094,9,294,1,0,0,55
1094,10,294,1,1,1,35
1094,11,294,1,1,1,33
1094,12,294,1,1,1,41
1094,13,294,1,1,1,43
1094,14,294,1,1,1,60
1094,15,294,1,1,1,29
1094,16,294,1,1,1,47
1094,17,294,1,1,1,51
1094,18,294,1,1,1,37
1094,19,294,1,1,1,37
1095,0,295,1,0,0,37
1095,1,295,1,0,0,56
1095,2,295,1,0,0,29
1095,3,295,1,0,0,44
1095,4,295,1,0,0,29
1095,5,295,1,0,0,69
1095,6,295,1,0,0,41
1095,7,295,1,0,0,53
1095,8,295,1,0,0,38
1095,9,295,1,0,0,58
1095,10,295,1,1,1,55
1095,11,295,1,1,1,44
1095,12,295,1,1,1,38
1095,13,295,1,1,1,48
1095,14,295,1,1,1,28
1095,15,295,1,1,1,28
1095,16,295,1,1,1,43
1095,17,295,1,1,1,61
1095,18,295,1,1,1,47
1095,19,295,1,1,1,29
1096,0,296,1,0,0,60
1096,1,296,1,0,0,57
1096,2,296,1,0,0,57
1096,3,296,1,0,0,55
1096,4,296,1,0,0,39
1096,5,296,1,0,0,33
1096,6,296,1,0,0,59
1096,7,296,1,0,0,47
1096,8,296,1,0,0,62
1096,9,296,1,0,0,25
1096,10,296,1,1,1,59
1096,11,296,1,1,1,42
1096,12,296,1,1,1,45
1096,13,296,1,1,1,69
1096,14,296,1,1,1,52
1096,15,296,1,1,1,87
1096,16,296,1,1,1,53
1096,17,296,1,1,1,54
1096,18,296,1,1,1,53
1096,19,296,1,1,1,61
1097,0,297,1,0,0,20
1097,1,297,1,0,0,43
1097,2,297,1,0,0,54
1097,3,297,1,0,0,36
1097,4,297,1,0,0,56
1097,5,297,1,0,0,46
1097,6,297,1,0,0,57
1097,7,297,1,0,0,45
1097,8,297,1,0,0,36
1097,9,297,1,0,0,30
1097,10,297,1,1,1,42
1097,11,297,1,1,1,36
1097,12,297,1,1,1,52
1097,13,297,1,1,1,75
1097,14,297,1,1,1,47
1097,15,297,1,1,1,50
1097,16,297,1,1,1,53
1097,17,297,1,1,1,43
1097,18,297,1,1,1,57
1097,19,297,1,1,1,43
1098,0,298,1,0,0,65
1098,1,298,1,0,0,79
1098,2,298,1,0,0,67
1098,3,298,1,0,0,52
1098,4,298,1,0,0,58
1098,5,298,1,0,0,35
1098,6,298,1,0,0,38
1098,7,298,1,0,0,50
1098,8,298,1,0,0,51
1098,9,298,1,0,0,62
1098,10,298,1,1,1,56
1098,11,298,1,1,1,74
1098,12,298,1,1,1,53
1098,13,298,1,1,1,58
1098,14,298,1,1,1,37
1098,15,298,1,1,1,42
1098,16,298,1,1,1,61
1098,17,298,1,1,1,94
1098,18,298,1,1,1,43
1098,19,298,1,1,1,50
1099,0,299,1,0,0,24
1099,1,299,1,0,0,37
1099,2,299,1,0,0,44
1099,3,299,1,0,0,72
1099,4,299,1,0,0,49
1099,5,299,1,0,0,41
1099,6,299,1,0,0,59
1099,7,299,1,0,0,76
1099,8,299,1,0,0,84
1099,9,299,1,0,0,22
1099,10,299,1,1,1,51
1099,11,299,1,1,1,41
1099,12,299,1,1,1,58
1099,13,299,1,1,1,77
1099,14,299,1,1,1,49
1099,15,299,1,1,1,52
1099,16,299,1,1,1,35
1099,17,299,1,1,1,55
1099,18,299,1,1,1,39
1099,19,299,1,1,1,50
1100,0,300,1,0,0,25
1100,1,300,1,0,0,72
1100,2,300,1,0,0,40
1100,3,300,1,0,0,38
1100,4,300,1,0,0,38
1100,5,300,1,0,0,51
1100,6,300,1,0,0,47
1100,7,300,1,0,0,28
1100,8,300,1,0,0,51
1100,9,300,1,0,0,116
1100,10,300,1,1,1,53
1100,11,300,1,1,1,38
1100,12,300,1,1,1,45
1100,13,300,1,1,1,57
1100,14,300,1,1,1,76
1100,15,300,1,1,1,56
1100,16,300,1,1,1,27
1100,17,300,1,1,1,44
1100,18,300,1,1,1,35
1100,19,300,1,1,1,44
1101,0,301,1,0,0,41
1101,1,301,1,0,0,74
1101,2,301,1,0,0,55
1101,3,301,1,0,0,63
1101,4,301,1,0,0,53
1101,5,301,1,0,0,141
1101,6,301,1,0,0,52
1101,7,301,1,0,0,51
1101,8,301,1,0,0,51
1101,9,301,1,0,0,73
1101,10,301,1,1,1,71
1101,11,301,1,1,1,43
1101,12,301,1,1,1,26
1101,13,301,1,1,1,63
1101,14,301,1,1,1,40
1101,15,301,1,1,1,116
1101,16,301,1,1,1,72
1101,17,301,1,1,1,63
1101,18,301,1,1,1,35
1101,19,301,1,1,1,33
1102,0,302,1,0,0,70
1102,1,302,1,0,0,25
1102,2,302,1,0,0,33
1102,3,302,1,0,0,27
1102,4,302,1,0,0,65
1102,5,302,1,0,0,46
1102,6,302,1,0,0,49
1102,7,302,1,0,0,35
1102,8,302,1,0,0,59
1102,9,302,1,0,0,48
1102,10,302,1,1,1,47
1102,11,302,1,1,1,53
1102,12,302,1,1,1,44
1102,13,302,1,1,1,44
1102,14,302,1,1,1,68
1102,15,302,1,1,1,49
1102,16,302,1,1,1,46
1102,17,302,1,1,1,57
1102,18,302,1,1,1,50
1102,19,302,1,1,1,71
1103,0,303,1,0,0,56
1103,1,303,1,0,0,33
1103,2,303,1,0,0,29
1103,3,303,1,0,0,57
1103,4,303,1,0,0,33
1103,5,303,1,0,0,54
1103,6,303,1,0,0,73
1103,7,303,1,0,0,73
1103,8,303,1,0,0,50
1103,9,303,1,0,0,29
1103,10,303,1,1,1,73
1103,11,303,1,1,1,60
1103,12,303,1,1,1,66
1103,13,303,1,1,1,28
1103,14,303,1,1,1,40
1103,15,303,1,1,1,42
1103,16,303,1,1,1,45
1103,17,303,1,1,1,66
1103,18,303,1,1,1,48
1103,19,303,1,1,1,62
1104,0,304,1,0,0,69
1104,1,304,1,0,0,69
1104,2,304,1,0,0,83
1104,3,304,1,0,0,54
1104,4,304,1,0,0,87
1104,5,304,1,0,0,98
1104,6,304,1,0,0,60
1104,7,304,1,0,0,40
1104,8,304,1,0,0,44
1104,9,304,1,0,0,54
1104,10,304,1,1,1,47
1104,11,304,1,1,1,62
1104,12,304,1,1,1,39
1104,13,304,1,1,1,68
1104,14,304,1,1,1,38
1104,15,304,1,1,1,49
1104,16,304,1,1,1,48
1104,17,304,1,1,1,108
1104,18,304,1,1,1,54
1104,19,304,1,1,1,33
1105,0,305,1,0,0,50
1105,1,305,1,0,0,45
1105,2,305,1,0,0,92
1105,3,305,1,0,0,32
1105,4,305,1,0,0,31
1105,5,305,1,0,0,46
1105,6,305,1,0,0,39
1105,7,305,1,0,0,27
1105,8,305,1,0,0,87
1105,9,305,1,0,0,28
1105,10,305,1,1,1,42
1105,11,305,1,1,1,30
1105,12,305,1,1,1,38
1105,13,305,1,1,1,41
1105,14,305,1,1,1,119
1105,15,305,1,1,1,77
1105,16,305,1,1,1,35
1105,17,305,1,1,1,48
1105,18,305,1,1,1,49
1105,19,305,1,1,1,59
1106,0,306,1,0,0,62
1106,1,306,1,0,0,34
1106,2,306,1,0,0,57
1106,3,306,1,0,0,50
1106,4,306,1,0,0,67
1106,5,306,1,0,0,54
1106,6,306,1,0,0,49
1106,7,306,1,0,0,37
1106,8,306,1,0,0,38
1106,9,306,1,0,0,63
1106,10,306,1,1,1,63
1106,11,306,1,1,1,46
1106,12,306,1,1,1,57
1106,13,306,1,1,1,72
1106,14,306,1,1,1,64
1106,15,306,1,1,1,54
1106,16,306,1,1,1,56
1106,17,306,1,1,1,51
1106,18,306,1,1,1,42
1106,19,306,1,1,1,51
1107,0,307,1,0,0,74
1107,1,307,1,0,0,32
1107,2,307,1,0,0,32
1107,3,307,1,0,0,58
1107,4,307,1,0,0,48
1107,5,307,1,0,0,43
1107,6,307,1,0,0,62
1107,7,307,1,0,0,55
1107,8,307,1,0,0,56
1107,9,307,1,0,0,54
1107,10,307,1,1,1,38
1107,11,307,1,1,1,45
1107,12,307,1,1,1,34
1107,13,307,1,1,1,64
1107,14,307,1,1,1,58
1107,15,307,1,1,1,55
1107,16,307,1,1,1,53
1107,17,307,1,1,1,47
1107,18,307,1,1,1,61
1107,19,307,1,1,1,80
1108,0,308,1,0,0,107
1108,1,308,1,0,0,87
1108,2,308,1,0,0,47
1108,3,308,1,0,0,57
1108,4,308,1,0,0,66
1108,5,308,1,0,0,17
1108,6,308,1,0,0,60
1108,7,308,1,0,0,56
1108,8,308,1,0,0,65
1108,9,308,1,0,0,108
1108,10,308,1,1,1,73
1108,11,308,1,1,1,60
1108,12,308,1,1,1,40
1108,13,308,1,1,1,41
1108,14,308,1,1,1,49
1108,15,308,1,1,1,54
1108,16,308,1,1,1,45
1108,17,308,1,1,1,32
1108,18,308,1,1,1,48
1108,19,308,1,1,1,88
1109,0,309,1,0,0,67
1109,1,309,1,0,0,41
1109,2,309,1,0,0,52
1109,3,309,1,0,0,32
1109,4,309,1,0,0,43
1109,5,309,1,0,0,59
1109,6,309,1,0,0,50
1109,7,309,1,0,0,31
1109,8,309,1,0,0,50
1109,9,309,1,0,0,68
1109,10,309,1,1,1,49
1109,11,309,1,1,1,31
1109,12,309,1,1,1,70
1109,13,309,1,1,1,47
1109,14,309,1,1,1,42
1109,15,309,1,1,1,71
1109,16,309,1,1,1,56
1109,17,309,1,1,1,33
1109,18,309,1,1,1,61
1109,19,309,1,1,1,81
1110,0,310,1,0,0,57
1110,1,310,1,0,0,47
1110,2,310,1,0,0,61
1110,3,310,1,0,0,38
1110,4,310,1,0,0,26
1110,5,310,1,0,0,49
1110,6,310,1,0,0,62
1110,7,310,1,0,0,64
1110,8,310,1,0,0,51
1110,9,310,1,0,0,56
1110,10,310,1,1,1,36
1110,11,310,1,1,1,38
1110,12,310,1,1,1,59
1110,13,310,1,1,1,37
1110,14,310,1,1,1,65
1110,15,310,1,1,1,43
1110,16,310,1,1,1,44
1110,17,310,1,1,1,79
1110,18,310,1,1,1,54
1110,19,310,1,1,1,50
1111,0,311,1,0,0,44
1111,1,311,1,0,0,68
1111,2,311,1,0,0,24
1111,3,311,1,0,0,58
1111,4,311,1,0,0,51
1111,5,311,1,0,0,45
1111,6,311,1,0,0,65
1111,7,311,1,0,0,50
1111,8,311,1,0,0,50
1111,9,311,1,0,0,71
1111,10,311,1,1,1,72
1111,11,311,1,1,1,90
1111,12,311,1,1,1,28
1111,13,311,1,1,1,45
1111,14,311,1,1,1,54
1111,15,311,1,1,1,49
1111,16,311,1,1,1,68
1111,17,311,1,1,1,69
1111,18,311,1,1,1,40
1111,19,311,1,1,1,56
1112,0,312,1,0,0,82
1112,1,312,1,0,0,52
1112,2,312,1,0,0,48
1112,3,312,1,0,0,58
1112,4,312,1,0,0,45
1112,5,312,1,0,0,59
1112,6,312,1,0,0,64
1112,7,312,1,0,0,40
1112,8,312,1,0,0,50
1112,9,312,1,0,0,54
1112,10,312,1,1,1,34
1112,11,312,1,1,1,51
1112,12,312,1,1,1,73
1112,13,312,1,1,1,44
1112,14,312,1,1,1,43
1112,15,312,1,1,1,85
1112,16,312,1,1,1,37
1112,17,312,1,1,1,42
1112,18,312,1,1,1,86
1112,19,312,1,1,1,59
1113,0,313,1,0,0,34
1113,1,313,1,0,0,41
1113,2,313,1,0,0,39
1113,3,313,1,0,0,98
1113,4,313,1,0,0,43
1113,5,313,1,0,0,58
1113,6,313,1,0,0,46
1113,7,313,1,0,0,24
1113,8,313,1,0,0,42
1113,9,313,1,0,0,34
1113,10,313,1,1,1,95
1113,11,313,1,1,1,59
1113,12,313,1,1,1,44
1113,13,313,1,1,1,49
1113,14,313,1,1,1,40
1113,15,313,1,1,1,34
1113,16,313,1,1,1,102
1113,17,313,1,1,1,111
1113,18,313,1,1,1,48
1113,19,313,1,1,1,36
1114,0,314,1,0,0,61
1114,1,314,1,0,0,50
1114,2,314,1,0,0,96
1114,3,314,1,0,0,71
1114,4,314,1,0,0,63
1114,5,314,1,0,0,57
1114,6,314,1,0,0,69
1114,7,314,1,0,0,34
1114,8,314,1,0,0,40
1114,9,314,1,0,0,58
1114,10,314,1,1,1,89
1114,11,314,1,1,1,93
1114,12,314,1,1,1,57
1114,13,314,1,1,1,49
1114,14,314,1,1,1,60
1114,15,314,1,1,1,58
1114,16,314,1,1,1,63
1114,17,314,1,1,1,40
1114,18,314,1,1,1,53
1114,19,314,1,1,1,49
1115,0,315,1,0,0,71
1115,1,315,1,0,0,59
1115,2,315,1,0,0,49
1115,3,315,1,0,0,55
1115,4,315,1,0,0,43
1115,5,315,1,0,0,50
1115,6,315,1,0,0,54
1115,7,315,1,0,0,54
1115,8,315,1,0,0,59
1115,9,315,1,0,0,36
1115,10,315,1,1,1,34
1115,11,315,1,1,1,57
1115,12,315,1,1,1,41
1115,13,315,1,1,1,68
1115,14,315,1,1,1,52
1115,15,315,1,1,1,102
1115,16,315,1,1,1,51
1115,17,315,1,1,1,59
1115,18,315,1,1,1,78
1115,19,315,1,1,1,79
1116,0,316,1,0,0,55
1116,1,316,1,0,0,55
1116,2,316,1,0,0,48
1116,3,316,1,0,0,56
1116,4,316,1,0,0,59
1116,5,316,1,0,0,99
1116,6,316,1,0,0,39
1116,7,316,1,0,0,22
1116,8,316,1,0,0,46
1116,9,316,1,0,0,76
1116,10,316,1,1,1,50
1116,11,316,1,1,1,85
1116,12,316,1,1,1,54
1116,13,316,1,1,1,77
1116,14,316,1,1,1,45
1116,15,316,1,1,1,81
1116,16,316,1,1,1,55
1116,17,316,1,1,1,43
1116,18,316,1,1,1,78
1116,19,316,1,1,1,82
1117,0,317,1,0,0,76
1117,1,317,1,0,0,60
1117,2,317,1,0,0,48
1117,3,317,1,0,0,63
1117,4,317,1,0,0,59
1117,5,317,1,0,0,46
1117,6,317,1,0,0,67
1117,7,317,1,0,0,89
1117,8,317,1,0,0,51
1117,9,317,1,0,0,44
1117,10,317,1,1,1,87
1117,11,317,1,1,1,74
1117,12,317,1,1,1,92
1117,13,317,1,1,1,34
1117,14,317,1,1,1,33
1117,15,317,1,1,1,36
1117,16,317,1,1,1,46
1117,17,317,1,1,1,52
1117,18,317,1,1,1,91
1117,19,317,1,1,1,61
1118,0,318,1,0,0,31
1118,1,318,1,0,0,53
1118,2,318,1,0,0,77
1118,3,318,1,0,0,54
1118,4,318,1,0,0,40
1118,5,318,1,0,0,75
1118,6,318,1,0,0,50
1118,7,318,1,0,0,83
1118,8,318,1,0,0,70
1118,9,318,1,0,0,43
1118,10,318,1,1,1,86
1118,11,318,1,1,1,68
1118,12,318,1,1,1,55
1118,13,318,1,1,1,49
1118,14,318,1,1,1,62
1118,15,318,1,1,1,38
1118,16,318,1,1,1,72
1118,17,318,1,1,1,63
1118,18,318,1,1,1,62
1118,19,318,1,1,1,66
1119,0,319,1,0,0,68
1119,1,319,1,0,0,58
1119,2,319,1,0,0,43
1119,3,319,1,0,0,84
1119,4,319,1,0,0,69
1119,5,319,1,0,0,46
1119,6,319,1,0,0,52
1119,7,319,1,0,0,59
1119,8,319,1,0,0,61
1119,9,319,1,0,0,55
1119,10,319,1,1,1,41
1119,11,319,1,1,1,86
1119,12,319,1,1,1,50
1119,13,319,1,1,1,72
1119,14,319,1,1,1,41
1119,15,319,1,1,1,64
1119,16,319,1,1,1,63
1119,17,319,1,1,1,42
1119,18,319,1,1,1,65
1119,19,319,1,1,1,45
1120,0,320,1,0,0,83
1120,1,320,1,0,0,45
1120,2,320,1,0,0,55
1120,3,320,1,0,0,65
1120,4,320,1,0,0,59
1120,5,320,1,0,0,40
1120,6,320,1,0,0,85
1120,7,320,1,0,0,63
1120,8,320,1,0,0,55
1120,9,320,1,0,0,60
1120,10,320,1,1,1,72
1120,11,320,1,1,1,43
1120,12,320,1,1,1,79
1120,13,320,1,1,1,50
1120,14,320,1,1,1,34
1120,15,320,1,1,1,74
1120,16,320,1,1,1,54
1120,17,320,1,1,1,61
1120,18,320,1,1,1,54
1120,19,320,1,1,1,98
1121,0,321,1,0,0,71
1121,1,321,1,0,0,82
1121,2,321,1,0,0,47
1121,3,321,1,0,0,44
1121,4,321,1,0,0,96
1121,5,321,1,0,0,54
1121,6,321,1,0,0,126
1121,7,321,1,0,0,101
1121,8,321,1,0,0,75
1121,9,321,1,0,0,59
1121,10,321,1,1,1,71
1121,11,321,1,1,1,44
1121,12,321,1,1,1,40
1121,13,321,1,1,1,77
1121,14,321,1,1,1,95
1121,15,321,1,1,1,51
1121,16,321,1,1,1,40
1121,17,321,1,1,1,32
1121,18,321,1,1,1,32
1121,19,321,1,1,1,47
1122,0,322,1,0,0,52
1122,1,322,1,0,0,96
1122,2,322,1,0,0,37
1122,3,322,1,0,0,57
1122,4,322,1,0,0,67
1122,5,322,1,0,0,90
1122,6,322,1,0,0,94
1122,7,322,1,0,0,60
1122,8,322,1,0,0,46
1122,9,322,1,0,0,55
1122,10,322,1,1,1,79
1122,11,322,1,1,1,80
1122,12,322,1,1,1,55
1122,13,322,1,1,1,60
1122,14,322,1,1,1,74
1122,15,322,1,1,1,107
1122,16,322,1,1,1,63
1122,17,322,1,1,1,76
1122,18,322,1,1,1,68
1122,19,322,1,1,1,83
1123,0,323,1,0,0,79
1123,1,323,1,0,0,43
1123,2,323,1,0,0,35
1123,3,323,1,0,0,55
1123,4,323,1,0,0,32
1123,5,323,1,0,0,58
1123,6,323,1,0,0,55
1123,7,323,1,0,0,55
1123,8,323,1,0,0,67
1123,9,323,1,0,0,48
1123,10,323,1,1,1,37
1123,11,323,1,1,1,109
1123,12,323,1,1,1,44
1123,13,323,1,1,1,34
1123,14,323,1,1,1,40
1123,15,323,1,1,1,38
1123,16,323,1,1,1,58
1123,17,323,1,1,1,56
1123,18,323,1,1,1,57
1123,19,323,1,1,1,66
1124,0,324,1,0,0,50
1124,1,324,1,0,0,66
1124,2,324,1,0,0,71
1124,3,324,1,0,0,91
1124,4,324,1,0,0,70
1124,5,324,1,0,0,56
1124,6,324,1,0,0,58
1124,7,324,1,0,0,63
1124,8,324,1,0,0,63
1124,9,324,1,0,0,41
1124,10,324,1,1,1,54
1124,11,324,1,1,1,67
1124,12,324,1,1,1,60
1124,13,324,1,1,1,74
1124,14,324,1,1,1,44
1124,15,324,1,1,1,75
1124,16,324,1,1,1,56
1124,17,324,1,1,1,63
1124,18,324,1,1,1,94
1124,19,324,1,1,1,46
1125,0,325,1,0,0,108
1125,1,325,1,0,0,68
1125,2,325,1,0,0,35
1125,3,325,1,0,0,46
1125,4,325,1,0,0,75
1125,5,325,1,0,0,53
1125,6,325,1,0,0,47
1125,7,325,1,0,0,85
1125,8,325,1,0,0,84
1125,9,325,1,0,0,83
1125,10,325,1,1,1,46
1125,11,325,1,1,1,48
1125,12,325,1,1,1,63
1125,13,325,1,1,1,53
1125,14,325,1,1,1,45
1125,15,325,1,1,1,53
1125,16,325,1,1,1,67
1125,17,325,1,1,1,56
1125,18,325,1,1,1,70
1125,19,325,1,1,1,46
1126,0,326,1,0,0,34
1126,1,326,1,0,0,72
1126,2,326,1,0,0,40
1126,3,326,1,0,0,48
1126,4,326,1,0,0,56
1126,5,326,1,0,0,59
1126,6,326,1,0,0,78
1126,7,326,1,0,0,67
1126,8,326,1,0,0,48
1126,9,326,1,0,0,59
1126,10,326,1,1,1,64
1126,11,326,1,1,1,63
1126,12,326,1,1,1,57
1126,13,326,1,1,1,36
1126,14,326,1,1,1,65
1126,15,326,1,1,1,71
1126,16,326,1,1,1,67
1126,17,326,1,1,1,77
1126,18,326,1,1,1,65
1126,19,326,1,1,1,79
1127,0,327,1,0,0,29
1127,1,327,1,0,0,41
1127,2,327,1,0,0,46
1127,3,327,1,0,0,55
1127,4,327,1,0,0,75
1127,5,327,1,0,0,96
1127,6,327,1,0,0,69
1127,7,327,1,0,0,69
1127,8,327,1,0,0,69
1127,9,327,1,0,0,62
1127,10,327,1,1,1,81
1127,11,327,1,1,1,76
1127,12,327,1,1,1,61
1127,13,327,1,1,1,68
1127,14,327,1,1,1,59
1127,15,327,1,1,1,46
1127,16,327,1,1,1,76
1127,17,327,1,1,1,48
1127,18,327,1,1,1,37
1127,19,327,1,1,1,51
1128,0,328,1,0,0,48
1128,1,328,1,0,0,60
1128,2,328,1,0,0,54
1128,3,328,1,0,0,62
1128,4,328,1,0,0,51
1128,5,328,1,0,0,39
1128,6,328,1,0,0,139
1128,7,328,1,0,0,48
1128,8,328,1,0,0,62
1128,9,328,1,0,0,60
1128,10,328,1,1,1,64
1128,11,328,1,1,1,62
1128,12,328,1,1,1,71
1128,13,328,1,1,1,71
1128,14,328,1,1,1,71
1128,15,328,1,1,1,70
1128,16,328,1,1,1,75
1128,17,328,1,1,1,67
1128,18,328,1,1,1,51
1128,19,328,1,1,1,46
1129,0,329,1,0,0,49
1129,1,329,1,0,0,49
1129,2,329,1,0,0,71
1129,3,329,1,0,0,94
1129,4,329,1,0,0,32
1129,5,329,1,0,0,49
1129,6,329,1,0,0,45
1129,7,329,1,0,0,49
1129,8,329,1,0,0,61
1129,9,329,1,0,0,99
1129,10,329,1,1,1,82
1129,11,329,1,1,1,70
1129,12,329,1,1,1,45
1129,13,329,1,1,1,62
1129,14,329,1,1,1,42
1129,15,329,1,1,1,68
1129,16,329,1,1,1,37
1129,17,329,1,1,1,26
1129,18,329,1,1,1,53
1129,19,329,1,1,1,55
1130,0,330,1,0,0,54
1130,1,330,1,0,0,65
1130,2,330,1,0,0,67
1130,3,330,1,0,0,101
1130,4,330,1,0,0,57
1130,5,330,1,0,0,53
1130,6,330,1,0,0,94
1130,7,330,1,0,0,63
1130,8,330,1,0,0,43
1130,9,330,1,0,0,58
1130,10,330,1,1,1,61
1130,11,330,1,1,1,53
1130,12,330,1,1,1,71
1130,13,330,1,1,1,40
1130,14,330,1,1,1,60
1130,15,330,1,1,1,53
1130,16,330,1,1,1,55
1130,17,330,1,1,1,65
1130,18,330,1,1,1,54
1130,19,330,1,1,1,50
1131,0,331,1,0,0,54
1131,1,331,1,0,0,44
1131,2,331,1,0,0,73
1131,3,331,1,0,0,88
1131,4,331,1,0,0,92
1131,5,331,1,0,0,66
1131,6,331,1,0,0,58
1131,7,331,1,0,0,34
1131,8,331,1,0,0,139
1131,9,331,1,0,0,61
1131,10,331,1,1,1,79
1131,11,331,1,1,1,65
1131,12,331,1,1,1,62
1131,13,331,1,1,1,50
1131,14,331,1,1,1,62
1131,15,331,1,1,1,84
1131,16,331,1,1,1,59
1131,17,331,1,1,1,64
1131,18,331,1,1,1,90
1131,19,331,1,1,1,53
1132,0,332,1,0,0,58
1132,1,332,1,0,0,55
1132,2,332,1,0,0,56
1132,3,332,1,0,0,61
1132,4,332,1,0,0,107
1132,5,332,1,0,0,69
1132,6,332,1,0,0,71
1132,7,332,1,0,0,78
1132,8,332,1,0,0,65
1132,9,332,1,0,0,67
1132,10,332,1,1,1,72
1132,11,332,1,1,1,92
1132,12,332,1,1,1,70
1132,13,332,1,1,1,47
1132,14,332,1,1,1,62
1132,15,332,1,1,1,27
1132,16,332,1,1,1,66
1132,17,332,1,1,1,74
1132,18,332,1,1,1,89
1132,19,332,1,1,1,52
1133,0,333,1,0,0,56
1133,1,333,1,0,0,91
1133,2,333,1,0,0,45
1133,3,333,1,0,0,61
1133,4,333,1,0,0,120
1133,5,333,1,0,0,66
1133,6,333,1,0,0,82
1133,7,333,1,0,0,85
1133,8,333,1,0,0,40
1133,9,333,1,0,0,61
1133,10,333,1,1,1,91
1133,11,333,1,1,1,67
1133,12,333,1,1,1,87
1133,13,333,1,1,1,52
1133,14,333,1,1,1,75
1133,15,333,1,1,1,59
1133,16,333,1,1,1,50
1133,17,333,1,1,1,64
1133,18,333,1,1,1,69
1133,19,333,1,1,1,48
1134,0,334,1,0,0,117
1134,1,334,1,0,0,65
1134,2,334,1,0,0,107
1134,3,334,1,0,0,65
1134,4,334,1,0,0,72
1134,5,334,1,0,0,61
1134,6,334,1,0,0,53
1134,7,334,1,0,0,64
1134,8,334,1,0,0,80
1134,9,334,1,0,0,61
1134,10,334,1,1,1,69
1134,11,334,1,1,1,62
1134,12,334,1,1,1,71
1134,13,334,1,1,1,45
1134,14,334,1,1,1,46
1134,15,334,1,1,1,64
1134,16,334,1,1,1,54
1134,17,334,1,1,1,50
1134,18,334,1,1,1,76
1134,19,334,1,1,1,68
1135,0,335,1,0,0,70
1135,1,335,1,0,0,49
1135,2,335,1,0,0,74
1135,3,335,1,0,0,68
1135,4,335,1,0,0,85
1135,5,335,1,0,0,75
1135,6,335,1,0,0,67
1135,7,335,1,0,0,103
1135,8,335,1,0,0,68
1135,9,335,1,0,0,122
1135,10,335,1,1,1,68
1135,11,335,1,1,1,60
1135,12,335,1,1,1,85
1135,13,335,1,1,1,90
1135,14,335,1,1,1,70
1135,15,335,1,1,1,69
1135,16,335,1,1,1,61
1135,17,335,1,1,1,116
1135,18,335,1,1,1,63
1135,19,335,1,1,1,71
1136,0,336,1,0,0,68
1136,1,336,1,0,0,75
1136,2,336,1,0,0,73
1136,3,336,1,0,0,95
1136,4,336,1,0,0,45
1136,5,336,1,0,0,47
1136,6,336,1,0,0,53
1136,7,336,1,0,0,98
1136,8,336,1,0,0,90
1136,9,336,1,0,0,51
1136,10,336,1,1,1,76
1136,11,336,1,1,1,43
1136,12,336,1,1,1,77
1136,13,336,1,1,1,81
1136,14,336,1,1,1,60
1136,15,336,1,1,1,84
1136,16,336,1,1,1,70
1136,17,336,1,1,1,49
1136,18,336,1,1,1,63
1136,19,336,1,1,1,51
1137,0,337,1,0,0,62
1137,1,337,1,0,0,69
1137,2,337,1,0,0,78
1137,3,337,1,0,0,57
1137,4,337,1,0,0,43
1137,5,337,1,0,0,45
1137,6,337,1,0,0,42
1137,7,337,1,0,0,64
1137,8,337,1,0,0,49
1137,9,337,1,0,0,41
1137,10,337,1,1,1,80
1137,11,337,1,1,1,98
1137,12,337,1,1,1,62
1137,13,337,1,1,1,39
1137,14,337,1,1,1,101
1137,15,337,1,1,1,76
1137,16,337,1,1,1,91
1137,17,337,1,1,1,72
1137,18,337,1,1,1,64
1137,19,337,1,1,1,73
1138,0,338,1,0,0,60
1138,1,338,1,0,0,61
1138,2,338,1,0,0,56
1138,3,338,1,0,0,57
1138,4,338,1,0,0,53
1138,5,338,1,0,0,47
1138,6,338,1,0,0,36
1138,7,338,1,0,0,88
1138,8,338,1,0,0,61
1138,9,338,1,0,0,57
1138,10,338,1,1,1,81
1138,11,338,1,1,1,59
1138,12,338,1,1,1,76
1138,13,338,1,1,1,45
1138,14,338,1,1,1,65
1138,15,338,1,1,1,53
1138,16,338,1,1,1,55
1138,17,338,1,1,1,45
1138,18,338,1,1,1,91
1138,19,338,1,1,1,44
1139,0,339,1,0,0,97
1139,1,339,1,0,0,83
1139,2,339,1,0,0,49
1139,3,339,1,0,0,79
1139,4,339,1,0,0,62
1139,5,339,1,0,0,91
1139,6,339,1,0,0,76
1139,7,339,1,0,0,109
1139,8,339,1,0,0,90
1139,9,339,1,0,0,75
1139,10,339,1,1,1,59
1139,11,339,1,1,1,47
1139,12,339,1,1,1,83
1139,13,339,1,1,1,59
1139,14,339,1,1,1,75
1139,15,339,1,1,1,59
1139,16,339,1,1,1,89
1139,17,339,1,1,1,63
1139,18,339,1,1,1,53
1139,19,339,1,1,1,45
1140,0,340,1,0,0,70
1140,1,340,1,0,0,57
1140,2,340,1,0,0,71
1140,3,340,1,0,0,91
1140,4,340,1,0,0,44
1140,5,340,1,0,0,78
1140,6,340,1,0,0,49
1140,7,340,1,0,0,28
1140,8,340,1,0,0,59
1140,9,340,1,0,0,94
1140,10,340,1,1,1,37
1140,11,340,1,1,1,40
1140,12,340,1,1,1,54
1140,13,340,1,1,1,49
1140,14,340,1,1,1,64
1140,15,340,1,1,1,47
1140,16,340,1,1,1,89
1140,17,340,1,1,1,84
1140,18,340,1,1,1,79
1140,19,340,1,1,1,63
1141,0,341,1,0,0,90
1141,1,341,1,0,0,74
1141,2,341,1,0,0,69
1141,3,341,1,0,0,70
1141,4,341,1,0,0,91
1141,5,341,1,0,0,50
1141,6,341,1,0,0,62
1141,7,341,1,0,0,35
1141,8,341,1,0,0,85
1141,9,341,1,0,0,71
1141,10,341,1,1,1,82
1141,11,341,1,1,1,88
1141,12,341,1,1,1,70
1141,13,341,1,1,1,53
1141,14,341,1,1,1,88
1141,15,341,1,1,1,57
1141,16,341,1,1,1,98
1141,17,341,1,1,1,98
1141,18,341,1,1,1,48
1141,19,341,1,1,1,62
1142,0,342,1,0,0,98
1142,1,342,1,0,0,91
1142,2,342,1,0,0,53
1142,3,342,1,0,0,75
1142,4,342,1,0,0,66
1142,5,342,1,0,0,49
1142,6,342,1,0,0,61
1142,7,342,1,0,0,55
1142,8,342,1,0,0,46
1142,9,342,1,0,0,96
1142,10,342,1,1,1,84
1142,11,342,1,1,1,78
1142,12,342,1,1,1,104
1142,13,342,1,1,1,52
1142,14,342,1,1,1,70
1142,15,342,1,1,1,52
1142,16,342,1,1,1,73
1142,17,342,1,1,1,59
1142,18,342,1,1,1,100
1142,19,342,1,1,1,80
1143,0,343,1,0,0,120
1143,1,343,1,0,0,32
1143,2,343,1,0,0,120
1143,3,343,1,0,0,60
1143,4,343,1,0,0,65
1143,5,343,1,0,0,71
1143,6,343,1,0,0,89
1143,7,343,1,0,0,60
1143,8,343,1,0,0,82
1143,9,343,1,0,0,75
1143,10,343,1,1,1,80
1143,11,343,1,1,1,40
1143,12,343,1,1,1,51
1143,13,343,1,1,1,66
1143,14,343,1,1,1,49
1143,15,343,1,1,1,93
1143,16,343,1,1,1,73
1143,17,343,1,1,1,56
1143,18,343,1,1,1,56
1143,19,343,1,1,1,93
1144,0,344,1,0,0,45
1144,1,344,1,0,0,93
1144,2,344,1,0,0,133
1144,3,344,1,0,0,66
1144,4,344,1,0,0,37
1144,5,344,1,0,0,97
1144,6,344,1,0,0,88
1144,7,344,1,0,0,89
1144,8,344,1,0,0,66
1144,9,344,1,0,0,59
1144,10,344,1,1,1,66
1144,11,344,1,1,1,59
1144,12,344,1,1,1,58
1144,13,344,1,1,1,48
1144,14,344,1,1,1,54
1144,15,344,1,1,1,90
1144,16,344,1,1,1,55
1144,17,344,1,1,1,43
1144,18,344,1,1,1,107
1144,19,344,1,1,1,64
1145,0,345,1,0,0,57
1145,1,345,1,0,0,56
1145,2,345,1,0,0,69
1145,3,345,1,0,0,42
1145,4,345,1,0,0,63
1145,5,345,1,0,0,57
1145,6,345,1,0,0,42
1145,7,345,1,0,0,73
1145,8,345,1,0,0,63
1145,9,345,1,0,0,60
1145,10,345,1,1,1,101
1145,11,345,1,1,1,72
1145,12,345,1,1,1,59
1145,13,345,1,1,1,76
1145,14,345,1,1,1,83
1145,15,345,1,1,1,115
1145,16,345,1,1,1,70
1145,17,345,1,1,1,64
1145,18,345,1,1,1,74
1145,19,345,1,1,1,83
1146,0,346,1,0,0,50
1146,1,346,1,0,0,70
1146,2,346,1,0,0,98
1146,3,346,1,0,0,47
1146,4,346,1,0,0,58
1146,5,346,1,0,0,61
1146,6,346,1,0,0,50
1146,7,346,1,0,0,69
1146,8,346,1,0,0,89
1146,9,346,1,0,0,39
1146,10,346,1,1,1,76
1146,11,346,1,1,1,51
1146,12,346,1,1,1,116
1146,13,346,1,1,1,114
1146,14,346,1,1,1,60
1146,15,346,1,1,1,96
1146,16,346,1,1,1,68
1146,17,346,1,1,1,58
1146,18,346,1,1,1,68
1146,19,346,1,1,1,70
1147,0,347,1,0,0,62
1147,1,347,1,0,0,49
1147,2,347,1,0,0,61
1147,3,347,1,0,0,66
1147,4,347,1,0,0,118
1147,5,347,1,0,0,78
1147,6,347,1,0,0,66
1147,7,347,1,0,0,117
1147,8,347,1,0,0,45
1147,9,347,1,0,0,42
1147,10,347,1,1,1,64
1147,11,347,1,1,1,82
1147,12,347,1,1,1,53
1147,13,347,1,1,1,78
1147,14,347,1,1,1,86
1147,15,347,1,1,1,64
1147,16,347,1,1,1,73
1147,17,347,1,1,1,74
1147,18,347,1,1,1,73
1147,19,347,1,1,1,71
1148,0,348,1,0,0,113
1148,1,348,1,0,0,79
1148,2,348,1,0,0,56
1148,3,348,1,0,0,123
1148,4,348,1,0,0,74
1148,5,348,1,0,0,79
1148,6,348,1,0,0,80
1148,7,348,1,0,0,71
1148,8,348,1,0,0,55
1148,9,348,1,0,0,91
1148,10,348,1,1,1,76
1148,11,348,1,1,1,89
1148,12,348,1,1,1,75
1148,13,348,1,1,1,77
1148,14,348,1,1,1,92
1148,15,348,1,1,1,66
1148,16,348,1,1,1,53
1148,17,348,1,1,1,71
1148,18,348,1,1,1,101
1148,19,348,1,1,1,70
1149,0,349,1,0,0,52
1149,1,349,1,0,0,81
1149,2,349,1,0,0,58
1149,3,349,1,0,0,91
1149,4,349,1,0,0,57
1149,5,349,1,0,0,75
1149,6,349,1,0,0,36
1149,7,349,1,0,0,77
1149,8,349,1,0,0,84
1149,9,349,1,0,0,60
1149,10,349,1,1,1,73
1149,11,349,1,1,1,64
1149,12,349,1,1,1,64
1149,13,349,1,1,1,61
1149,14,349,1,1,1,69
1149,15,349,1,1,1,52
1149,16,349,1,1,1,92
1149,17,349,1,1,1,81
1149,18,349,1,1,1,69
1149,19,349,1,1,1,96
1150,0,350,1,0,0,65
1150,1,350,1,0,0,94
1150,2,350,1,0,0,105
1150,3,350,1,0,0,77
1150,4,350,1,0,0,103
1150,5,350,1,0,0,76
1150,6,350,1,0,0,60
1150,7,350,1,0,0,55
1150,8,350,1,0,0,50
1150,9,350,1,0,0,60
1150,10,350,1,1,1,98
1150,11,350,1,1,1,56
1150,12,350,1,1,1,83
1150,13,350,1,1,1,111
1150,14,350,1,1,1,53
1150,15,350,1,1,1,75
1150,16,350,1,1,1,79
1150,17,350,1,1,1,73
1150,18,350,1,1,1,59
1150,19,350,1,1,1,63
1151,0,351,1,0,0,125
1151,1,351,1,0,0,89
1151,2,351,1,0,0,64
1151,3,351,1,0,0,57
1151,4,351,1,0,0,72
1151,5,351,1,0,0,64
1151,6,351,1,0,0,45
1151,7,351,1,0,0,39
1151,8,351,1,0,0,62
1151,9,351,1,0,0,44
1151,10,351,1,1,1,67
1151,11,351,1,1,1,61
1151,12,351,1,1,1,72
1151,13,351,1,1,1,64
1151,14,351,1,1,1,78
1151,15,351,1,1,1,57
1151,16,351,1,1,1,83
1151,17,351,1,1,1,92
1151,18,351,1,1,1,74
1151,19,351,1,1,1,52
1152,0,352,1,0,0,82
1152,1,352,1,0,0,74
1152,2,352,1,0,0,74
1152,3,352,1,0,0,110
1152,4,352,1,0,0,89
1152,5,352,1,0,0,73
1152,6,352,1,0,0,74
1152,7,352,1,0,0,83
1152,8,352,1,0,0,63
1152,9,352,1,0,0,54
1152,10,352,1,1,1,72
1152,11,352,1,1,1,54
1152,12,352,1,1,1,46
1152,13,352,1,1,1,55
1152,14,352,1,1,1,50
1152,15,352,1,1,1,88
1152,16,352,1,1,1,64
1152,17,352,1,1,1,64
1152,18,352,1,1,1,88
1152,19,352,1,1,1,69
1153,0,353,1,0,0,75
1153,1,353,1,0,0,85
1153,2,353,1,0,0,77
1153,3,353,1,0,0,85
1153,4,353,1,0,0,93
1153,5,353,1,0,0,121
1153,6,353,1,0,0,61
1153,7,353,1,0,0,67
1153,8,353,1,0,0,100
1153,9,353,1,0,0,91
1153,10,353,1,1,1,86
1153,11,353,1,1,1,86
1153,12,353,1,1,1,48
1153,13,353,1,1,1,68
1153,14,353,1,1,1,88
1153,15,353,1,1,1,72
1153,16,353,1,1,1,58
1153,17,353,1,1,1,67
1153,18,353,1,1,1,61
1153,19,353,1,1,1,78
1154,0,354,1,0,0,42
1154,1,354,1,0,0,127
1154,2,354,1,0,0,87
1154,3,354,1,0,0,122
1154,4,354,1,0,0,65
1154,5,354,1,0,0,55
1154,6,354,1,0,0,70
1154,7,354,1,0,0,86
1154,8,354,1,0,0,48
1154,9,354,1,0,0,63
1154,10,354,1,1,1,99
1154,11,354,1,1,1,69
1154,12,354,1,1,1,91
1154,13,354,1,1,1,66
1154,14,354,1,1,1,86
1154,15,354,1,1,1,94
1154,16,354,1,1,1,94
1154,17,354,1,1,1,43
1154,18,354,1,1,1,82
1154,19,354,1,1,1,63
1155,0,355,1,0,0,77
1155,1,355,1,0,0,86
1155,2,355,1,0,0,92
1155,3,355,1,0,0,88
1155,4,355,1,0,0,120
1155,5,355,1,0,0,85
1155,6,355,1,0,0,85
1155,7,355,1,0,0,38
1155,8,355,1,0,0,83
1155,9,355,1,0,0,36
1155,10,355,1,1,1,90
1155,11,355,1,1,1,74
1155,12,355,1,1,1,93
1155,13,355,1,1,1,74
1155,14,355,1,1,1,59
1155,15,355,1,1,1,51
1155,16,355,1,1,1,51
1155,17,355,1,1,1,88
1155,18,355,1,1,1,71
1155,19,355,1,1,1,63
1156,0,356,1,0,0,70
1156,1,356,1,0,0,93
1156,2,356,1,0,0,67
1156,3,356,1,0,0,75
1156,4,356,1,0,0,101
1156,5,356,1,0,0,72
1156,6,356,1,0,0,87
1156,7,356,1,0,0,63
1156,8,356,1,0,0,73
1156,9,356,1,0,0,89
1156,10,356,1,1,1,58
1156,11,356,1,1,1,81
1156,12,356,1,1,1,83
1156,13,356,1,1,1,89
1156,14,356,1,1,1,92
1156,15,356,1,1,1,96
1156,16,356,1,1,1,63
1156,17,356,1,1,1,85
1156,18,356,1,1,1,106
1156,19,356,1,1,1,73
1157,0,357,1,0,0,93
1157,1,357,1,0,0,54
1157,2,357,1,0,0,66
1157,3,357,1,0,0,47
1157,4,357,1,0,0,58
1157,5,357,1,0,0,54
1157,6,357,1,0,0,69
1157,7,357,1,0,0,104
1157,8,357,1,0,0,79
1157,9,357,1,0,0,78
1157,10,357,1,1,1,68
1157,11,357,1,1,1,77
1157,12,357,1,1,1,53
1157,13,357,1,1,1,90
1157,14,357,1,1,1,44
1157,15,357,1,1,1,77
1157,16,357,1,1,1,81
1157,17,357,1,1,1,63
1157,18,357,1,1,1,101
1157,19,357,1,1,1,85
1158,0,358,1,0,0,82
1158,1,358,1,0,0,54
1158,2,358,1,0,0,58
1158,3,358,1,0,0,44
1158,4,358,1,0,0,43
1158,5,358,1,0,0,152
1158,6,358,1,0,0,56
1158,7,358,1,0,0,60
1158,8,358,1,0,0,64
1158,9,358,1,0,0,118
1158,10,358,1,1,1,125
1158,11,358,1,1,1,55
1158,12,358,1,1,1,64
1158,13,358,1,1,1,61
1158,14,358,1,1,1,73
1158,15,358,1,1,1,65
1158,16,358,1,1,1,74
1158,17,358,1,1,1,76
1158,18,358,1,1,1,73
1158,19,358,1,1,1,78
1159,0,359,1,0,0,57
1159,1,359,1,0,0,49
1159,2,359,1,0,0,72
1159,3,359,1,0,0,69
1159,4,359,1,0,0,66
1159,5,359,1,0,0,76
1159,6,359,1,0,0,101
1159,7,359,1,0,0,90
1159,8,359,1,0,0,68
1159,9,359,1,0,0,125
1159,10,359,1,1,1,79
1159,11,359,1,1,1,41
1159,12,359,1,1,1,113
1159,13,359,1,1,1,69
1159,14,359,1,1,1,97
1159,15,359,1,1,1,75
1159,16,359,1,1,1,73
1159,17,359,1,1,1,56
1159,18,359,1,1,1,97
1159,19,359,1,1,1,39
1160,0,360,1,0,0,46
1160,1,360,1,0,0,74
1160,2,360,1,0,0,75
1160,3,360,1,0,0,72
1160,4,360,1,0,0,69
1160,5,360,1,0,0,60
1160,6,360,1,0,0,66
1160,7,360,1,0,0,71
1160,8,360,1,0,0,70
1160,9,360,1,0,0,70
1160,10,360,1,1,1,77
1160,11,360,1,1,1,89
1160,12,360,1,1,1,64
1160,13,360,1,1,1,84
1160,14,360,1,1,1,43
1160,15,360,1,1,1,78
1160,16,360,1,1,1,49
1160,17,360,1,1,1,91
1160,18,360,1,1,1,85
1160,19,360,1,1,1,71
1161,0,361,1,0,0,92
1161,1,361,1,0,0,57
1161,2,361,1,0,0,44
1161,3,361,1,0,0,108
1161,4,361,1,0,0,61
1161,5,361,1,0,0,132
1161,6,361,1,0,0,60
1161,7,361,1,0,0,98
1161,8,361,1,0,0,61
1161,9,361,1,0,0,102
1161,10,361,1,1,1,63
1161,11,361,1,1,1,58
1161,12,361,1,1,1,71
1161,13,361,1,1,1,62
1161,14,361,1,1,1,132
1161,15,361,1,1,1,76
1161,16,361,1,1,1,82
1161,17,361,1,1,1,91
1161,18,361,1,1,1,80
1161,19,361,1,1,1,67
1162,0,362,1,0,0,117
1162,1,362,1,0,0,49
1162,2,362,1,0,0,60
1162,3,362,1,0,0,58
1162,4,362,1,0,0,85
1162,5,362,1,0,0,75
1162,6,362,1,0,0,65
1162,7,362,1,0,0,95
1162,8,362,1,0,0,94
1162,9,362,1,0,0,89
1162,10,362,1,1,1,63
1162,11,362,1,1,1,77
1162,12,362,1,1,1,76
1162,13,362,1,1,1,56
1162,14,362,1,1,1,77
1162,15,362,1,1,1,93
1162,16,362,1,1,1,59
1162,17,362,1,1,1,92
1162,18,362,1,1,1,63
1162,19,362,1,1,1,73
1163,0,363,1,0,0,119
1163,1,363,1,0,0,56
1163,2,363,1,0,0,116
1163,3,363,1,0,0,92
1163,4,363,1,0,0,131
1163,5,363,1,0,0,157
1163,6,363,1,0,0,87
1163,7,363,1,0,0,109
1163,8,363,1,0,0,79
1163,9,363,1,0,0,95
1163,10,363,1,1,1,72
1163,11,363,1,1,1,77
1163,12,363,1,1,1,74
1163,13,363,1,1,1,97
1163,14,363,1,1,1,83
1163,15,363,1,1,1,69
1163,16,363,1,1,1,44
1163,17,363,1,1,1,66
1163,18,363,1,1,1,63
1163,19,363,1,1,1,66
1164,0,364,1,0,0,67
1164,1,364,1,0,0,94
1164,2,364,1,0,0,121
1164,3,364,1,0,0,77
1164,4,364,1,0,0,117
1164,5,364,1,0,0,76
1164,6,364,1,0,0,92
1164,7,364,1,0,0,109
1164,8,364,1,0,0,129
1164,9,364,1,0,0,111
1164,10,364,1,1,1,54
1164,11,364,1,1,1,76
1164,12,364,1,1,1,91
1164,13,364,1,1,1,104
1164,14,364,1,1,1,111
1164,15,364,1,1,1,54
1164,16,364,1,1,1,72
1164,17,364,1,1,1,85
1164,18,364,1,1,1,70
1164,19,364,1,1,1,57
1165,0,365,1,0,0,60
1165,1,365,1,0,0,73
1165,2,365,1,0,0,102
1165,3,365,1,0,0,74
1165,4,365,1,0,0,81
1165,5,365,1,0,0,47
1165,6,365,1,0,0,98
1165,7,365,1,0,0,81
1165,8,365,1,0,0,55
1165,9,365,1,0,0,85
1165,10,365,1,1,1,72
1165,11,365,1,1,1,98
1165,12,365,1,1,1,118
1165,13,365,1,1,1,109
1165,14,365,1,1,1,76
1165,15,365,1,1,1,51
1165,16,365,1,1,1,82
1165,17,365,1,1,1,65
1165,18,365,1,1,1,71
1165,19,365,1,1,1,82
1166,0,366,1,0,0,74
1166,1,366,1,0,0,82
1166,2,366,1,0,0,75
1166,3,366,1,0,0,198
1166,4,366,1,0,0,74
1166,5,366,1,0,0,54
1166,6,366,1,0,0,101
1166,7,366,1,0,0,79
1166,8,366,1,0,0,46
1166,9,366,1,0,0,97
1166,10,366,1,1,1,88
1166,11,366,1,1,1,74
1166,12,366,1,1,1,82
1166,13,366,1,1,1,94
1166,14,366,1,1,1,76
1166,15,366,1,1,1,50
1166,16,366,1,1,1,85
1166,17,366,1,1,1,83
1166,18,366,1,1,1,48
1166,19,366,1,1,1,70
1167,0,367,1,0,0,51
1167,1,367,1,0,0,108
1167,2,367,1,0,0,93
1167,3,367,1,0,0,51
1167,4,367,1,0,0,92
1167,5,367,1,0,0,34
1167,6,367,1,0,0,108
1167,7,367,1,0,0,127
1167,8,367,1,0,0,73
1167,9,367,1,0,0,77
1167,10,367,1,1,1,76
1167,11,367,1,1,1,115
1167,12,367,1,1,1,79
1167,13,367,1,1,1,138
1167,14,367,1,1,1,61
1167,15,367,1,1,1,90
1167,16,367,1,1,1,47
1167,17,367,1,1,1,110
1167,18,367,1,1,1,63
1167,19,367,1,1,1,65
1168,0,368,1,0,0,100
1168,1,368,1,0,0,55
1168,2,368,1,0,0,67
1168,3,368,1,0,0,53
1168,4,368,1,0,0,55
1168,5,368,1,0,0,54
1168,6,368,1,0,0,94
1168,7,368,1,0,0,41
1168,8,368,1,0,0,83
1168,9,368,1,0,0,67
1168,10,368,1,1,1,47
1168,11,368,1,1,1,82
1168,12,368,1,1,1,65
1168,13,368,1,1,1,89
1168,14,368,1,1,1,83
1168,15,368,1,1,1,52
1168,16,368,1,1,1,102
1168,17,368,1,1,1,108
1168,18,368,1,1,1,76
1168,19,368,1,1,1,120
1169,0,369,1,0,0,120
1169,1,369,1,0,0,81
1169,2,369,1,0,0,53
1169,3,369,1,0,0,83
1169,4,369,1,0,0,61
1169,5,369,1,0,0,85
1169,6,369,1,0,0,74
1169,7,369,1,0,0,81
1169,8,369,1,0,0,70
1169,9,369,1,0,0,43
1169,10,369,1,1,1,75
1169,11,369,1,1,1,74
1169,12,369,1,1,1,95
1169,13,369,1,1,1,110
1169,14,369,1,1,1,110
1169,15,369,1,1,1,80
1169,16,369,1,1,1,71
1169,17,369,1,1,1,86
1169,18,369,1,1,1,81
1169,19,369,1,1,1,123
1170,0,370,1,0,0,61
1170,1,370,1,0,0,81
1170,2,370,1,0,0,70
1170,3,370,1,0,0,114
1170,4,370,1,0,0,93
1170,5,370,1,0,0,83
1170,6,370,1,0,0,93
1170,7,370,1,0,0,89
1170,8,370,1,0,0,75
1170,9,370,1,0,0,85
1170,10,370,1,1,1,98
1170,11,370,1,1,1,99
1170,12,370,1,1,1,94
1170,13,370,1,1,1,66
1170,14,370,1,1,1,74
1170,15,370,1,1,1,75
1170,16,370,1,1,1,68
1170,17,370,1,1,1,95
1170,18,370,1,1,1,55
1170,19,370,1,1,1,64
1171,0,371,1,0,0,78
1171,1,371,1,0,0,58
1171,2,371,1,0,0,87
1171,3,371,1,0,0,68
1171,4,371,1,0,0,68
1171,5,371,1,0,0,64
1171,6,371,1,0,0,79
1171,7,371,1,0,0,99
1171,8,371,1,0,0,77
1171,9,371,1,0,0,68
1171,10,371,1,1,1,93
1171,11,371,1,1,1,139
1171,12,371,1,1,1,83
1171,13,371,1,1,1,92
1171,14,371,1,1,1,118
1171,15,371,1,1,1,79
1171,16,371,1,1,1,79
1171,17,371,1,1,1,96
1171,18,371,1,1,1,81
1171,19,371,1,1,1,102
1172,0,372,1,0,0,68
1172,1,372,1,0,0,74
1172,2,372,1,0,0,104
1172,3,372,1,0,0,130
1172,4,372,1,0,0,68
1172,5,372,1,0,0,117
1172,6,372,1,0,0,70
1172,7,372,1,0,0,116
1172,8,372,1,0,0,53
1172,9,372,1,0,0,98
1172,10,372,1,1,1,104
1172,11,372,1,1,1,83
1172,12,372,1,1,1,90
1172,13,372,1,1,1,79
1172,14,372,1,1,1,112
1172,15,372,1,1,1,82
1172,16,372,1,1,1,94
1172,17,372,1,1,1,137
1172,18,372,1,1,1,66
1172,19,372,1,1,1,52
1173,0,373,1,0,0,116
1173,1,373,1,0,0,96
1173,2,373,1,0,0,81
1173,3,373,1,0,0,114
1173,4,373,1,0,0,57
1173,5,373,1,0,0,94
1173,6,373,1,0,0,101
1173,7,373,1,0,0,81
1173,8,373,1,0,0,76
1173,9,373,1,0,0,70
1173,10,373,1,1,1,85
1173,11,373,1,1,1,120
1173,12,373,1,1,1,80
1173,13,373,1,1,1,85
1173,14,373,1,1,1,74
1173,15,373,1,1,1,64
1173,16,373,1,1,1,119
1173,17,373,1,1,1,70
1173,18,373,1,1,1,85
1173,19,373,1,1,1,80
1174,0,374,1,0,0,114
1174,1,374,1,0,0,119
1174,2,374,1,0,0,92
1174,3,374,1,0,0,111
1174,4,374,1,0,0,108
1174,5,374,1,0,0,49
1174,6,374,1,0,0,77
1174,7,374,1,0,0,99
1174,8,374,1,0,0,74
1174,9,374,1,0,0,66
1174,10,374,1,1,1,60
1174,11,374,1,1,1,103
1174,12,374,1,1,1,76
1174,13,374,1,1,1,61
1174,14,374,1,1,1,66
1174,15,374,1,1,1,84
1174,16,374,1,1,1,114
1174,17,374,1,1,1,72
1174,18,374,1,1,1,102
1174,19,374,1,1,1,113
1175,0,375,1,0,0,87
1175,1,375,1,0,0,142
1175,2,375,1,0,0,96
1175,3,375,1,0,0,91
1175,4,375,1,0,0,115
1175,5,375,1,0,0,117
1175,6,375,1,0,0,86
1175,7,375,1,0,0,78
1175,8,375,1,0,0,56
1175,9,375,1,0,0,59
1175,10,375,1,1,1,111
1175,11,375,1,1,1,64
1175,12,375,1,1,1,80
1175,13,375,1,1,1,95
1175,14,375,1,1,1,70
1175,15,375,1,1,1,57
1175,16,375,1,1,1,131
1175,17,375,1,1,1,68
1175,18,375,1,1,1,100
1175,19,375,1,1,1,52
1176,0,376,1,0,0,103
1176,1,376,1,0,0,80
1176,2,376,1,0,0,107
1176,3,376,1,0,0,96
1176,4,376,1,0,0,85
1176,5,376,1,0,0,60
1176,6,376,1,0,0,83
1176,7,376,1,0,0,86
1176,8,376,1,0,0,76
1176,9,376,1,0,0,102
1176,10,376,1,1,1,54
1176,11,376,1,1,1,95
1176,12,376,1,1,1,72
1176,13,376,1,1,1,71
1176,14,376,1,1,1,81
1176,15,376,1,1,1,75
1176,16,376,1,1,1,98
1176,17,376,1,1,1,105
1176,18,376,1,1,1,80
1176,19,376,1,1,1,82
1177,0,377,1,0,0,56
1177,1,377,1,0,0,140
1177,2,377,1,0,0,102
1177,3,377,1,0,0,75
1177,4,377,1,0,0,71
1177,5,377,1,0,0,71
1177,6,377,1,0,0,68
1177,7,377,1,0,0,55
1177,8,377,1,0,0,121
1177,9,377,1,0,0,44
1177,10,377,1,1,1,64
1177,11,377,1,1,1,88
1177,12,377,1,1,1,97
1177,13,377,1,1,1,78
1177,14,377,1,1,1,105
1177,15,377,1,1,1,104
1177,16,377,1,1,1,75
1177,17,377,1,1,1,112
1177,18,377,1,1,1,54
1177,19,377,1,1,1,125
1178,0,378,1,0,0,76
1178,1,378,1,0,0,71
1178,2,378,1,0,0,82
1178,3,378,1,0,0,110
1178,4,378,1,0,0,100
1178,5,378,1,0,0,94
1178,6,378,1,0,0,154
1178,7,378,1,0,0,135
1178,8,378,1,0,0,66
1178,9,378,1,0,0,67
1178,10,378,1,1,1,67
1178,11,378,1,1,1,139
1178,12,378,1,1,1,94
1178,13,378,1,1,1,92
1178,14,378,1,1,1,82
1178,15,378,1,1,1,137
1178,16,378,1,1,1,59
1178,17,378,1,1,1,105
1178,18,378,1,1,1,103
1178,19,378,1,1,1,84
1179,0,379,1,0,0,90
1179,1,379,1,0,0,133
1179,2,379,1,0,0,65
1179,3,379,1,0,0,56
1179,4,379,1,0,0,53
1179,5,379,1,0,0,90
1179,6,379,1,0,0,53
1179,7,379,1,0,0,74
1179,8,379,1,0,0,91
1179,9,379,1,0,0,87
1179,10,379,1,1,1,69
1179,11,379,1,1,1,106
1179,12,379,1,1,1,78
1179,13,379,1,1,1,54
1179,14,379,1,1,1,59
1179,15,379,1,1,1,100
1179,16,379,1,1,1,105
1179,17,379,1,1,1,65
1179,18,379,1,1,1,73
1179,19,379,1,1,1,72
1180,0,380,1,0,0,107
1180,1,380,1,0,0,55
1180,2,380,1,0,0,94
1180,3,380,1,0,0,73
1180,4,380,1,0,0,116
1180,5,380,1,0,0,107
1180,6,380,1,0,0,102
1180,7,380,1,0,0,94
1180,8,380,1,0,0,105
1180,9,380,1,0,0,87
1180,10,380,1,1,1,69
1180,11,380,1,1,1,100
1180,12,380,1,1,1,81
1180,13,380,1,1,1,101
1180,14,380,1,1,1,96
1180,15,380,1,1,1,97
1180,16,380,1,1,1,65
1180,17,380,1,1,1,96
1180,18,380,1,1,1,53
1180,19,380,1,1,1,126
1181,0,381,1,0,0,56
1181,1,381,1,0,0,102
1181,2,381,1,0,0,107
1181,3,381,1,0,0,126
1181,4,381,1,0,0,95
1181,5,381,1,0,0,112
1181,6,381,1,0,0,108
1181,7,381,1,0,0,122
1181,8,381,1,0,0,104
1181,9,381,1,0,0,76
1181,10,381,1,1,1,103
1181,11,381,1,1,1,99
1181,12,381,1,1,1,117
1181,13,381,1,1,1,90
1181,14,381,1,1,1,88
1181,15,381,1,1,1,102
1181,16,381,1,1,1,66
1181,17,381,1,1,1,77
1181,18,381,1,1,1,154
1181,19,381,1,1,1,73
1182,0,382,1,0,0,59
1182,1,382,1,0,0,87
1182,2,382,1,0,0,90
1182,3,382,1,0,0,106
1182,4,382,1,0,0,73
1182,5,382,1,0,0,125
1182,6,382,1,0,0,61
1182,7,382,1,0,0,74
1182,8,382,1,0,0,127
1182,9,382,1,0,0,95
1182,10,382,1,1,1,58
1182,11,382,1,1,1,76
1182,12,382,1,1,1,51
1182,13,382,1,1,1,75
1182,14,382,1,1,1,49
1182,15,382,1,1,1,109
1182,16,382,1,1,1,118
1182,17,382,1,1,1,101
1182,18,382,1,1,1,67
1182,19,382,1,1,1,82
1183,0,383,1,0,0,81
1183,1,383,1,0,0,42
1183,2,383,1,0,0,102
1183,3,383,1,0,0,104
1183,4,383,1,0,0,82
1183,5,383,1,0,0,56
1183,6,383,1,0,0,81
1183,7,383,1,0,0,80
1183,8,383,1,0,0,45
1183,9,383,1,0,0,87
1183,10,383,1,1,1,88
1183,11,383,1,1,1,142
1183,12,383,1,1,1,79
1183,13,383,1,1,1,63
1183,14,383,1,1,1,103
1183,15,383,1,1,1,57
1183,16,383,1,1,1,79
1183,17,383,1,1,1,129
1183,18,383,1,1,1,74
1183,19,383,1,1,1,86
1184,0,384,1,0,0,84
1184,1,384,1,0,0,51
1184,2,384,1,0,0,73
1184,3,384,1,0,0,70
1184,4,384,1,0,0,91
1184,5,384,1,0,0,84
1184,6,384,1,0,0,88
1184,7,384,1,0,0,78
1184,8,384,1,0,0,108
1184,9,384,1,0,0,142
1184,10,384,1,1,1,87
1184,11,384,1,1,1,88
1184,12,384,1,1,1,98
1184,13,384,1,1,1,82
1184,14,384,1,1,1,123
1184,15,384,1,1,1,80
1184,16,384,1,1,1,89
1184,17,384,1,1,1,88
1184,18,384,1,1,1,105
1184,19,384,1,1,1,80
1185,0,385,1,0,0,68
1185,1,385,1,0,0,86
1185,2,385,1,0,0,146
1185,3,385,1,0,0,108
1185,4,385,1,0,0,87
1185,5,385,1,0,0,147
1185,6,385,1,0,0,112
1185,7,385,1,0,0,72
1185,8,385,1,0,0,91
1185,9,385,1,0,0,87
1185,10,385,1,1,1,119
1185,11,385,1,1,1,123
1185,12,385,1,1,1,95
1185,13,385,1,1,1,76
1185,14,385,1,1,1,75
1185,15,385,1,1,1,89
1185,16,385,1,1,1,111
1185,17,385,1,1,1,83
1185,18,385,1,1,1,114
1185,19,385,1,1,1,56
1186,0,386,1,0,0,120
1186,1,386,1,0,0,125
1186,2,386,1,0,0,124
1186,3,386,1,0,0,119
1186,4,386,1,0,0,107
1186,5,386,1,0,0,120
1186,6,386,1,0,0,104
1186,7,386,1,0,0,58
1186,8,386,1,0,0,69
1186,9,386,1,0,0,62
1186,10,386,1,1,1,109
1186,11,386,1,1,1,117
1186,12,386,1,1,1,98
1186,13,386,1,1,1,103
1186,14,386,1,1,1,77
1186,15,386,1,1,1,83
1186,16,386,1,1,1,74
1186,17,386,1,1,1,67
1186,18,386,1,1,1,80
1186,19,386,1,1,1,50
1187,0,387,1,0,0,37
1187,1,387,1,0,0,89
1187,2,387,1,0,0,169
1187,3,387,1,0,0,97
1187,4,387,1,0,0,62
1187,5,387,1,0,0,115
1187,6,387,1,0,0,94
1187,7,387,1,0,0,46
1187,8,387,1,0,0,133
1187,9,387,1,0,0,69
1187,10,387,1,1,1,96
1187,11,387,1,1,1,117
1187,12,387,1,1,1,57
1187,13,387,1,1,1,61
1187,14,387,1,1,1,80
1187,15,387,1,1,1,63
1187,16,387,1,1,1,92
1187,17,387,1,1,1,91
1187,18,387,1,1,1,106
1187,19,387,1,1,1,63
1188,0,388,1,0,0,60
1188,1,388,1,0,0,102
1188,2,388,1,0,0,101
1188,3,388,1,0,0,102
1188,4,388,1,0,0,79
1188,5,388,1,0,0,106
1188,6,388,1,0,0,158
1188,7,388,1,0,0,86
1188,8,388,1,0,0,91
1188,9,388,1,0,0,89
1188,10,388,1,1,1,105
1188,11,388,1,1,1,52
1188,12,388,1,1,1,97
1188,13,388,1,1,1,77
1188,14,388,1,1,1,96
1188,15,388,1,1,1,71
1188,16,388,1,1,1,125
1188,17,388,1,1,1,84
1188,18,388,1,1,1,121
1188,19,388,1,1,1,122
1189,0,389,1,0,0,88
1189,1,389,1,0,0,84
1189,2,389,1,0,0,79
1189,3,389,1,0,0,103
1189,4,389,1,0,0,135
1189,5,389,1,0,0,89
1189,6,389,1,0,0,87
1189,7,389,1,0,0,67
1189,8,389,1,0,0,90
1189,9,389,1,0,0,85
1189,10,389,1,1,1,75
1189,11,389,1,1,1,63
1189,12,389,1,1,1,130
1189,13,389,1,1,1,62
1189,14,389,1,1,1,88
1189,15,389,1,1,1,81
1189,16,389,1,1,1,109
1189,17,389,1,1,1,87
1189,18,389,1,1,1,104
1189,19,389,1,1,1,78
1190,0,390,1,0,0,86
1190,1,390,1,0,0,63
1190,2,390,1,0,0,91
1190,3,390,1,0,0,108
1190,4,390,1,0,0,124
1190,5,390,1,0,0,70
1190,6,390,1,0,0,155
1190,7,390,1,0,0,101
1190,8,390,1,0,0,113
1190,9,390,1,0,0,112
1190,10,390,1,1,1,137
1190,11,390,1,1,1,58
1190,12,390,1,1,1,103
1190,13,390,1,1,1,121
1190,14,390,1,1,1,113
1190,15,390,1,1,1,92
1190,16,390,1,1,1,98
1190,17,390,1,1,1,93
1190,18,390,1,1,1,119
1190,19,390,1,1,1,71
1191,0,391,1,0,0,67
1191,1,391,1,0,0,315
1191,2,391,1,0,0,130
1191,3,391,1,0,0,121
1191,4,391,1,0,0,140
1191,5,391,1,0,0,87
1191,6,391,1,0,0,84
1191,7,391,1,0,0,98
1191,8,391,1,0,0,55
1191,9,391,1,0,0,41
1191,10,391,1,1,1,91
1191,11,391,1,1,1,70
1191,12,391,1,1,1,90
1191,13,391,1,1,1,104
1191,14,391,1,1,1,85
1191,15,391,1,1,1,114
1191,16,391,1,1,1,66
1191,17,391,1,1,1,173
1191,18,391,1,1,1,83
1191,19,391,1,1,1,135
1192,0,392,1,0,0,70
1192,1,392,1,0,0,110
1192,2,392,1,0,0,118
1192,3,392,1,0,0,59
1192,4,392,1,0,0,109
1192,5,392,1,0,0,149
1192,6,392,1,0,0,122
1192,7,392,1,0,0,71
1192,8,392,1,0,0,126
1192,9,392,1,0,0,92
1192,10,392,1,1,1,75
1192,11,392,1,1,1,152
1192,12,392,1,1,1,48
1192,13,392,1,1,1,131
1192,14,392,1,1,1,85
1192,15,392,1,1,1,116
1192,16,392,1,1,1,79
1192,17,392,1,1,1,154
1192,18,392,1,1,1,87
1192,19,392,1,1,1,80
1193,0,393,1,0,0,121
1193,1,393,1,0,0,119
1193,2,393,1,0,0,98
1193,3,393,1,0,0,72
1193,4,393,1,0,0,86
1193,5,393,1,0,0,95
1193,6,393,1,0,0,113
1193,7,393,1,0,0,95
1193,8,393,1,0,0,61
1193,9,393,1,0,0,124
1193,10,393,1,1,1,199
1193,11,393,1,1,1,137
1193,12,393,1,1,1,101
1193,13,393,1,1,1,85
1193,14,393,1,1,1,106
1193,15,393,1,1,1,91
1193,16,393,1,1,1,67
1193,17,393,1,1,1,97
1193,18,393,1,1,1,95
1193,19,393,1,1,1,68
1194,0,394,1,0,0,113
1194,1,394,1,0,0,117
1194,2,394,1,0,0,100
1194,3,394,1,0,0,69
1194,4,394,1,0,0,82
1194,5,394,1,0,0,184
1194,6,394,1,0,0,94
1194,7,394,1,0,0,118
1194,8,394,1,0,0,44
1194,9,394,1,0,0,70
1194,10,394,1,1,1,115
1194,11,394,1,1,1,65
1194,12,394,1,1,1,66
1194,13,394,1,1,1,120
1194,14,394,1,1,1,91
1194,15,394,1,1,1,66
1194,16,394,1,1,1,89
1194,17,394,1,1,1,94
1194,18,394,1,1,1,74
1194,19,394,1,1,1,94
1195,0,395,1,0,0,100
1195,1,395,1,0,0,103
1195,2,395,1,0,0,108
1195,3,395,1,0,0,60
1195,4,395,1,0,0,112
1195,5,395,1,0,0,167
1195,6,395,1,0,0,60
1195,7,395,1,0,0,87
1195,8,395,1,0,0,181
1195,9,395,1,0,0,84
1195,10,395,1,1,1,79
1195,11,395,1,1,1,85
1195,12,395,1,1,1,88
1195,13,395,1,1,1,102
1195,14,395,1,1,1,71
1195,15,395,1,1,1,80
1195,16,395,1,1,1,101
1195,17,395,1,1,1,74
1195,18,395,1,1,1,92
1195,19,395,1,1,1,178
1196,0,396,1,0,0,106
1196,1,396,1,0,0,109
1196,2,396,1,0,0,93
1196,3,396,1,0,0,82
1196,4,396,1,0,0,70
1196,5,396,1,0,0,46
1196,6,396,1,0,0,70
1196,7,396,1,0,0,133
1196,8,396,1,0,0,106
1196,9,396,1,0,0,86
1196,10,396,1,1,1,78
1196,11,396,1,1,1,77
1196,12,396,1,1,1,102
1196,13,396,1,1,1,135
1196,14,396,1,1,1,96
1196,15,396,1,1,1,106
1196,16,396,1,1,1,108
1196,17,396,1,1,1,122
1196,18,396,1,1,1,117
1196,19,396,1,1,1,59
1197,0,397,1,0,0,116
1197,1,397,1,0,0,71
1197,2,397,1,0,0,75
1197,3,397,1,0,0,103
1197,4,397,1,0,0,62
1197,5,397,1,0,0,66
1197,6,397,1,0,0,116
1197,7,397,1,0,0,113
1197,8,397,1,0,0,83
1197,9,397,1,0,0,122
1197,10,397,1,1,1,88
1197,11,397,1,1,1,151
1197,12,397,1,1,1,93
1197,13,397,1,1,1,87
1197,14,397,1,1,1,141
1197,15,397,1,1,1,107
1197,16,397,1,1,1,79
1197,17,397,1,1,1,74
1197,18,397,1,1,1,102
1197,19,397,1,1,1,57
1198,0,398,1,0,0,102
1198,1,398,1,0,0,83
1198,2,398,1,0,0,123
1198,3,398,1,0,0,58
1198,4,398,1,0,0,82
1198,5,398,1,0,0,124
1198,6,398,1,0,0,126
1198,7,398,1,0,0,87
1198,8,398,1,0,0,93
1198,9,398,1,0,0,155
1198,10,398,1,1,1,128
1198,11,398,1,1,1,92
1198,12,398,1,1,1,104
1198,13,398,1,1,1,105
1198,14,398,1,1,1,99
1198,15,398,1,1,1,89
1198,16,398,1,1,1,110
1198,17,398,1,1,1,138
1198,18,398,1,1,1,79
1198,19,398,1,1,1,134
1199,0,399,1,0,0,164
1199,1,399,1,0,0,147
1199,2,399,1,0,0,83
1199,3,399,1,0,0,103
1199,4,399,1,0,0,85
1199,5,399,1,0,0,105
1199,6,399,1,0,0,99
1199,7,399,1,0,0,115
1199,8,399,1,0,0,48
1199,9,399,1,0,0,190
1199,10,399,1,1,1,53
1199,11,399,1,1,1,88
1199,12,399,1,1,1,129
1199,13,399,1,1,1,82
1199,14,399,1,1,1,147
1199,15,399,1,1,1,106
1199,16,399,1,1,1,67
1199,17,399,1,1,1,74
1199,18,399,1,1,1,103
1199,19,399,1,1,1,64
1200,0,400,1,0,0,126
1200,1,400,1,0,0,56
1200,2,400,1,0,0,73
1200,3,400,1,0,0,105
1200,4,400,1,0,0,86
1200,5,400,1,0,0,107
1200,6,400,1,0,0,86
1200,7,400,1,0,0,92
1200,8,400,1,0,0,129
1200,9,400,1,0,0,121
1200,10,400,1,1,1,82
1200,11,400,1,1,1,71
1200,12,400,1,1,1,80
1200,13,400,1,1,1,130
1200,14,400,1,1,1,156
1200,15,400,1,1,1,93
1200,16,400,1,1,1,129
1200,17,400,1,1,1,99
1200,18,400,1,1,1,152
1200,19,400,1,1,1,106
1201,0,401,1,0,0,145
1201,1,401,1,0,0,105
1201,2,401,1,0,0,106
1201,3,401,1,0,0,82
1201,4,401,1,0,0,108
1201,5,401,1,0,0,120
1201,6,401,1,0,0,117
1201,7,401,1,0,0,96
1201,8,401,1,0,0,87
1201,9,401,1,0,0,136
1201,10,401,1,1,1,69
1201,11,401,1,1,1,122
1201,12,401,1,1,1,63
1201,13,401,1,1,1,111
1201,14,401,1,1,1,127
1201,15,401,1,1,1,80
1201,16,401,1,1,1,138
1201,17,401,1,1,1,72
1201,18,401,1,1,1,61
1201,19,401,1,1,1,74
1202,0,402,1,0,0,106
1202,1,402,1,0,0,126
1202,2,402,1,0,0,90
1202,3,402,1,0,0,156
1202,4,402,1,0,0,72
1202,5,402,1,0,0,79
1202,6,402,1,0,0,85
1202,7,402,1,0,0,94
1202,8,402,1,0,0,119
1202,9,402,1,0,0,115
1202,10,402,1,1,1,99
1202,11,402,1,1,1,70
1202,12,402,1,1,1,98
1202,13,402,1,1,1,116
1202,14,402,1,1,1,93
1202,15,402,1,1,1,91
1202,16,402,1,1,1,130
1202,17,402,1,1,1,91
1202,18,402,1,1,1,59
1202,19,402,1,1,1,116
1203,0,403,1,0,0,94
1203,1,403,1,0,0,100
1203,2,403,1,0,0,88
1203,3,403,1,0,0,106
1203,4,403,1,0,0,49
1203,5,403,1,0,0,87
1203,6,403,1,0,0,96
1203,7,403,1,0,0,130
1203,8,403,1,0,0,102
1203,9,403,1,0,0,136
1203,10,403,1,1,1,103
1203,11,403,1,1,1,88
1203,12,403,1,1,1,110
1203,13,403,1,1,1,100
1203,14,403,1,1,1,124
1203,15,403,1,1,1,92
1203,16,403,1,1,1,160
1203,17,403,1,1,1,117
1203,18,403,1,1,1,112
1203,19,403,1,1,1,105
1204,0,404,1,0,0,47
1204,1,404,1,0,0,117
1204,2,404,1,0,0,80
1204,3,404,1,0,0,97
1204,4,404,1,0,0,166
1204,5,404,1,0,0,86
1204,6,404,1,0,0,56
1204,7,404,1,0,0,40
1204,8,404,1,0,0,109
1204,9,404,1,0,0,52
1204,10,404,1,1,1,128
1204,11,404,1,1,1,66
1204,12,404,1,1,1,103
1204,13,404,1,1,1,115
1204,14,404,1,1,1,76
1204,15,404,1,1,1,59
1204,16,404,1,1,1,94
1204,17,404,1,1,1,126
1204,18,404,1,1,1,77
1204,19,404,1,1,1,90
1205,0,405,1,0,0,113
1205,1,405,1,0,0,50
1205,2,405,1,0,0,80
1205,3,405,1,0,0,64
1205,4,405,1,0,0,73
1205,5,405,1,0,0,80
1205,6,405,1,0,0,99
1205,7,405,1,0,0,77
1205,8,405,1,0,0,88
1205,9,405,1,0,0,129
1205,10,405,1,1,1,108
1205,11,405,1,1,1,71
1205,12,405,1,1,1,134
1205,13,405,1,1,1,92
1205,14,405,1,1,1,179
1205,15,405,1,1,1,104
1205,16,405,1,1,1,84
1205,17,405,1,1,1,101
1205,18,405,1,1,1,80
1205,19,405,1,1,1,94
1206,0,406,1,0,0,88
1206,1,406,1,0,0,126
1206,2,406,1,0,0,74
1206,3,406,1,0,0,73
1206,4,406,1,0,0,79
1206,5,406,1,0,0,77
1206,6,406,1,0,0,153
1206,7,406,1,0,0,109
1206,8,406,1,0,0,105
1206,9,406,1,0,0,141
1206,10,406,1,1,1,78
1206,11,406,1,1,1,130
1206,12,406,1,1,1,118
1206,13,406,1,1,1,96
1206,14,406,1,1,1,71
1206,15,406,1,1,1,75
1206,16,406,1,1,1,128
1206,17,406,1,1,1,96
1206,18,406,1,1,1,119
1206,19,406,1,1,1,82
1207,0,407,1,0,0,96
1207,1,407,1,0,0,186
1207,2,407,1,0,0,123
1207,3,407,1,0,0,102
1207,4,407,1,0,0,123
1207,5,407,1,0,0,163
1207,6,407,1,0,0,141
1207,7,407,1,0,0,90
1207,8,407,1,0,0,74
1207,9,407,1,0,0,63
1207,10,407,1,1,1,118
1207,11,407,1,1,1,86
1207,12,407,1,1,1,78
1207,13,407,1,1,1,92
1207,14,407,1,1,1,133
1207,15,407,1,1,1,93
1207,16,407,1,1,1,101
1207,17,407,1,1,1,155
1207,18,407,1,1,1,74
1207,19,407,1,1,1,100
1208,0,408,1,0,0,87
1208,1,408,1,0,0,109
1208,2,408,1,0,0,84
1208,3,408,1,0,0,105
1208,4,408,1,0,0,163
1208,5,408,1,0,0,92
1208,6,408,1,0,0,81
1208,7,408,1,0,0,138
1208,8,408,1,0,0,56
1208,9,408,1,0,0,104
1208,10,408,1,1,1,82
1208,11,408,1,1,1,98
1208,12,408,1,1,1,107
1208,13,408,1,1,1,112
1208,14,408,1,1,1,106
1208,15,408,1,1,1,121
1208,16,408,1,1,1,144
1208,17,408,1,1,1,89
1208,18,408,1,1,1,185
1208,19,408,1,1,1,149
1209,0,409,1,0,0,160
1209,1,409,1,0,0,127
1209,2,409,1,0,0,126
1209,3,409,1,0,0,85
1209,4,409,1,0,0,69
1209,5,409,1,0,0,134
1209,6,409,1,0,0,110
1209,7,409,1,0,0,98
1209,8,409,1,0,0,83
1209,9,409,1,0,0,110
1209,10,409,1,1,1,93
1209,11,409,1,1,1,76
1209,12,409,1,1,1,123
1209,13,409,1,1,1,88
1209,14,409,1,1,1,110
1209,15,409,1,1,1,119
1209,16,409,1,1,1,88
1209,17,409,1,1,1,151
1209,18,409,1,1,1,104
1209,19,409,1,1,1,75
1210,0,410,1,0,0,108
1210,1,410,1,0,0,91
1210,2,410,1,0,0,118
1210,3,410,1,0,0,89
1210,4,410,1,0,0,79
1210,5,410,1,0,0,121
1210,6,410,1,0,0,119
1210,7,410,1,0,0,104
1210,8,410,1,0,0,115
1210,9,410,1,0,0,134
1210,10,410,1,1,1,82
1210,11,410,1,1,1,88
1210,12,410,1,1,1,136
1210,13,410,1,1,1,81
1210,14,410,1,1,1,77
1210,15,410,1,1,1,62
1210,16,410,1,1,1,120
1210,17,410,1,1,1,104
1210,18,410,1,1,1,141
1210,19,410,1,1,1,100
1211,0,411,1,0,0,90
1211,1,411,1,0,0,116
1211,2,411,1,0,0,107
1211,3,411,1,0,0,128
1211,4,411,1,0,0,75
1211,5,411,1,0,0,141
1211,6,411,1,0,0,184
1211,7,411,1,0,0,136
1211,8,411,1,0,0,203
1211,9,411,1,0,0,79
1211,10,411,1,1,1,118
1211,11,411,1,1,1,102
1211,12,411,1,1,1,167
1211,13,411,1,1,1,69
1211,14,411,1,1,1,101
1211,15,411,1,1,1,107
1211,16,411,1,1,1,76
1211,17,411,1,1,1,100
1211,18,411,1,1,1,123
1211,19,411,1,1,1,144
1212,0,412,1,0,0,156
1212,1,412,1,0,0,90
1212,2,412,1,0,0,98
1212,3,412,1,0,0,70
1212,4,412,1,0,0,99
1212,5,412,1,0,0,77
1212,6,412,1,0,0,117
1212,7,412,1,0,0,95
1212,8,412,1,0,0,121
1212,9,412,1,0,0,106
1212,10,412,1,1,1,122
1212,11,412,1,1,1,72
1212,12,412,1,1,1,103
1212,13,412,1,1,1,83
1212,14,412,1,1,1,88
1212,15,412,1,1,1,98
1212,16,412,1,1,1,72
1212,17,412,1,1,1,148
1212,18,412,1,1,1,167
1212,19,412,1,1,1,139
1213,0,413,1,0,0,88
1213,1,413,1,0,0,165
1213,2,413,1,0,0,118
1213,3,413,1,0,0,115
1213,4,413,1,0,0,101
1213,5,413,1,0,0,63
1213,6,413,1,0,0,97
1213,7,413,1,0,0,84
1213,8,413,1,0,0,130
1213,9,413,1,0,0,225
1213,10,413,1,1,1,94
1213,11,413,1,1,1,128
1213,12,413,1,1,1,158
1213,13,413,1,1,1,112
1213,14,413,1,1,1,105
1213,15,413,1,1,1,101
1213,16,413,1,1,1,103
1213,17,413,1,1,1,141
1213,18,413,1,1,1,125
1213,19,413,1,1,1,105
1214,0,414,1,0,0,99
1214,1,414,1,0,0,195
1214,2,414,1,0,0,141
1214,3,414,1,0,0,87
1214,4,414,1,0,0,133
1214,5,414,1,0,0,76
1214,6,414,1,0,0,91
1214,7,414,1,0,0,65
1214,8,414,1,0,0,93
1214,9,414,1,0,0,60
1214,10,414,1,1,1,126
1214,11,414,1,1,1,81
1214,12,414,1,1,1,130
1214,13,414,1,1,1,98
1214,14,414,1,1,1,147
1214,15,414,1,1,1,119
1214,16,414,1,1,1,112
1214,17,414,1,1,1,133
1214,18,414,1,1,1,117
1214,19,414,1,1,1,106
1215,0,415,1,0,0,169
1215,1,415,1,0,0,92
1215,2,415,1,0,0,60
1215,3,415,1,0,0,144
1215,4,415,1,0,0,120
1215,5,415,1,0,0,212
1215,6,415,1,0,0,123
1215,7,415,1,0,0,124
1215,8,415,1,0,0,102
1215,9,415,1,0,0,120
1215,10,415,1,1,1,63
1215,11,415,1,1,1,95
1215,12,415,1,1,1,156
1215,13,415,1,1,1,94
1215,14,415,1,1,1,109
1215,15,415,1,1,1,129
1215,16,415,1,1,1,110
1215,17,415,1,1,1,68
1215,18,415,1,1,1,70
1215,19,415,1,1,1,103
1216,0,416,1,0,0,136
1216,1,416,1,0,0,106
1216,2,416,1,0,0,79
1216,3,416,1,0,0,136
1216,4,416,1,0,0,97
1216,5,416,1,0,0,89
1216,6,416,1,0,0,134
1216,7,416,1,0,0,111
1216,8,416,1,0,0,83
1216,9,416,1,0,0,118
1216,10,416,1,1,1,98
1216,11,416,1,1,1,103
1216,12,416,1,1,1,118
1216,13,416,1,1,1,100
1216,14,416,1,1,1,103
1216,15,416,1,1,1,88
1216,16,416,1,1,1,104
1216,17,416,1,1,1,117
1216,18,416,1,1,1,131
1216,19,416,1,1,1,109
1217,0,417,1,0,0,85
1217,1,417,1,0,0,108
1217,2,417,1,0,0,108
1217,3,417,1,0,0,85
1217,4,417,1,0,0,136
1217,5,417,1,0,0,181
1217,6,417,1,0,0,132
1217,7,417,1,0,0,151
1217,8,417,1,0,0,62
1217,9,417,1,0,0,112
1217,10,417,1,1,1,86
1217,11,417,1,1,1,136
1217,12,417,1,1,1,136
1217,13,417,1,1,1,94
1217,14,417,1,1,1,113
1217,15,417,1,1,1,126
1217,16,417,1,1,1,108
1217,17,417,1,1,1,95
1217,18,417,1,1,1,78
1217,19,417,1,1,1,98
1218,0,418,1,0,0,80
1218,1,418,1,0,0,93
1218,2,418,1,0,0,63
1218,3,418,1,0,0,86
1218,4,418,1,0,0,121
1218,5,418,1,0,0,117
1218,6,418,1,0,0,94
1218,7,418,1,0,0,88
1218,8,418,1,0,0,66
1218,9,418,1,0,0,122
1218,10,418,1,1,1,98
1218,11,418,1,1,1,99
1218,12,418,1,1,1,123
1218,13,418,1,1,1,127
1218,14,418,1,1,1,107
1218,15,418,1,1,1,92
1218,16,418,1,1,1,120
1218,17,418,1,1,1,100
1218,18,418,1,1,1,64
1218,19,418,1,1,1,93
1219,0,419,1,0,0,130
1219,1,419,1,0,0,124
1219,2,419,1,0,0,154
1219,3,419,1,0,0,60
1219,4,419,1,0,0,123
1219,5,419,1,0,0,124
1219,6,419,1,0,0,80
1219,7,419,1,0,0,161
1219,8,419,1,0,0,113
1219,9,419,1,0,0,112
1219,10,419,1,1,1,111
1219,11,419,1,1,1,98
1219,12,419,1,1,1,127
1219,13,419,1,1,1,135
1219,14,419,1,1,1,107
1219,15,419,1,1,1,108
1219,16,419,1,1,1,111
1219,17,419,1,1,1,116
1219,18,419,1,1,1,126
1219,19,419,1,1,1,112
1220,0,420,1,0,0,90
1220,1,420,1,0,0,93
1220,2,420,1,0,0,185
1220,3,420,1,0,0,87
1220,4,420,1,0,0,61
1220,5,420,1,0,0,67
1220,6,420,1,0,0,97
1220,7,420,1,0,0,151
1220,8,420,1,0,0,179
1220,9,420,1,0,0,138
1220,10,420,1,1,1,81
1220,11,420,1,1,1,166
1220,12,420,1,1,1,87
1220,13,420,1,1,1,201
1220,14,420,1,1,1,153
1220,15,420,1,1,1,98
1220,16,420,1,1,1,125
1220,17,420,1,1,1,93
1220,18,420,1,1,1,127
1220,19,420,1,1,1,104
1221,0,421,1,0,0,89
1221,1,421,1,0,0,106
1221,2,421,1,0,0,164
1221,3,421,1,0,0,132
1221,4,421,1,0,0,115
1221,5,421,1,0,0,134
1221,6,421,1,0,0,117
1221,7,421,1,0,0,106
1221,8,421,1,0,0,139
1221,9,421,1,0,0,164
1221,10,421,1,1,1,114
1221,11,421,1,1,1,101
1221,12,421,1,1,1,168
1221,13,421,1,1,1,106
1221,14,421,1,1,1,124
1221,15,421,1,1,1,82
1221,16,421,1,1,1,81
1221,17,421,1,1,1,93
1221,18,421,1,1,1,82
1221,19,421,1,1,1,91
1222,0,422,1,0,0,95
1222,1,422,1,0,0,170
1222,2,422,1,0,0,96
1222,3,422,1,0,0,161
1222,4,422,1,0,0,59
1222,5,422,1,0,0,105
1222,6,422,1,0,0,115
1222,7,422,1,0,0,99
1222,8,422,1,0,0,114
1222,9,422,1,0,0,157
1222,10,422,1,1,1,119
1222,11,422,1,1,1,95
1222,12,422,1,1,1,89
1222,13,422,1,1,1,137
1222,14,422,1,1,1,95
1222,15,422,1,1,1,126
1222,16,422,1,1,1,80
1222,17,422,1,1,1,125
1222,18,422,1,1,1,89
1222,19,422,1,1,1,82
1223,0,423,1,0,0,128
1223,1,423,1,0,0,113
1223,2,423,1,0,0,152
1223,3,423,1,0,0,85
1223,4,423,1,0,0,81
1223,5,423,1,0,0,81
1223,6,423,1,0,0,138
1223,7,423,1,0,0,100
1223,8,423,1,0,0,137
1223,9,423,1,0,0,119
1223,10,423,1,1,1,107
1223,11,423,1,1,1,133
1223,12,423,1,1,1,146
1223,13,423,1,1,1,79
1223,14,423,1,1,1,103
1223,15,423,1,1,1,184
1223,16,423,1,1,1,108
1223,17,423,1,1,1,124
1223,18,423,1,1,1,109
1223,19,423,1,1,1,107
1224,0,424,1,0,0,93
1224,1,424,1,0,0,122
1224,2,424,1,0,0,119
1224,3,424,1,0,0,74
1224,4,424,1,0,0,92
1224,5,424,1,0,0,102
1224,6,424,1,0,0,124
1224,7,424,1,0,0,69
1224,8,424,1,0,0,167
1224,9,424,1,0,0,102
1224,10,424,1,1,1,70
1224,11,424,1,1,1,138
1224,12,424,1,1,1,171
1224,13,424,1,1,1,77
1224,14,424,1,1,1,98
1224,15,424,1,1,1,146
1224,16,424,1,1,1,80
1224,17,424,1,1,1,124
1224,18,424,1,1,1,77
1224,19,424,1,1,1,101
1225,0,425,1,0,0,111
1225,1,425,1,0,0,215
1225,2,425,1,0,0,242
1225,3,425,1,0,0,106
1225,4,425,1,0,0,122
1225,5,425,1,0,0,90
1225,6,425,1,0,0,96
1225,7,425,1,0,0,150
1225,8,425,1,0,0,99
1225,9,425,1,0,0,129
1225,10,425,1,1,1,149
1225,11,425,1,1,1,102
1225,12,425,1,1,1,120
1225,13,425,1,1,1,180
1225,14,425,1,1,1,96
1225,15,425,1,1,1,112
1225,16,425,1,1,1,184
1225,17,425,1,1,1,133
1225,18,425,1,1,1,99
1225,19,425,1,1,1,87
1226,0,426,1,0,0,92
1226,1,426,1,0,0,87
1226,2,426,1,0,0,169
1226,3,426,1,0,0,123
1226,4,426,1,0,0,139
1226,5,426,1,0,0,162
1226,6,426,1,0,0,81
1226,7,426,1,0,0,128
1226,8,426,1,0,0,88
1226,9,426,1,0,0,84
1226,10,426,1,1,1,107
1226,11,426,1,1,1,98
1226,12,426,1,1,1,174
1226,13,426,1,1,1,158
1226,14,426,1,1,1,156
1226,15,426,1,1,1,130
1226,16,426,1,1,1,139
1226,17,426,1,1,1,125
1226,18,426,1,1,1,206
1226,19,426,1,1,1,219
1227,0,427,1,0,0,129
1227,1,427,1,0,0,101
1227,2,427,1,0,0,111
1227,3,427,1,0,0,88
1227,4,427,1,0,0,145
1227,5,427,1,0,0,166
1227,6,427,1,0,0,133
1227,7,427,1,0,0,88
1227,8,427,1,0,0,177
1227,9,427,1,0,0,76
1227,10,427,1,1,1,121
1227,11,427,1,1,1,125
1227,12,427,1,1,1,120
1227,13,427,1,1,1,115
1227,14,427,1,1,1,217
1227,15,427,1,1,1,174
1227,16,427,1,1,1,99
1227,17,427,1,1,1,130
1227,18,427,1,1,1,107
1227,19,427,1,1,1,139
1228,0,428,1,0,0,163
1228,1,428,1,0,0,144
1228,2,428,1,0,0,89
1228,3,428,1,0,0,152
1228,4,428,1,0,0,125
1228,5,428,1,0,0,134
1228,6,428,1,0,0,188
1228,7,428,1,0,0,90
1228,8,428,1,0,0,119
1228,9,428,1,0,0,110
1228,10,428,1,1,1,170
1228,11,428,1,1,1,125
1228,12,428,1,1,1,98
1228,13,428,1,1,1,158
1228,14,428,1,1,1,119
1228,15,428,1,1,1,125
1228,16,428,1,1,1,105
1228,17,428,1,1,1,171
1228,18,428,1,1,1,174
1228,19,428,1,1,1,105
1229,0,429,1,0,0,98
1229,1,429,1,0,0,93
1229,2,429,1,0,0,120
1229,3,429,1,0,0,150
1229,4,429,1,0,0,100
1229,5,429,1,0,0,112
1229,6,429,1,0,0,106
1229,7,429,1,0,0,89
1229,8,429,1,0,0,120
1229,9,429,1,0,0,132
1229,10,429,1,1,1,71
1229,11,429,1,1,1,138
1229,12,429,1,1,1,138
1229,13,429,1,1,1,71
1229,14,429,1,1,1,137
1229,15,429,1,1,1,111
1229,16,429,1,1,1,115
1229,17,429,1,1,1,142
1229,18,429,1,1,1,91
1229,19,429,1,1,1,140
1230,0,430,1,0,0,145
1230,1,430,1,0,0,69
1230,2,430,1,0,0,142
1230,3,430,1,0,0,151
1230,4,430,1,0,0,202
1230,5,430,1,0,0,140
1230,6,430,1,0,0,108
1230,7,430,1,0,0,119
1230,8,430,1,0,0,69
1230,9,430,1,0,0,111
1230,10,430,1,1,1,104
1230,11,430,1,1,1,102
1230,12,430,1,1,1,134
1230,13,430,1,1,1,108
1230,14,430,1,1,1,98
1230,15,430,1,1,1,105
1230,16,430,1,1,1,87
1230,17,430,1,1,1,121
1230,18,430,1,1,1,85
1230,19,430,1,1,1,145
1231,0,431,1,0,0,62
1231,1,431,1,0,0,140
1231,2,431,1,0,0,184
1231,3,431,1,0,0,166
1231,4,431,1,0,0,106
1231,5,431,1,0,0,141
1231,6,431,1,0,0,109
1231,7,431,1,0,0,101
1231,8,431,1,0,0,111
1231,9,431,1,0,0,84
1231,10,431,1,1,1,150
1231,11,431,1,1,1,93
1231,12,431,1,1,1,137
1231,13,431,1,1,1,86
1231,14,431,1,1,1,98
1231,15,431,1,1,1,113
1231,16,431,1,1,1,67
1231,17,431,1,1,1,90
1231,18,431,1,1,1,76
1231,19,431,1,1,1,141
1232,0,432,1,0,0,161
1232,1,432,1,0,0,156
1232,2,432,1,0,0,135
1232,3,432,1,0,0,80
1232,4,432,1,0,0,178
1232,5,432,1,0,0,120
1232,6,432,1,0,0,148
1232,7,432,1,0,0,105
1232,8,432,1,0,0,78
1232,9,432,1,0,0,122
1232,10,432,1,1,1,97
1232,11,432,1,1,1,109
1232,12,432,1,1,1,167
1232,13,432,1,1,1,110
1232,14,432,1,1,1,86
1232,15,432,1,1,1,97
1232,16,432,1,1,1,136
1232,17,432,1,1,1,106
1232,18,432,1,1,1,165
1232,19,432,1,1,1,161
1233,0,433,1,0,0,145
1233,1,433,1,0,0,138
1233,2,433,1,0,0,205
1233,3,433,1,0,0,102
1233,4,433,1,0,0,100
1233,5,433,1,0,0,86
1233,6,433,1,0,0,112
1233,7,433,1,0,0,118
1233,8,433,1,0,0,119
1233,9,433,1,0,0,100
1233,10,433,1,1,1,176
1233,11,433,1,1,1,126
1233,12,433,1,1,1,163
1233,13,433,1,1,1,126
1233,14,433,1,1,1,144
1233,15,433,1,1,1,125
1233,16,433,1,1,1,121
1233,17,433,1,1,1,146
1233,18,433,1,1,1,100
1233,19,433,1,1,1,95
1234,0,434,1,0,0,100
1234,1,434,1,0,0,86
1234,2,434,1,0,0,66
1234,3,434,1,0,0,91
1234,4,434,1,0,0,149
1234,5,434,1,0,0,223
1234,6,434,1,0,0,155
1234,7,434,1,0,0,152
1234,8,434,1,0,0,130
1234,9,434,1,0,0,143
1234,10,434,1,1,1,153
1234,11,434,1,1,1,183
1234,12,434,1,1,1,124
1234,13,434,1,1,1,146
1234,14,434,1,1,1,160
1234,15,434,1,1,1,113
1234,16,434,1,1,1,131
1234,17,434,1,1,1,115
1234,18,434,1,1,1,109
1234,19,434,1,1,1,148
1235,0,435,1,0,0,137
1235,1,435,1,0,0,109
1235,2,435,1,0,0,108
1235,3,435,1,0,0,167
1235,4,435,1,0,0,108
1235,5,435,1,0,0,89
1235,6,435,1,0,0,101
1235,7,435,1,0,0,134
1235,8,435,1,0,0,139
1235,9,435,1,0,0,216
1235,10,435,1,1,1,137
1235,11,435,1,1,1,110
1235,12,435,1,1,1,161
1235,13,435,1,1,1,107
1235,14,435,1,1,1,111
1235,15,435,1,1,1,113
1235,16,435,1,1,1,120
1235,17,435,1,1,1,73
1235,18,435,1,1,1,93
1235,19,435,1,1,1,119
1236,0,436,1,0,0,142
1236,1,436,1,0,0,107
1236,2,436,1,0,0,118
1236,3,436,1,0,0,90
1236,4,436,1,0,0,126
1236,5,436,1,0,0,131
1236,6,436,1,0,0,85
1236,7,436,1,0,0,93
1236,8,436,1,0,0,86
1236,9,436,1,0,0,93
1236,10,436,1,1,1,135
1236,11,436,1,1,1,126
1236,12,436,1,1,1,195
1236,13,436,1,1,1,94
1236,14,436,1,1,1,114
1236,15,436,1,1,1,128
1236,16,436,1,1,1,126
1236,17,436,1,1,1,92
1236,18,436,1,1,1,145
1236,19,436,1,1,1,122
1237,0,437,1,0,0,129
1237,1,437,1,0,0,133
1237,2,437,1,0,0,125
1237,3,437,1,0,0,193
1237,4,437,1,0,0,127
1237,5,437,1,0,0,94
1237,6,437,1,0,0,129
1237,7,437,1,0,0,75
1237,8,437,1,0,0,121
1237,9,437,1,0,0,153
1237,10,437,1,1,1,177
1237,11,437,1,1,1,150
1237,12,437,1,1,1,88
1237,13,437,1,1,1,80
1237,14,437,1,1,1,131
1237,15,437,1,1,1,164
1237,16,437,1,1,1,142
1237,17,437,1,1,1,185
1237,18,437,1,1,1,207
1237,19,437,1,1,1,199
1238,0,438,1,0,0,83
1238,1,438,1,0,0,155
1238,2,438,1,0,0,162
1238,3,438,1,0,0,248
1238,4,438,1,0,0,212
1238,5,438,1,0,0,102
1238,6,438,1,0,0,106
1238,7,438,1,0,0,132
1238,8,438,1,0,0,92
1238,9,438,1,0,0,97
1238,10,438,1,1,1,78
1238,11,438,1,1,1,122
1238,12,438,1,1,1,145
1238,13,438,1,1,1,132
1238,14,438,1,1,1,108
1238,15,438,1,1,1,186
1238,16,438,1,1,1,118
1238,17,438,1,1,1,76
1238,18,438,1,1,1,98
1238,19,438,1,1,1,126
1239,0,439,1,0,0,138
1239,1,439,1,0,0,111
1239,2,439,1,0,0,132
1239,3,439,1,0,0,163
1239,4,439,1,0,0,131
1239,5,439,1,0,0,146
1239,6,439,1,0,0,118
1239,7,439,1,0,0,151
1239,8,439,1,0,0,176
1239,9,439,1,0,0,110
1239,10,439,1,1,1,109
1239,11,439,1,1,1,116
1239,12,439,1,1,1,117
1239,13,439,1,1,1,112
1239,14,439,1,1,1,109
1239,15,439,1,1,1,155
1239,16,439,1,1,1,125
1239,17,439,1,1,1,119
1239,18,439,1,1,1,108
1239,19,439,1,1,1,136
1240,0,440,1,0,0,153
1240,1,440,1,0,0,171
1240,2,440,1,0,0,121
1240,3,440,1,0,0,95
1240,4,440,1,0,0,130
1240,5,440,1,0,0,160
1240,6,440,1,0,0,114
1240,7,440,1,0,0,107
1240,8,440,1,0,0,118
1240,9,440,1,0,0,134
1240,10,440,1,1,1,120
1240,11,440,1,1,1,118
1240,12,440,1,1,1,195
1240,13,440,1,1,1,158
1240,14,440,1,1,1,130
1240,15,440,1,1,1,95
1240,16,440,1,1,1,162
1240,17,440,1,1,1,145
1240,18,440,1,1,1,84
1240,19,440,1,1,1,157
1241,0,441,1,0,0,142
1241,1,441,1,0,0,121
1241,2,441,1,0,0,108
1241,3,441,1,0,0,142
1241,4,441,1,0,0,162
1241,5,441,1,0,0,168
1241,6,441,1,0,0,157
1241,7,441,1,0,0,116
1241,8,441,1,0,0,128
1241,9,441,1,0,0,118
1241,10,441,1,1,1,201
1241,11,441,1,1,1,84
1241,12,441,1,1,1,128
1241,13,441,1,1,1,153
1241,14,441,1,1,1,111
1241,15,441,1,1,1,110
1241,16,441,1,1,1,81
1241,17,441,1,1,1,106
1241,18,441,1,1,1,97
1241,19,441,1,1,1,124
1242,0,442,1,0,0,151
1242,1,442,1,0,0,72
1242,2,442,1,0,0,109
1242,3,442,1,0,0,142
1242,4,442,1,0,0,88
1242,5,442,1,0,0,297
1242,6,442,1,0,0,131
1242,7,442,1,0,0,115
1242,8,442,1,0,0,111
1242,9,442,1,0,0,94
1242,10,442,1,1,1,127
1242,11,442,1,1,1,137
1242,12,442,1,1,1,107
1242,13,442,1,1,1,96
1242,14,442,1,1,1,148
1242,15,442,1,1,1,127
1242,16,442,1,1,1,169
1242,17,442,1,1,1,105
1242,18,442,1,1,1,113
1242,19,442,1,1,1,144
1243,0,443,1,0,0,201
1243,1,443,1,0,0,130
1243,2,443,1,0,0,127
1243,3,443,1,0,0,142
1243,4,443,1,0,0,111
1243,5,443,1,0,0,156
1243,6,443,1,0,0,60
1243,7,443,1,0,0,180
1243,8,443,1,0,0,76
1243,9,443,1,0,0,189
1243,10,443,1,1,1,177
1243,11,443,1,1,1,94
1243,12,443,1,1,1,138
1243,13,443,1,1,1,186
1243,14,443,1,1,1,94
1243,15,443,1,1,1,111
1243,16,443,1,1,1,159
1243,17,443,1,1,1,87
1243,18,443,1,1,1,140
1243,19,443,1,1,1,159
1244,0,444,1,0,0,103
1244,1,444,1,0,0,151
1244,2,444,1,0,0,191
1244,3,444,1,0,0,89
1244,4,444,1,0,0,119
1244,5,444,1,0,0,188
1244,6,444,1,0,0,151
1244,7,444,1,0,0,130
1244,8,444,1,0,0,179
1244,9,444,1,0,0,152
1244,10,444,1,1,1,130
1244,11,444,1,1,1,125
1244,12,444,1,1,1,159
1244,13,444,1,1,1,82
1244,14,444,1,1,1,181
1244,15,444,1,1,1,176
1244,16,444,1,1,1,118
1244,17,444,1,1,1,86
1244,18,444,1,1,1,114
1244,19,444,1,1,1,123
1245,0,445,1,0,0,180
1245,1,445,1,0,0,101
1245,2,445,1,0,0,287
1245,3,445,1,0,0,97
1245,4,445,1,0,0,116
1245,5,445,1,0,0,118
1245,6,445,1,0,0,109
1245,7,445,1,0,0,127
1245,8,445,1,0,0,131
1245,9,445,1,0,0,103
1245,10,445,1,1,1,127
1245,11,445,1,1,1,127
1245,12,445,1,1,1,166
1245,13,445,1,1,1,119
1245,14,445,1,1,1,119
1245,15,445,1,1,1,133
1245,16,445,1,1,1,130
1245,17,445,1,1,1,99
1245,18,445,1,1,1,139
1245,19,445,1,1,1,122
1246,0,446,1,0,0,123
1246,1,446,1,0,0,127
1246,2,446,1,0,0,174
1246,3,446,1,0,0,115
1246,4,446,1,0,0,102
1246,5,446,1,0,0,88
1246,6,446,1,0,0,155
1246,7,446,1,0,0,116
1246,8,446,1,0,0,87
1246,9,446,1,0,0,122
1246,10,446,1,1,1,113
1246,11,446,1,1,1,141
1246,12,446,1,1,1,130
1246,13,446,1,1,1,177
1246,14,446,1,1,1,120
1246,15,446,1,1,1,196
1246,16,446,1,1,1,110
1246,17,446,1,1,1,107
1246,18,446,1,1,1,137
1246,19,446,1,1,1,88
1247,0,447,1,0,0,123
1247,1,447,1,0,0,78
1247,2,447,1,0,0,96
1247,3,447,1,0,0,109
1247,4,447,1,0,0,200
1247,5,447,1,0,0,135
1247,6,447,1,0,0,105
1247,7,447,1,0,0,121
1247,8,447,1,0,0,205
1247,9,447,1,0,0,133
1247,10,447,1,1,1,117
1247,11,447,1,1,1,175
1247,12,447,1,1,1,121
1247,13,447,1,1,1,99
1247,14,447,1,1,1,152
1247,15,447,1,1,1,173
1247,16,447,1,1,1,116
1247,17,447,1,1,1,157
1247,18,447,1,1,1,110
1247,19,447,1,1,1,169
1248,0,448,1,0,0,170
1248,1,448,1,0,0,133
1248,2,448,1,0,0,166
1248,3,448,1,0,0,134
1248,4,448,1,0,0,96
1248,5,448,1,0,0,117
1248,6,448,1,0,0,99
1248,7,448,1,0,0,142
1248,8,448,1,0,0,153
1248,9,448,1,0,0,194
1248,10,448,1,1,1,97
1248,11,448,1,1,1,178
1248,12,448,1,1,1,128
1248,13,448,1,1,1,158
1248,14,448,1,1,1,116
1248,15,448,1,1,1,121
1248,16,448,1,1,1,148
1248,17,448,1,1,1,126
1248,18,448,1,1,1,116
1248,19,448,1,1,1,117
1249,0,449,1,0,0,147
1249,1,449,1,0,0,121
1249,2,449,1,0,0,96
1249,3,449,1,0,0,127
1249,4,449,1,0,0,124
1249,5,449,1,0,0,122
1249,6,449,1,0,0,122
1249,7,449,1,0,0,106
1249,8,449,1,0,0,178
1249,9,449,1,0,0,117
1249,10,449,1,1,1,117
1249,11,449,1,1,1,154
1249,12,449,1,1,1,103
1249,13,449,1,1,1,94
1249,14,449,1,1,1,117
1249,15,449,1,1,1,158
1249,16,449,1,1,1,133
1249,17,449,1,1,1,123
1249,18,449,1,1,1,125
1249,19,449,1,1,1,97
1250,0,450,1,0,0,183
1250,1,450,1,0,0,148
1250,2,450,1,0,0,111
1250,3,450,1,0,0,117
1250,4,450,1,0,0,88
1250,5,450,1,0,0,178
1250,6,450,1,0,0,79
1250,7,450,1,0,0,134
1250,8,450,1,0,0,85
1250,9,450,1,0,0,92
1250,10,450,1,1,1,211
1250,11,450,1,1,1,116
1250,12,450,1,1,1,128
1250,13,450,1,1,1,146
1250,14,450,1,1,1,120
1250,15,450,1,1,1,125
1250,16,450,1,1,1,105
1250,17,450,1,1,1,147
1250,18,450,1,1,1,188
1250,19,450,1,1,1,110
1251,0,451,1,0,0,171
1251,1,451,1,0,0,111
1251,2,451,1,0,0,91
1251,3,451,1,0,0,157
1251,4,451,1,0,0,199
1251,5,451,1,0,0,128
1251,6,451,1,0,0,192
1251,7,451,1,0,0,139
1251,8,451,1,0,0,135
1251,9,451,1,0,0,136
1251,10,451,1,1,1,119
1251,11,451,1,1,1,154
1251,12,451,1,1,1,168
1251,13,451,1,1,1,73
1251,14,451,1,1,1,178
1251,15,451,1,1,1,137
1251,16,451,1,1,1,147
1251,17,451,1,1,1,110
1251,18,451,1,1,1,124
1251,19,451,1,1,1,208
1252,0,452,1,0,0,180
1252,1,452,1,0,0,178
1252,2,452,1,0,0,111
1252,3,452,1,0,0,176
1252,4,452,1,0,0,120
1252,5,452,1,0,0,106
1252,6,452,1,0,0,137
1252,7,452,1,0,0,111
1252,8,452,1,0,0,165
1252,9,452,1,0,0,76
1252,10,452,1,1,1,200
1252,11,452,1,1,1,153
1252,12,452,1,1,1,149
1252,13,452,1,1,1,110
1252,14,452,1,1,1,115
1252,15,452,1,1,1,133
1252,16,452,1,1,1,223
1252,17,452,1,1,1,170
1252,18,452,1,1,1,118
1252,19,452,1,1,1,124
1253,0,453,1,0,0,95
1253,1,453,1,0,0,252
1253,2,453,1,0,0,103
1253,3,453,1,0,0,180
1253,4,453,1,0,0,209
1253,5,453,1,0,0,112
1253,6,453,1,0,0,134
1253,7,453,1,0,0,184
1253,8,453,1,0,0,115
1253,9,453,1,0,0,173
1253,10,453,1,1,1,119
1253,11,453,1,1,1,117
1253,12,453,1,1,1,178
1253,13,453,1,1,1,143
1253,14,453,1,1,1,171
1253,15,453,1,1,1,162
1253,16,453,1,1,1,178
1253,17,453,1,1,1,153
1253,18,453,1,1,1,141
1253,19,453,1,1,1,209
1254,0,454,1,0,0,113
1254,1,454,1,0,0,137
1254,2,454,1,0,0,156
1254,3,454,1,0,0,113
1254,4,454,1,0,0,142
1254,5,454,1,0,0,189
1254,6,454,1,0,0,82
1254,7,454,1,0,0,153
1254,8,454,1,0,0,104
1254,9,454,1,0,0,115
1254,10,454,1,1,1,82
1254,11,454,1,1,1,143
1254,12,454,1,1,1,130
1254,13,454,1,1,1,83
1254,14,454,1,1,1,114
1254,15,454,1,1,1,234
1254,16,454,1,1,1,161
1254,17,454,1,1,1,108
1254,18,454,1,1,1,125
1254,19,454,1,1,1,114
1255,0,455,1,0,0,127
1255,1,455,1,0,0,164
1255,2,455,1,0,0,113
1255,3,455,1,0,0,157
1255,4,455,1,0,0,123
1255,5,455,1,0,0,91
1255,6,455,1,0,0,94
1255,7,455,1,0,0,94
1255,8,455,1,0,0,60
1255,9,455,1,0,0,82
1255,10,455,1,1,1,108
1255,11,455,1,1,1,200
1255,12,455,1,1,1,86
1255,13,455,1,1,1,129
1255,14,455,1,1,1,103
1255,15,455,1,1,1,201
1255,16,455,1,1,1,158
1255,17,455,1,1,1,113
1255,18,455,1,1,1,116
1255,19,455,1,1,1,99
1256,0,456,1,0,0,124
1256,1,456,1,0,0,168
1256,2,456,1,0,0,181
1256,3,456,1,0,0,235
1256,4,456,1,0,0,204
1256,5,456,1,0,0,123
1256,6,456,1,0,0,155
1256,7,456,1,0,0,189
1256,8,456,1,0,0,130
1256,9,456,1,0,0,114
1256,10,456,1,1,1,160
1256,11,456,1,1,1,176
1256,12,456,1,1,1,126
1256,13,456,1,1,1,114
1256,14,456,1,1,1,156
1256,15,456,1,1,1,172
1256,16,456,1,1,1,164
1256,17,456,1,1,1,156
1256,18,456,1,1,1,140
1256,19,456,1,1,1,138
1257,0,457,1,0,0,128
1257,1,457,1,0,0,118
1257,2,457,1,0,0,100
1257,3,457,1,0,0,130
1257,4,457,1,0,0,150
1257,5,457,1,0,0,162
1257,6,457,1,0,0,173
1257,7,457,1,0,0,168
1257,8,457,1,0,0,76
1257,9,457,1,0,0,200
1257,10,457,1,1,1,153
1257,11,457,1,1,1,137
1257,12,457,1,1,1,113
1257,13,457,1,1,1,125
1257,14,457,1,1,1,152
1257,15,457,1,1,1,130
1257,16,457,1,1,1,163
1257,17,457,1,1,1,85
1257,18,457,1,1,1,132
1257,19,457,1,1,1,128
1258,0,458,1,0,0,131
1258,1,458,1,0,0,96
1258,2,458,1,0,0,116
1258,3,458,1,0,0,165
1258,4,458,1,0,0,135
1258,5,458,1,0,0,103
1258,6,458,1,0,0,183
1258,7,458,1,0,0,125
1258,8,458,1,0,0,201
1258,9,458,1,0,0,91
1258,10,458,1,1,1,163
1258,11,458,1,1,1,193
1258,12,458,1,1,1,124
1258,13,458,1,1,1,134
1258,14,458,1,1,1,106
1258,15,458,1,1,1,142
1258,16,458,1,1,1,168
1258,17,458,1,1,1,116
1258,18,458,1,1,1,115
1258,19,458,1,1,1,131
1259,0,459,1,0,0,92
1259,1,459,1,0,0,91
1259,2,459,1,0,0,170
1259,3,459,1,0,0,156
1259,4,459,1,0,0,142
1259,5,459,1,0,0,155
1259,6,459,1,0,0,115
1259,7,459,1,0,0,108
1259,8,459,1,0,0,143
1259,9,459,1,0,0,148
1259,10,459,1,1,1,107
1259,11,459,1,1,1,176
1259,12,459,1,1,1,140
1259,13,459,1,1,1,140
1259,14,459,1,1,1,131
1259,15,459,1,1,1,152
1259,16,459,1,1,1,115
1259,17,459,1,1,1,137
1259,18,459,1,1,1,146
1259,19,459,1,1,1,130
1260,0,460,1,0,0,160
1260,1,460,1,0,0,229
1260,2,460,1,0,0,151
1260,3,460,1,0,0,188
1260,4,460,1,0,0,117
1260,5,460,1,0,0,177
1260,6,460,1,0,0,200
1260,7,460,1,0,0,146
1260,8,460,1,0,0,211
1260,9,460,1,0,0,140
1260,10,460,1,1,1,190
1260,11,460,1,1,1,225
1260,12,460,1,1,1,190
1260,13,460,1,1,1,168
1260,14,460,1,1,1,157
1260,15,460,1,1,1,163
1260,16,460,1,1,1,182
1260,17,460,1,1,1,133
1260,18,460,1,1,1,116
1260,19,460,1,1,1,187
1261,0,461,1,0,0,169
1261,1,461,1,0,0,107
1261,2,461,1,0,0,132
1261,3,461,1,0,0,126
1261,4,461,1,0,0,128
1261,5,461,1,0,0,142
1261,6,461,1,0,0,105
1261,7,461,1,0,0,193
1261,8,461,1,0,0,166
1261,9,461,1,0,0,187
1261,10,461,1,1,1,133
1261,11,461,1,1,1,191
1261,12,461,1,1,1,190
1261,13,461,1,1,1,122
1261,14,461,1,1,1,156
1261,15,461,1,1,1,100
1261,16,461,1,1,1,149
1261,17,461,1,1,1,274
1261,18,461,1,1,1,163
1261,19,461,1,1,1,111
1262,0,462,1,0,0,112
1262,1,462,1,0,0,136
1262,2,462,1,0,0,157
1262,3,462,1,0,0,82
1262,4,462,1,0,0,173
1262,5,462,1,0,0,132
1262,6,462,1,0,0,106
1262,7,462,1,0,0,172
1262,8,462,1,0,0,155
1262,9,462,1,0,0,228
1262,10,462,1,1,1,174
1262,11,462,1,1,1,200
1262,12,462,1,1,1,152
1262,13,462,1,1,1,165
1262,14,462,1,1,1,93
1262,15,462,1,1,1,153
1262,16,462,1,1,1,150
1262,17,462,1,1,1,143
1262,18,462,1,1,1,215
1262,19,462,1,1,1,125
1263,0,463,1,0,0,89
1263,1,463,1,0,0,171
1263,2,463,1,0,0,268
1263,3,463,1,0,0,85
1263,4,463,1,0,0,157
1263,5,463,1,0,0,134
1263,6,463,1,0,0,168
1263,7,463,1,0,0,127
1263,8,463,1,0,0,111
1263,9,463,1,0,0,101
1263,10,463,1,1,1,180
1263,11,463,1,1,1,125
1263,12,463,1,1,1,132
1263,13,463,1,1,1,161
1263,14,463,1,1,1,265
1263,15,463,1,1,1,109
1263,16,463,1,1,1,244
1263,17,463,1,1,1,168
1263,18,463,1,1,1,135
1263,19,463,1,1,1,123
1264,0,464,1,0,0,139
1264,1,464,1,0,0,133
1264,2,464,1,0,0,113
1264,3,464,1,0,0,215
1264,4,464,1,0,0,174
1264,5,464,1,0,0,127
1264,6,464,1,0,0,114
1264,7,464,1,0,0,157
1264,8,464,1,0,0,162
1264,9,464,1,0,0,174
1264,10,464,1,1,1,162
1264,11,464,1,1,1,131
1264,12,464,1,1,1,237
1264,13,464,1,1,1,158
1264,14,464,1,1,1,102
1264,15,464,1,1,1,200
1264,16,464,1,1,1,127
1264,17,464,1,1,1,133
1264,18,464,1,1,1,135
1264,19,464,1,1,1,105
1265,0,465,1,0,0,175
1265,1,465,1,0,0,134
1265,2,465,1,0,0,110
1265,3,465,1,0,0,179
1265,4,465,1,0,0,148
1265,5,465,1,0,0,151
1265,6,465,1,0,0,137
1265,7,465,1,0,0,147
1265,8,465,1,0,0,211
1265,9,465,1,0,0,149
1265,10,465,1,1,1,156
1265,11,465,1,1,1,147
1265,12,465,1,1,1,170
1265,13,465,1,1,1,143
1265,14,465,1,1,1,116
1265,15,465,1,1,1,123
1265,16,465,1,1,1,133
1265,17,465,1,1,1,198
1265,18,465,1,1,1,187
1265,19,465,1,1,1,160
1266,0,466,1,0,0,156
1266,1,466,1,0,0,177
1266,2,466,1,0,0,171
1266,3,466,1,0,0,111
1266,4,466,1,0,0,142
1266,5,466,1,0,0,137
1266,6,466,1,0,0,79
1266,7,466,1,0,0,183
1266,8,466,1,0,0,182
1266,9,466,1,0,0,140
1266,10,466,1,1,1,158
1266,11,466,1,1,1,189
1266,12,466,1,1,1,132
1266,13,466,1,1,1,93
1266,14,466,1,1,1,184
1266,15,466,1,1,1,139
1266,16,466,1,1,1,162
1266,17,466,1,1,1,177
1266,18,466,1,1,1,239
1266,19,466,1,1,1,110
1267,0,467,1,0,0,147
1267,1,467,1,0,0,123
1267,2,467,1,0,0,174
1267,3,467,1,0,0,169
1267,4,467,1,0,0,160
1267,5,467,1,0,0,188
1267,6,467,1,0,0,183
1267,7,467,1,0,0,193
1267,8,467,1,0,0,150
1267,9,467,1,0,0,170
1267,10,467,1,1,1,76
1267,11,467,1,1,1,155
1267,12,467,1,1,1,224
1267,13,467,1,1,1,131
1267,14,467,1,1,1,179
1267,15,467,1,1,1,172
1267,16,467,1,1,1,139
1267,17,467,1,1,1,134
1267,18,467,1,1,1,121
1267,19,467,1,1,1,146
1268,0,468,1,0,0,99
1268,1,468,1,0,0,167
1268,2,468,1,0,0,195
1268,3,468,1,0,0,149
1268,4,468,1,0,0,158
1268,5,468,1,0,0,120
1268,6,468,1,0,0,147
1268,7,468,1,0,0,168
1268,8,468,1,0,0,144
1268,9,468,1,0,0,152
1268,10,468,1,1,1,98
1268,11,468,1,1,1,153
1268,12,468,1,1,1,154
1268,13,468,1,1,1,133
1268,14,468,1,1,1,189
1268,15,468,1,1,1,135
1268,16,468,1,1,1,160
1268,17,468,1,1,1,128
1268,18,468,1,1,1,103
1268,19,468,1,1,1,275
1269,0,469,1,0,0,140
1269,1,469,1,0,0,189
1269,2,469,1,0,0,119
1269,3,469,1,0,0,159
1269,4,469,1,0,0,184
1269,5,469,1,0,0,119
1269,6,469,1,0,0,176
1269,7,469,1,0,0,208
1269,8,469,1,0,0,103
1269,9,469,1,0,0,170
1269,10,469,1,1,1,184
1269,11,469,1,1,1,120
1269,12,469,1,1,1,180
1269,13,469,1,1,1,121
1269,14,469,1,1,1,124
1269,15,469,1,1,1,116
1269,16,469,1,1,1,199
1269,17,469,1,1,1,234
1269,18,469,1,1,1,138
1269,19,469,1,1,1,215
1270,0,470,1,0,0,106
1270,1,470,1,0,0,128
1270,2,470,1,0,0,146
1270,3,470,1,0,0,136
1270,4,470,1,0,0,101
1270,5,470,1,0,0,148
1270,6,470,1,0,0,130
1270,7,470,1,0,0,172
1270,8,470,1,0,0,138
1270,9,470,1,0,0,174
1270,10,470,1,1,1,130
1270,11,470,1,1,1,106
1270,12,470,1,1,1,122
1270,13,470,1,1,1,141
1270,14,470,1,1,1,173
1270,15,470,1,1,1,208
1270,16,470,1,1,1,250
1270,17,470,1,1,1,148
1270,18,470,1,1,1,169
1270,19,470,1,1,1,134
1271,0,471,1,0,0,172
1271,1,471,1,0,0,164
1271,2,471,1,0,0,289
1271,3,471,1,0,0,274
1271,4,471,1,0,0,119
1271,5,471,1,0,0,160
1271,6,471,1,0,0,177
1271,7,471,1,0,0,176
1271,8,471,1,0,0,122
1271,9,471,1,0,0,248
1271,10,471,1,1,1,123
1271,11,471,1,1,1,136
1271,12,471,1,1,1,160
1271,13,471,1,1,1,131
1271,14,471,1,1,1,149
1271,15,471,1,1,1,139
1271,16,471,1,1,1,134
1271,17,471,1,1,1,149
1271,18,471,1,1,1,189
1271,19,471,1,1,1,191
1272,0,472,1,0,0,196
1272,1,472,1,0,0,164
1272,2,472,1,0,0,157
1272,3,472,1,0,0,195
1272,4,472,1,0,0,115
1272,5,472,1,0,0,171
1272,6,472,1,0,0,305
1272,7,472,1,0,0,172
1272,8,472,1,0,0,261
1272,9,472,1,0,0,121
1272,10,472,1,1,1,189
1272,11,472,1,1,1,208
1272,12,472,1,1,1,172
1272,13,472,1,1,1,160
1272,14,472,1,1,1,164
1272,15,472,1,1,1,174
1272,16,472,1,1,1,134
1272,17,472,1,1,1,197
1272,18,472,1,1,1,171
1272,19,472,1,1,1,91
1273,0,473,1,0,0,104
1273,1,473,1,0,0,153
1273,2,473,1,0,0,201
1273,3,473,1,0,0,145
1273,4,473,1,0,0,109
1273,5,473,1,0,0,127
1273,6,473,1,0,0,110
1273,7,473,1,0,0,242
1273,8,473,1,0,0,132
1273,9,473,1,0,0,144
1273,10,473,1,1,1,125
1273,11,473,1,1,1,155
1273,12,473,1,1,1,228
1273,13,473,1,1,1,142
1273,14,473,1,1,1,145
1273,15,473,1,1,1,134
1273,16,473,1,1,1,97
1273,17,473,1,1,1,148
1273,18,473,1,1,1,145
1273,19,473,1,1,1,111
1274,0,474,1,0,0,212
1274,1,474,1,0,0,263
1274,2,474,1,0,0,127
1274,3,474,1,0,0,148
1274,4,474,1,0,0,151
1274,5,474,1,0,0,142
1274,6,474,1,0,0,202
1274,7,474,1,0,0,130
1274,8,474,1,0,0,146
1274,9,474,1,0,0,132
1274,10,474,1,1,1,140
1274,11,474,1,1,1,193
1274,12,474,1,1,1,146
1274,13,474,1,1,1,124
1274,14,474,1,1,1,181
1274,15,474,1,1,1,213
1274,16,474,1,1,1,134
1274,17,474,1,1,1,132
1274,18,474,1,1,1,141
1274,19,474,1,1,1,134
1275,0,475,1,0,0,164
1275,1,475,1,0,0,127
1275,2,475,1,0,0,156
1275,3,475,1,0,0,144
1275,4,475,1,0,0,151
1275,5,475,1,0,0,217
1275,6,475,1,0,0,292
1275,7,475,1,0,0,146
1275,8,475,1,0,0,137
1275,9,475,1,0,0,82
1275,10,475,1,1,1,196
1275,11,475,1,1,1,135
1275,12,475,1,1,1,283
1275,13,475,1,1,1,123
1275,14,475,1,1,1,198
1275,15,475,1,1,1,154
1275,16,475,1,1,1,137
1275,17,475,1,1,1,174
1275,18,475,1,1,1,144
1275,19,475,1,1,1,164
1276,0,476,1,0,0,137
1276,1,476,1,0,0,201
1276,2,476,1,0,0,165
1276,3,476,1,0,0,69
1276,4,476,1,0,0,169
1276,5,476,1,0,0,85
1276,6,476,1,0,0,153
1276,7,476,1,0,0,202
1276,8,476,1,0,0,123
1276,9,476,1,0,0,203
1276,10,476,1,1,1,158
1276,11,476,1,1,1,131
1276,12,476,1,1,1,139
1276,13,476,1,1,1,191
1276,14,476,1,1,1,130
1276,15,476,1,1,1,140
1276,16,476,1,1,1,149
1276,17,476,1,1,1,216
1276,18,476,1,1,1,153
1276,19,476,1,1,1,172
1277,0,477,1,0,0,131
1277,1,477,1,0,0,145
1277,2,477,1,0,0,171
1277,3,477,1,0,0,78
1277,4,477,1,0,0,158
1277,5,477,1,0,0,96
1277,6,477,1,0,0,147
1277,7,477,1,0,0,105
1277,8,477,1,0,0,166
1277,9,477,1,0,0,143
1277,10,477,1,1,1,159
1277,11,477,1,1,1,94
1277,12,477,1,1,1,167
1277,13,477,1,1,1,199
1277,14,477,1,1,1,122
1277,15,477,1,1,1,178
1277,16,477,1,1,1,120
1277,17,477,1,1,1,199
1277,18,477,1,1,1,178
1277,19,477,1,1,1,161
1278,0,478,1,0,0,170
1278,1,478,1,0,0,160
1278,2,478,1,0,0,181
1278,3,478,1,0,0,190
1278,4,478,1,0,0,140
1278,5,478,1,0,0,219
1278,6,478,1,0,0,210
1278,7,478,1,0,0,307
1278,8,478,1,0,0,291
1278,9,478,1,0,0,241
1278,10,478,1,1,1,138
1278,11,478,1,1,1,165
1278,12,478,1,1,1,124
1278,13,478,1,1,1,193
1278,14,478,1,1,1,166
1278,15,478,1,1,1,279
1278,16,478,1,1,1,224
1278,17,478,1,1,1,127
1278,18,478,1,1,1,165
1278,19,478,1,1,1,148
1279,0,479,1,0,0,141
1279,1,479,1,0,0,138
1279,2,479,1,0,0,132
1279,3,479,1,0,0,105
1279,4,479,1,0,0,200
1279,5,479,1,0,0,179
1279,6,479,1,0,0,148
1279,7,479,1,0,0,180
1279,8,479,1,0,0,173
1279,9,479,1,0,0,147
1279,10,479,1,1,1,114
1279,11,479,1,1,1,134
1279,12,479,1,1,1,177
1279,13,479,1,1,1,187
1279,14,479,1,1,1,121
1279,15,479,1,1,1,169
1279,16,479,1,1,1,126
1279,17,479,1,1,1,169
1279,18,479,1,1,1,128
1279,19,479,1,1,1,226
1280,0,480,1,0,0,154
1280,1,480,1,0,0,98
1280,2,480,1,0,0,214
1280,3,480,1,0,0,193
1280,4,480,1,0,0,171
1280,5,480,1,0,0,232
1280,6,480,1,0,0,137
1280,7,480,1,0,0,137
1280,8,480,1,0,0,170
1280,9,480,1,0,0,173
1280,10,480,1,1,1,143
1280,11,480,1,1,1,155
1280,12,480,1,1,1,255
1280,13,480,1,1,1,266
1280,14,480,1,1,1,127
1280,15,480,1,1,1,160
1280,16,480,1,1,1,220
1280,17,480,1,1,1,184
1280,18,480,1,1,1,153
1280,19,480,1,1,1,129
1281,0,481,1,0,0,247
1281,1,481,1,0,0,161
1281,2,481,1,0,0,144
1281,3,481,1,0,0,181
1281,4,481,1,0,0,157
1281,5,481,1,0,0,197
1281,6,481,1,0,0,104
1281,7,481,1,0,0,163
1281,8,481,1,0,0,129
1281,9,481,1,0,0,165
1281,10,481,1,1,1,132
1281,11,481,1,1,1,72
1281,12,481,1,1,1,185
1281,13,481,1,1,1,164
1281,14,481,1,1,1,76
1281,15,481,1,1,1,205
1281,16,481,1,1,1,142
1281,17,481,1,1,1,142
1281,18,481,1,1,1,201
1281,19,481,1,1,1,130
1282,0,482,1,0,0,234
1282,1,482,1,0,0,98
1282,2,482,1,0,0,205
1282,3,482,1,0,0,160
1282,4,482,1,0,0,135
1282,5,482,1,0,0,230
1282,6,482,1,0,0,123
1282,7,482,1,0,0,267
1282,8,482,1,0,0,240
1282,9,482,1,0,0,163
1282,10,482,1,1,1,230
1282,11,482,1,1,1,177
1282,12,482,1,1,1,240
1282,13,482,1,1,1,194
1282,14,482,1,1,1,143
1282,15,482,1,1,1,178
1282,16,482,1,1,1,146
1282,17,482,1,1,1,120
1282,18,482,1,1,1,135
1282,19,482,1,1,1,150
1283,0,483,1,0,0,197
1283,1,483,1,0,0,192
1283,2,483,1,0,0,148
1283,3,483,1,0,0,101
1283,4,483,1,0,0,164
1283,5,483,1,0,0,295
1283,6,483,1,0,0,224
1283,7,483,1,0,0,92
1283,8,483,1,0,0,156
1283,9,483,1,0,0,201
1283,10,483,1,1,1,186
1283,11,483,1,1,1,167
1283,12,483,1,1,1,216
1283,13,483,1,1,1,118
1283,14,483,1,1,1,212
1283,15,483,1,1,1,216
1283,16,483,1,1,1,245
1283,17,483,1,1,1,186
1283,18,483,1,1,1,167
1283,19,483,1,1,1,150
1284,0,484,1,0,0,140
1284,1,484,1,0,0,178
1284,2,484,1,0,0,163
1284,3,484,1,0,0,170
1284,4,484,1,0,0,250
1284,5,484,1,0,0,242
1284,6,484,1,0,0,180
1284,7,484,1,0,0,170
1284,8,484,1,0,0,176
1284,9,484,1,0,0,167
1284,10,484,1,1,1,230
1284,11,484,1,1,1,157
1284,12,484,1,1,1,133
1284,13,484,1,1,1,190
1284,14,484,1,1,1,140
1284,15,484,1,1,1,215
1284,16,484,1,1,1,206
1284,17,484,1,1,1,163
1284,18,484,1,1,1,158
1284,19,484,1,1,1,193
1285,0,485,1,0,0,169
1285,1,485,1,0,0,201
1285,2,485,1,0,0,128
1285,3,485,1,0,0,249
1285,4,485,1,0,0,128
1285,5,485,1,0,0,151
1285,6,485,1,0,0,145
1285,7,485,1,0,0,198
1285,8,485,1,0,0,82
1285,9,485,1,0,0,143
1285,10,485,1,1,1,190
1285,11,485,1,1,1,136
1285,12,485,1,1,1,168
1285,13,485,1,1,1,129
1285,14,485,1,1,1,156
1285,15,485,1,1,1,142
1285,16,485,1,1,1,164
1285,17,485,1,1,1,224
1285,18,485,1,1,1,165
1285,19,485,1,1,1,208
1286,0,486,1,0,0,280
1286,1,486,1,0,0,193
1286,2,486,1,0,0,159
1286,3,486,1,0,0,139
1286,4,486,1,0,0,143
1286,5,486,1,0,0,155
1286,6,486,1,0,0,163
1286,7,486,1,0,0,226
1286,8,486,1,0,0,229
1286,9,486,1,0,0,172
1286,10,486,1,1,1,188
1286,11,486,1,1,1,105
1286,12,486,1,1,1,154
1286,13,486,1,1,1,170
1286,14,486,1,1,1,202
1286,15,486,1,1,1,143
1286,16,486,1,1,1,143
1286,17,486,1,1,1,232
1286,18,486,1,1,1,216
1286,19,486,1,1,1,216
1287,0,487,1,0,0,216
1287,1,487,1,0,0,195
1287,2,487,1,0,0,269
1287,3,487,1,0,0,133
1287,4,487,1,0,0,115
1287,5,487,1,0,0,97
1287,6,487,1,0,0,161
1287,7,487,1,0,0,184
1287,8,487,1,0,0,269
1287,9,487,1,0,0,97
1287,10,487,1,1,1,239
1287,11,487,1,1,1,119
1287,12,487,1,1,1,207
1287,13,487,1,1,1,181
1287,14,487,1,1,1,213
1287,15,487,1,1,1,122
1287,16,487,1,1,1,205
1287,17,487,1,1,1,173
1287,18,487,1,1,1,154
1287,19,487,1,1,1,140
1288,0,488,1,0,0,176
1288,1,488,1,0,0,207
1288,2,488,1,0,0,242
1288,3,488,1,0,0,177
1288,4,488,1,0,0,214
1288,5,488,1,0,0,171
1288,6,488,1,0,0,157
1288,7,488,1,0,0,191
1288,8,488,1,0,0,222
1288,9,488,1,0,0,207
1288,10,488,1,1,1,186
1288,11,488,1,1,1,118
1288,12,488,1,1,1,235
1288,13,488,1,1,1,279
1288,14,488,1,1,1,161
1288,15,488,1,1,1,209
1288,16,488,1,1,1,204
1288,17,488,1,1,1,152
1288,18,488,1,1,1,309
1288,19,488,1,1,1,196
1289,0,489,1,0,0,136
1289,1,489,1,0,0,212
1289,2,489,1,0,0,146
1289,3,489,1,0,0,183
1289,4,489,1,0,0,190
1289,5,489,1,0,0,119
1289,6,489,1,0,0,204
1289,7,489,1,0,0,151
1289,8,489,1,0,0,139
1289,9,489,1,0,0,253
1289,10,489,1,1,1,150
1289,11,489,1,1,1,153
1289,12,489,1,1,1,153
1289,13,489,1,1,1,150
1289,14,489,1,1,1,192
1289,15,489,1,1,1,200
1289,16,489,1,1,1,236
1289,17,489,1,1,1,155
1289,18,489,1,1,1,165
1289,19,489,1,1,1,160
1290,0,490,1,0,0,182
1290,1,490,1,0,0,194
1290,2,490,1,0,0,245
1290,3,490,1,0,0,192
1290,4,490,1,0,0,355
1290,5,490,1,0,0,152
1290,6,490,1,0,0,189
1290,7,490,1,0,0,221
1290,8,490,1,0,0,189
1290,9,490,1,0,0,158
1290,10,490,1,1,1,169
1290,11,490,1,1,1,158
1290,12,490,1,1,1,211
1290,13,490,1,1,1,233
1290,14,490,1,1,1,218
1290,15,490,1,1,1,284
1290,16,490,1,1,1,209
1290,17,490,1,1,1,165
1290,18,490,1,1,1,154
1290,19,490,1,1,1,203
1291,0,491,1,0,0,215
1291,1,491,1,0,0,221
1291,2,491,1,0,0,140
1291,3,491,1,0,0,238
1291,4,491,1,0,0,228
1291,5,491,1,0,0,150
1291,6,491,1,0,0,164
1291,7,491,1,0,0,139
1291,8,491,1,0,0,162
1291,9,491,1,0,0,199
1291,10,491,1,1,1,163
1291,11,491,1,1,1,179
1291,12,491,1,1,1,177
1291,13,491,1,1,1,177
1291,14,491,1,1,1,190
1291,15,491,1,1,1,215
1291,16,491,1,1,1,239
1291,17,491,1,1,1,188
1291,18,491,1,1,1,167
1291,19,491,1,1,1,170
1292,0,492,1,0,0,233
1292,1,492,1,0,0,248
1292,2,492,1,0,0,150
1292,3,492,1,0,0,279
1292,4,492,1,0,0,246
1292,5,492,1,0,0,192
1292,6,492,1,0,0,153
1292,7,492,1,0,0,208
1292,8,492,1,0,0,141
1292,9,492,1,0,0,155
1292,10,492,1,1,1,164
1292,11,492,1,1,1,149
1292,12,492,1,1,1,240
1292,13,492,1,1,1,164
1292,14,492,1,1,1,281
1292,15,492,1,1,1,149
1292,16,492,1,1,1,133
1292,17,492,1,1,1,144
1292,18,492,1,1,1,116
1292,19,492,1,1,1,267
1293,0,493,1,0,0,152
1293,1,493,1,0,0,181
1293,2,493,1,0,0,120
1293,3,493,1,0,0,142
1293,4,493,1,0,0,196
1293,5,493,1,0,0,146
1293,6,493,1,0,0,179
1293,7,493,1,0,0,221
1293,8,493,1,0,0,144
1293,9,493,1,0,0,200
1293,10,493,1,1,1,385
1293,11,493,1,1,1,122
1293,12,493,1,1,1,165
1293,13,493,1,1,1,130
1293,14,493,1,1,1,169
1293,15,493,1,1,1,124
1293,16,493,1,1,1,188
1293,17,493,1,1,1,162
1293,18,493,1,1,1,196
1293,19,493,1,1,1,151
1294,0,494,1,0,0,210
1294,1,494,1,0,0,223
1294,2,494,1,0,0,169
1294,3,494,1,0,0,323
1294,4,494,1,0,0,214
1294,5,494,1,0,0,249
1294,6,494,1,0,0,204
1294,7,494,1,0,0,164
1294,8,494,1,0,0,162
1294,9,494,1,0,0,136
1294,10,494,1,1,1,159
1294,11,494,1,1,1,151
1294,12,494,1,1,1,182
1294,13,494,1,1,1,140
1294,14,494,1,1,1,174
1294,15,494,1,1,1,151
1294,16,494,1,1,1,191
1294,17,494,1,1,1,157
1294,18,494,1,1,1,163
1294,19,494,1,1,1,200
1295,0,495,1,0,0,128
1295,1,495,1,0,0,188
1295,2,495,1,0,0,272
1295,3,495,1,0,0,194
1295,4,495,1,0,0,311
1295,5,495,1,0,0,179
1295,6,495,1,0,0,247
1295,7,495,1,0,0,123
1295,8,495,1,0,0,213
1295,9,495,1,0,0,107
1295,10,495,1,1,1,119
1295,11,495,1,1,1,179
1295,12,495,1,1,1,135
1295,13,495,1,1,1,210
1295,14,495,1,1,1,252
1295,15,495,1,1,1,256
1295,16,495,1,1,1,231
1295,17,495,1,1,1,262
1295,18,495,1,1,1,261
1295,19,495,1,1,1,215
1296,0,496,1,0,0,133
1296,1,496,1,0,0,147
1296,2,496,1,0,0,205
1296,3,496,1,0,0,254
1296,4,496,1,0,0,232
1296,5,496,1,0,0,250
1296,6,496,1,0,0,187
1296,7,496,1,0,0,135
1296,8,496,1,0,0,132
1296,9,496,1,0,0,273
1296,10,496,1,1,1,141
1296,11,496,1,1,1,209
1296,12,496,1,1,1,131
1296,13,496,1,1,1,194
1296,14,496,1,1,1,150
1296,15,496,1,1,1,192
1296,16,496,1,1,1,162
1296,17,496,1,1,1,215
1296,18,496,1,1,1,149
1296,19,496,1,1,1,181
1297,0,497,1,0,0,163
1297,1,497,1,0,0,175
1297,2,497,1,0,0,222
1297,3,497,1,0,0,128
1297,4,497,1,0,0,183
1297,5,497,1,0,0,187
1297,6,497,1,0,0,131
1297,7,497,1,0,0,197
1297,8,497,1,0,0,253
1297,9,497,1,0,0,210
1297,10,497,1,1,1,134
1297,11,497,1,1,1,132
1297,12,497,1,1,1,160
1297,13,497,1,1,1,130
1297,14,497,1,1,1,230
1297,15,497,1,1,1,201
1297,16,497,1,1,1,215
1297,17,497,1,1,1,224
1297,18,497,1,1,1,191
1297,19,497,1,1,1,187
1298,0,498,1,0,0,159
1298,1,498,1,0,0,89
1298,2,498,1,0,0,276
1298,3,498,1,0,0,209
1298,4,498,1,0,0,295
1298,5,498,1,0,0,150
1298,6,498,1,0,0,138
1298,7,498,1,0,0,131
1298,8,498,1,0,0,249
1298,9,498,1,0,0,190
1298,10,498,1,1,1,197
1298,11,498,1,1,1,172
1298,12,498,1,1,1,186
1298,13,498,1,1,1,186
1298,14,498,1,1,1,301
1298,15,498,1,1,1,191
1298,16,498,1,1,1,178
1298,17,498,1,1,1,191
1298,18,498,1,1,1,207
1298,19,498,1,1,1,165
1299,0,499,1,0,0,204
1299,1,499,1,0,0,150
1299,2,499,1,0,0,190
1299,3,499,1,0,0,131
1299,4,499,1,0,0,195
1299,5,499,1,0,0,171
1299,6,499,1,0,0,267
1299,7,499,1,0,0,175
1299,8,499,1,0,0,256
1299,9,499,1,0,0,175
1299,10,499,1,1,1,171
1299,11,499,1,1,1,167
1299,12,499,1,1,1,253
1299,13,499,1,1,1,147
1299,14,499,1,1,1,184
1299,15,499,1,1,1,196
1299,16,499,1,1,1,203
1299,17,499,1,1,1,150
1299,18,499,1,1,1,256
1299,19,499,1,1,1,121
1300,0,500,1,0,0,206
1300,1,500,1,0,0,140
1300,2,500,1,0,0,143
1300,3,500,1,0,0,203
1300,4,500,1,0,0,183
1300,5,500,1,0,0,129
1300,6,500,1,0,0,273
1300,7,500,1,0,0,335
1300,8,500,1,0,0,286
1300,9,500,1,0,0,180
1300,10,500,1,1,1,129
1300,11,500,1,1,1,182
1300,12,500,1,1,1,160
1300,13,500,1,1,1,134
1300,14,500,1,1,1,114
1300,15,500,1,1,1,180
1300,16,500,1,1,1,236
1300,17,500,1,1,1,204
1300,18,500,1,1,1,244
1300,19,500,1,1,1,130
1301,0,501,1,0,0,232
1301,1,501,1,0,0,224
1301,2,501,1,0,0,199
1301,3,501,1,0,0,284
1301,4,501,1,0,0,118
1301,5,501,1,0,0,208
1301,6,501,1,0,0,158
1301,7,501,1,0,0,165
1301,8,501,1,0,0,298
1301,9,501,1,0,0,191
1301,10,501,1,1,1,185
1301,11,501,1,1,1,167
1301,12,501,1,1,1,235
1301,13,501,1,1,1,210
1301,14,501,1,1,1,184
1301,15,501,1,1,1,197
1301,16,501,1,1,1,271
1301,17,501,1,1,1,170
1301,18,501,1,1,1,176
1301,19,501,1,1,1,233
1302,0,502,1,0,0,199
1302,1,502,1,0,0,178
1302,2,502,1,0,0,190
1302,3,502,1,0,0,172
1302,4,502,1,0,0,171
1302,5,502,1,0,0,188
1302,6,502,1,0,0,174
1302,7,502,1,0,0,153
1302,8,502,1,0,0,171
1302,9,502,1,0,0,168
1302,10,502,1,1,1,164
1302,11,502,1,1,1,258
1302,12,502,1,1,1,182
1302,13,502,1,1,1,154
1302,14,502,1,1,1,164
1302,15,502,1,1,1,120
1302,16,502,1,1,1,285
1302,17,502,1,1,1,157
1302,18,502,1,1,1,208
1302,19,502,1,1,1,123
1303,0,503,1,0,0,128
1303,1,503,1,0,0,167
1303,2,503,1,0,0,135
1303,3,503,1,0,0,182
1303,4,503,1,0,0,153
1303,5,503,1,0,0,146
1303,6,503,1,0,0,187
1303,7,503,1,0,0,189
1303,8,503,1,0,0,169
1303,9,503,1,0,0,149
1303,10,503,1,1,1,168
1303,11,503,1,1,1,261
1303,12,503,1,1,1,178
1303,13,503,1,1,1,205
1303,14,503,1,1,1,199
1303,15,503,1,1,1,193
1303,16,503,1,1,1,174
1303,17,503,1,1,1,203
1303,18,503,1,1,1,149
1303,19,503,1,1,1,191
1304,0,504,1,0,0,143
1304,1,504,1,0,0,202
1304,2,504,1,0,0,199
1304,3,504,1,0,0,369
1304,4,504,1,0,0,253
1304,5,504,1,0,0,266
1304,6,504,1,0,0,160
1304,7,504,1,0,0,262
1304,8,504,1,0,0,155
1304,9,504,1,0,0,221
1304,10,504,1,1,1,186
1304,11,504,1,1,1,201
1304,12,504,1,1,1,317
1304,13,504,1,1,1,151
1304,14,504,1,1,1,180
1304,15,504,1,1,1,248
1304,16,504,1,1,1,256
1304,17,504,1,1,1,172
1304,18,504,1,1,1,201
1304,19,504,1,1,1,225
1305,0,505,1,0,0,121
1305,1,505,1,0,0,200
1305,2,505,1,0,0,179
1305,3,505,1,0,0,146
1305,4,505,1,0,0,276
1305,5,505,1,0,0,139
1305,6,505,1,0,0,208
1305,7,505,1,0,0,187
1305,8,505,1,0,0,211
1305,9,505,1,0,0,96
1305,10,505,1,1,1,267
1305,11,505,1,1,1,199
1305,12,505,1,1,1,271
1305,13,505,1,1,1,165
1305,14,505,1,1,1,204
1305,15,505,1,1,1,227
1305,16,505,1,1,1,169
1305,17,505,1,1,1,177
1305,18,505,1,1,1,203
1305,19,505,1,1,1,257
1306,0,506,1,0,0,213
1306,1,506,1,0,0,208
1306,2,506,1,0,0,212
1306,3,506,1,0,0,166
1306,4,506,1,0,0,165
1306,5,506,1,0,0,169
1306,6,506,1,0,0,119
1306,7,506,1,0,0,221
1306,8,506,1,0,0,158
1306,9,506,1,0,0,118
1306,10,506,1,1,1,269
1306,11,506,1,1,1,268
1306,12,506,1,1,1,211
1306,13,506,1,1,1,158
1306,14,506,1,1,1,295
1306,15,506,1,1,1,148
1306,16,506,1,1,1,189
1306,17,506,1,1,1,175
1306,18,506,1,1,1,162
1306,19,506,1,1,1,288
1307,0,507,1,0,0,153
1307,1,507,1,0,0,144
1307,2,507,1,0,0,190
1307,3,507,1,0,0,308
1307,4,507,1,0,0,137
1307,5,507,1,0,0,306
1307,6,507,1,0,0,173
1307,7,507,1,0,0,129
1307,8,507,1,0,0,177
1307,9,507,1,0,0,257
1307,10,507,1,1,1,185
1307,11,507,1,1,1,194
1307,12,507,1,1,1,187
1307,13,507,1,1,1,222
1307,14,507,1,1,1,147
1307,15,507,1,1,1,193
1307,16,507,1,1,1,346
1307,17,507,1,1,1,174
1307,18,507,1,1,1,185
1307,19,507,1,1,1,170
1308,0,508,1,0,0,140
1308,1,508,1,0,0,201
1308,2,508,1,0,0,208
1308,3,508,1,0,0,228
1308,4,508,1,0,0,170
1308,5,508,1,0,0,222
1308,6,508,1,0,0,121
1308,7,508,1,0,0,130
1308,8,508,1,0,0,184
1308,9,508,1,0,0,175
1308,10,508,1,1,1,190
1308,11,508,1,1,1,156
1308,12,508,1,1,1,222
1308,13,508,1,1,1,222
1308,14,508,1,1,1,229
1308,15,508,1,1,1,289
1308,16,508,1,1,1,223
1308,17,508,1,1,1,336
1308,18,508,1,1,1,277
1308,19,508,1,1,1,176
1309,0,509,1,0,0,168
1309,1,509,1,0,0,212
1309,2,509,1,0,0,183
1309,3,509,1,0,0,348
1309,4,509,1,0,0,213
1309,5,509,1,0,0,276
1309,6,509,1,0,0,174
1309,7,509,1,0,0,222
1309,8,509,1,0,0,230
1309,9,509,1,0,0,229
1309,10,509,1,1,1,156
1309,11,509,1,1,1,167
1309,12,509,1,1,1,188
1309,13,509,1,1,1,229
1309,14,509,1,1,1,230
1309,15,509,1,1,1,170
1309,16,509,1,1,1,265
1309,17,509,1,1,1,264
1309,18,509,1,1,1,259
1309,19,509,1,1,1,230
1310,0,510,1,0,0,201
1310,1,510,1,0,0,156
1310,2,510,1,0,0,221
1310,3,510,1,0,0,192
1310,4,510,1,0,0,281
1310,5,510,1,0,0,128
1310,6,510,1,0,0,133
1310,7,510,1,0,0,290
1310,8,510,1,0,0,225
1310,9,510,1,0,0,258
1310,10,510,1,1,1,141
1310,11,510,1,1,1,204
1310,12,510,1,1,1,170
1310,13,510,1,1,1,246
1310,14,510,1,1,1,279
1310,15,510,1,1,1,207
1310,16,510,1,1,1,195
1310,17,510,1,1,1,255
1310,18,510,1,1,1,122
1310,19,510,1,1,1,192
1311,0,511,1,0,0,176
1311,1,511,1,0,0,172
1311,2,511,1,0,0,175
1311,3,511,1,0,0,231
1311,4,511,1,0,0,214
1311,5,511,1,0,0,210
1311,6,511,1,0,0,185
1311,7,511,1,0,0,168
1311,8,511,1,0,0,291
1311,9,511,1,0,0,214
1311,10,511,1,1,1,279
1311,11,511,1,1,1,122
1311,12,511,1,1,1,154
1311,13,511,1,1,1,197
1311,14,511,1,1,1,255
1311,15,511,1,1,1,237
1311,16,511,1,1,1,218
1311,17,511,1,1,1,171
1311,18,511,1,1,1,148
1311,19,511,1,1,1,199
1312,0,512,1,0,0,157
1312,1,512,1,0,0,205
1312,2,512,1,0,0,168
1312,3,512,1,0,0,185
1312,4,512,1,0,0,139
1312,5,512,1,0,0,227
1312,6,512,1,0,0,221
1312,7,512,1,0,0,196
1312,8,512,1,0,0,240
1312,9,512,1,0,0,209
1312,10,512,1,1,1,195
1312,11,512,1,1,1,217
1312,12,512,1,1,1,138
1312,13,512,1,1,1,180
1312,14,512,1,1,1,182
1312,15,512,1,1,1,145
1312,16,512,1,1,1,257
1312,17,512,1,1,1,223
1312,18,512,1,1,1,160
1312,19,512,1,1,1,207
1313,0,513,1,0,0,177
1313,1,513,1,0,0,220
1313,2,513,1,0,0,210
1313,3,513,1,0,0,250
1313,4,513,1,0,0,178
1313,5,513,1,0,0,212
1313,6,513,1,0,0,196
1313,7,513,1,0,0,225
1313,8,513,1,0,0,148
1313,9,513,1,0,0,279
1313,10,513,1,1,1,168
1313,11,513,1,1,1,218
1313,12,513,1,1,1,146
1313,13,513,1,1,1,222
1313,14,513,1,1,1,148
1313,15,513,1,1,1,318
1313,16,513,1,1,1,203
1313,17,513,1,1,1,197
1313,18,513,1,1,1,161
1313,19,513,1,1,1,236
1314,0,514,1,0,0,228
1314,1,514,1,0,0,196
1314,2,514,1,0,0,249
1314,3,514,1,0,0,239
1314,4,514,1,0,0,212
1314,5,514,1,0,0,221
1314,6,514,1,0,0,111
1314,7,514,1,0,0,200
1314,8,514,1,0,0,163
1314,9,514,1,0,0,288
1314,10,514,1,1,1,183
1314,11,514,1,1,1,285
1314,12,514,1,1,1,217
1314,13,514,1,1,1,169
1314,14,514,1,1,1,146
1314,15,514,1,1,1,194
1314,16,514,1,1,1,196
1314,17,514,1,1,1,240
1314,18,514,1,1,1,150
1314,19,514,1,1,1,192
1315,0,515,1,0,0,261
1315,1,515,1,0,0,162
1315,2,515,1,0,0,159
1315,3,515,1,0,0,140
1315,4,515,1,0,0,217
1315,5,515,1,0,0,212
1315,6,515,1,0,0,269
1315,7,515,1,0,0,283
1315,8,515,1,0,0,181
1315,9,515,1,0,0,165
1315,10,515,1,1,1,220
1315,11,515,1,1,1,172
1315,12,515,1,1,1,275
1315,13,515,1,1,1,163
1315,14,515,1,1,1,190
1315,15,515,1,1,1,174
1315,16,515,1,1,1,137
1315,17,515,1,1,1,163
1315,18,515,1,1,1,224
1315,19,515,1,1,1,317
1316,0,516,1,0,0,243
1316,1,516,1,0,0,231
1316,2,516,1,0,0,176
1316,3,516,1,0,0,222
1316,4,516,1,0,0,178
1316,5,516,1,0,0,171
1316,6,516,1,0,0,288
1316,7,516,1,0,0,138
1316,8,516,1,0,0,314
1316,9,516,1,0,0,214
1316,10,516,1,1,1,267
1316,11,516,1,1,1,168
1316,12,516,1,1,1,205
1316,13,516,1,1,1,180
1316,14,516,1,1,1,232
1316,15,516,1,1,1,177
1316,16,516,1,1,1,274
1316,17,516,1,1,1,193
1316,18,516,1,1,1,207
1316,19,516,1,1,1,236
1317,0,517,1,0,0,181
1317,1,517,1,0,0,249
1317,2,517,1,0,0,274
1317,3,517,1,0,0,269
1317,4,517,1,0,0,210
1317,5,517,1,0,0,202
1317,6,517,1,0,0,140
1317,7,517,1,0,0,198
1317,8,517,1,0,0,257
1317,9,517,1,0,0,115
1317,10,517,1,1,1,212
1317,11,517,1,1,1,168
1317,12,517,1,1,1,166
1317,13,517,1,1,1,180
1317,14,517,1,1,1,302
1317,15,517,1,1,1,192
1317,16,517,1,1,1,238
1317,17,517,1,1,1,253
1317,18,517,1,1,1,289
1317,19,517,1,1,1,172
1318,0,518,1,0,0,283
1318,1,518,1,0,0,204
1318,2,518,1,0,0,200
1318,3,518,1,0,0,188
1318,4,518,1,0,0,280
1318,5,518,1,0,0,158
1318,6,518,1,0,0,213
1318,7,518,1,0,0,310
1318,8,518,1,0,0,241
1318,9,518,1,0,0,267
1318,10,518,1,1,1,165
1318,11,518,1,1,1,244
1318,12,518,1,1,1,212
1318,13,518,1,1,1,299
1318,14,518,1,1,1,279
1318,15,518,1,1,1,179
1318,16,518,1,1,1,236
1318,17,518,1,1,1,230
1318,18,518,1,1,1,229
1318,19,518,1,1,1,256
1319,0,519,1,0,0,324
1319,1,519,1,0,0,178
1319,2,519,1,0,0,306
1319,3,519,1,0,0,120
1319,4,519,1,0,0,220
1319,5,519,1,0,0,109
1319,6,519,1,0,0,216
1319,7,519,1,0,0,302
1319,8,519,1,0,0,204
1319,9,519,1,0,0,186
1319,10,519,1,1,1,254
1319,11,519,1,1,1,238
1319,12,519,1,1,1,169
1319,13,519,1,1,1,207
1319,14,519,1,1,1,208
1319,15,519,1,1,1,171
1319,16,519,1,1,1,245
1319,17,519,1,1,1,278
1319,18,519,1,1,1,168
1319,19,519,1,1,1,440
1320,0,520,1,0,0,107
1320,1,520,1,0,0,216
1320,2,520,1,0,0,146
1320,3,520,1,0,0,209
1320,4,520,1,0,0,287
1320,5,520,1,0,0,177
1320,6,520,1,0,0,260
1320,7,520,1,0,0,226
1320,8,520,1,0,0,208
1320,9,520,1,0,0,261
1320,10,520,1,1,1,256
1320,11,520,1,1,1,186
1320,12,520,1,1,1,270
1320,13,520,1,1,1,161
1320,14,520,1,1,1,287
1320,15,520,1,1,1,175
1320,16,520,1,1,1,169
1320,17,520,1,1,1,228
1320,18,520,1,1,1,194
1320,19,520,1,1,1,180
1321,0,521,1,0,0,235
1321,1,521,1,0,0,124
1321,2,521,1,0,0,217
1321,3,521,1,0,0,222
1321,4,521,1,0,0,300
1321,5,521,1,0,0,203
1321,6,521,1,0,0,242
1321,7,521,1,0,0,265
1321,8,521,1,0,0,249
1321,9,521,1,0,0,217
1321,10,521,1,1,1,265
1321,11,521,1,1,1,244
1321,12,521,1,1,1,250
1321,13,521,1,1,1,162
1321,14,521,1,1,1,150
1321,15,521,1,1,1,278
1321,16,521,1,1,1,201
1321,17,521,1,1,1,230
1321,18,521,1,1,1,216
1321,19,521,1,1,1,164
1322,0,522,1,0,0,201
1322,1,522,1,0,0,125
1322,2,522,1,0,0,224
1322,3,522,1,0,0,377
1322,4,522,1,0,0,147
1322,5,522,1,0,0,165
1322,6,522,1,0,0,222
1322,7,522,1,0,0,133
1322,8,522,1,0,0,219
1322,9,522,1,0,0,355
1322,10,522,1,1,1,206
1322,11,522,1,1,1,207
1322,12,522,1,1,1,136
1322,13,522,1,1,1,325
1322,14,522,1,1,1,242
1322,15,522,1,1,1,316
1322,16,522,1,1,1,164
1322,17,522,1,1,1,297
1322,18,522,1,1,1,217
1322,19,522,1,1,1,178
1323,0,523,1,0,0,198
1323,1,523,1,0,0,372
1323,2,523,1,0,0,180
1323,3,523,1,0,0,224
1323,4,523,1,0,0,287
1323,5,523,1,0,0,195
1323,6,523,1,0,0,180
1323,7,523,1,0,0,174
1323,8,523,1,0,0,286
1323,9,523,1,0,0,115
1323,10,523,1,1,1,221
1323,11,523,1,1,1,271
1323,12,523,1,1,1,235
1323,13,523,1,1,1,210
1323,14,523,1,1,1,226
1323,15,523,1,1,1,237
1323,16,523,1,1,1,164
1323,17,523,1,1,1,207
1323,18,523,1,1,1,193
1323,19,523,1,1,1,188
1324,0,524,1,0,0,220
1324,1,524,1,0,0,196
1324,2,524,1,0,0,331
1324,3,524,1,0,0,193
1324,4,524,1,0,0,236
1324,5,524,1,0,0,221
1324,6,524,1,0,0,222
1324,7,524,1,0,0,165
1324,8,524,1,0,0,258
1324,9,524,1,0,0,253
1324,10,524,1,1,1,159
1324,11,524,1,1,1,205
1324,12,524,1,1,1,230
1324,13,524,1,1,1,306
1324,14,524,1,1,1,273
1324,15,524,1,1,1,246
1324,16,524,1,1,1,221
1324,17,524,1,1,1,172
1324,18,524,1,1,1,282
1324,19,524,1,1,1,157
1325,0,525,1,0,0,183
1325,1,525,1,0,0,154
1325,2,525,1,0,0,211
1325,3,525,1,0,0,212
1325,4,525,1,0,0,185
1325,5,525,1,0,0,195
1325,6,525,1,0,0,171
1325,7,525,1,0,0,183
1325,8,525,1,0,0,202
1325,9,525,1,0,0,253
1325,10,525,1,1,1,232
1325,11,525,1,1,1,228
1325,12,525,1,1,1,259
1325,13,525,1,1,1,283
1325,14,525,1,1,1,242
1325,15,525,1,1,1,170
1325,16,525,1,1,1,284
1325,17,525,1,1,1,214
1325,18,525,1,1,1,223
1325,19,525,1,1,1,354
1326,0,526,1,0,0,161
1326,1,526,1,0,0,210
1326,2,526,1,0,0,235
1326,3,526,1,0,0,179
1326,4,526,1,0,0,168
1326,5,526,1,0,0,200
1326,6,526,1,0,0,191
1326,7,526,1,0,0,205
1326,8,526,1,0,0,157
1326,9,526,1,0,0,182
1326,10,526,1,1,1,280
1326,11,526,1,1,1,180
1326,12,526,1,1,1,254
1326,13,526,1,1,1,250
1326,14,526,1,1,1,232
1326,15,526,1,1,1,162
1326,16,526,1,1,1,256
1326,17,526,1,1,1,252
1326,18,526,1,1,1,206
1326,19,526,1,1,1,260
1327,0,527,1,0,0,261
1327,1,527,1,0,0,186
1327,2,527,1,0,0,201
1327,3,527,1,0,0,271
1327,4,527,1,0,0,254
1327,5,527,1,0,0,242
1327,6,527,1,0,0,191
1327,7,527,1,0,0,351
1327,8,527,1,0,0,226
1327,9,527,1,0,0,241
1327,10,527,1,1,1,206
1327,11,527,1,1,1,221
1327,12,527,1,1,1,274
1327,13,527,1,1,1,271
1327,14,527,1,1,1,251
1327,15,527,1,1,1,266
1327,16,527,1,1,1,160
1327,17,527,1,1,1,225
1327,18,527,1,1,1,214
1327,19,527,1,1,1,216
1328,0,528,1,0,0,224
1328,1,528,1,0,0,216
1328,2,528,1,0,0,218
1328,3,528,1,0,0,194
1328,4,528,1,0,0,220
1328,5,528,1,0,0,193
1328,6,528,1,0,0,205
1328,7,528,1,0,0,182
1328,8,528,1,0,0,293
1328,9,528,1,0,0,254
1328,10,528,1,1,1,139
1328,11,528,1,1,1,237
1328,12,528,1,1,1,202
1328,13,528,1,1,1,255
1328,14,528,1,1,1,228
1328,15,528,1,1,1,342
1328,16,528,1,1,1,243
1328,17,528,1,1,1,217
1328,18,528,1,1,1,229
1328,19,528,1,1,1,182
1329,0,529,1,0,0,269
1329,1,529,1,0,0,197
1329,2,529,1,0,0,199
1329,3,529,1,0,0,290
1329,4,529,1,0,0,244
1329,5,529,1,0,0,201
1329,6,529,1,0,0,461
1329,7,529,1,0,0,214
1329,8,529,1,0,0,286
1329,9,529,1,0,0,170
1329,10,529,1,1,1,154
1329,11,529,1,1,1,267
1329,12,529,1,1,1,149
1329,13,529,1,1,1,232
1329,14,529,1,1,1,205
1329,15,529,1,1,1,348
1329,16,529,1,1,1,190
1329,17,529,1,1,1,290
1329,18,529,1,1,1,275
1329,19,529,1,1,1,190
1330,0,530,1,0,0,147
1330,1,530,1,0,0,139
1330,2,530,1,0,0,222
1330,3,530,1,0,0,242
1330,4,530,1,0,0,323
1330,5,530,1,0,0,186
1330,6,530,1,0,0,281
1330,7,530,1,0,0,218
1330,8,530,1,0,0,213
1330,9,530,1,0,0,262
1330,10,530,1,1,1,351
1330,11,530,1,1,1,221
1330,12,530,1,1,1,218
1330,13,530,1,1,1,235
1330,14,530,1,1,1,292
1330,15,530,1,1,1,219
1330,16,530,1,1,1,227
1330,17,530,1,1,1,236
1330,18,530,1,1,1,271
1330,19,530,1,1,1,230
1331,0,531,1,0,0,219
1331,1,531,1,0,0,214
1331,2,531,1,0,0,270
1331,3,531,1,0,0,229
1331,4,531,1,0,0,167
1331,5,531,1,0,0,184
1331,6,531,1,0,0,304
1331,7,531,1,0,0,219
1331,8,531,1,0,0,202
1331,9,531,1,0,0,295
1331,10,531,1,1,1,258
1331,11,531,1,1,1,229
1331,12,531,1,1,1,191
1331,13,531,1,1,1,254
1331,14,531,1,1,1,288
1331,15,531,1,1,1,224
1331,16,531,1,1,1,343
1331,17,531,1,1,1,269
1331,18,531,1,1,1,307
1331,19,531,1,1,1,275
1332,0,532,1,0,0,212
1332,1,532,1,0,0,207
1332,2,532,1,0,0,231
1332,3,532,1,0,0,248
1332,4,532,1,0,0,342
1332,5,532,1,0,0,176
1332,6,532,1,0,0,290
1332,7,532,1,0,0,268
1332,8,532,1,0,0,184
1332,9,532,1,0,0,183
1332,10,532,1,1,1,230
1332,11,532,1,1,1,248
1332,12,532,1,1,1,226
1332,13,532,1,1,1,163
1332,14,532,1,1,1,216
1332,15,532,1,1,1,233
1332,16,532,1,1,1,182
1332,17,532,1,1,1,181
1332,18,532,1,1,1,304
1332,19,532,1,1,1,342
1333,0,533,1,0,0,310
1333,1,533,1,0,0,173
1333,2,533,1,0,0,199
1333,3,533,1,0,0,222
1333,4,533,1,0,0,254
1333,5,533,1,0,0,285
1333,6,533,1,0,0,390
1333,7,533,1,0,0,325
1333,8,533,1,0,0,177
1333,9,533,1,0,0,345
1333,10,533,1,1,1,242
1333,11,533,1,1,1,391
1333,12,533,1,1,1,235
1333,13,533,1,1,1,195
1333,14,533,1,1,1,173
1333,15,533,1,1,1,209
1333,16,533,1,1,1,184
1333,17,533,1,1,1,282
1333,18,533,1,1,1,167
1333,19,533,1,1,1,194
1334,0,534,1,0,0,236
1334,1,534,1,0,0,155
1334,2,534,1,0,0,298
1334,3,534,1,0,0,247
1334,4,534,1,0,0,249
1334,5,534,1,0,0,199
1334,6,534,1,0,0,420
1334,7,534,1,0,0,116
1334,8,534,1,0,0,128
1334,9,534,1,0,0,155
1334,10,534,1,1,1,335
1334,11,534,1,1,1,232
1334,12,534,1,1,1,265
1334,13,534,1,1,1,228
1334,14,534,1,1,1,257
1334,15,534,1,1,1,324
1334,16,534,1,1,1,229
1334,17,534,1,1,1,257
1334,18,534,1,1,1,170
1334,19,534,1,1,1,191
1335,0,535,1,0,0,370
1335,1,535,1,0,0,218
1335,2,535,1,0,0,222
1335,3,535,1,0,0,173
1335,4,535,1,0,0,427
1335,5,535,1,0,0,273
1335,6,535,1,0,0,240
1335,7,535,1,0,0,208
1335,8,535,1,0,0,169
1335,9,535,1,0,0,161
1335,10,535,1,1,1,190
1335,11,535,1,1,1,240
1335,12,535,1,1,1,208
1335,13,535,1,1,1,183
1335,14,535,1,1,1,252
1335,15,535,1,1,1,255
1335,16,535,1,1,1,234
1335,17,535,1,1,1,195
1335,18,535,1,1,1,212
1335,19,535,1,1,1,386
1336,0,536,1,0,0,261
1336,1,536,1,0,0,482
1336,2,536,1,0,0,245
1336,3,536,1,0,0,216
1336,4,536,1,0,0,257
1336,5,536,1,0,0,201
1336,6,536,1,0,0,279
1336,7,536,1,0,0,122
1336,8,536,1,0,0,199
1336,9,536,1,0,0,185
1336,10,536,1,1,1,262
1336,11,536,1,1,1,187
1336,12,536,1,1,1,272
1336,13,536,1,1,1,283
1336,14,536,1,1,1,205
1336,15,536,1,1,1,310
1336,16,536,1,1,1,223
1336,17,536,1,1,1,215
1336,18,536,1,1,1,207
1336,19,536,1,1,1,266
1337,0,537,1,0,0,421
1337,1,537,1,0,0,225
1337,2,537,1,0,0,215
1337,3,537,1,0,0,242
1337,4,537,1,0,0,283
1337,5,537,1,0,0,349
1337,6,537,1,0,0,228
1337,7,537,1,0,0,237
1337,8,537,1,0,0,256
1337,9,537,1,0,0,214
1337,10,537,1,1,1,271
1337,11,537,1,1,1,333
1337,12,537,1,1,1,198
1337,13,537,1,1,1,236
1337,14,537,1,1,1,202
1337,15,537,1,1,1,231
1337,16,537,1,1,1,249
1337,17,537,1,1,1,191
1337,18,537,1,1,1,274
1337,19,537,1,1,1,323
1338,0,538,1,0,0,255
1338,1,538,1,0,0,288
1338,2,538,1,0,0,349
1338,3,538,1,0,0,284
1338,4,538,1,0,0,182
1338,5,538,1,0,0,321
1338,6,538,1,0,0,299
1338,7,538,1,0,0,312
1338,8,538,1,0,0,267
1338,9,538,1,0,0,232
1338,10,538,1,1,1,306
1338,11,538,1,1,1,143
1338,12,538,1,1,1,235
1338,13,538,1,1,1,227
1338,14,538,1,1,1,264
1338,15,538,1,1,1,291
1338,16,538,1,1,1,191
1338,17,538,1,1,1,244
1338,18,538,1,1,1,287
1338,19,538,1,1,1,162
1339,0,539,1,0,0,311
1339,1,539,1,0,0,220
1339,2,539,1,0,0,426
1339,3,539,1,0,0,257
1339,4,539,1,0,0,251
1339,5,539,1,0,0,215
1339,6,539,1,0,0,359
1339,7,539,1,0,0,192
1339,8,539,1,0,0,193
1339,9,539,1,0,0,227
1339,10,539,1,1,1,282
1339,11,539,1,1,1,204
1339,12,539,1,1,1,257
1339,13,539,1,1,1,286
1339,14,539,1,1,1,194
1339,15,539,1,1,1,369
1339,16,539,1,1,1,242
1339,17,539,1,1,1,150
1339,18,539,1,1,1,315
1339,19,539,1,1,1,295
1340,0,540,1,0,0,293
1340,1,540,1,0,0,263
1340,2,540,1,0,0,326
1340,3,540,1,0,0,244
1340,4,540,1,0,0,220
1340,5,540,1,0,0,254
1340,6,540,1,0,0,204
1340,7,540,1,0,0,239
1340,8,540,1,0,0,151
1340,9,540,1,0,0,214
1340,10,540,1,1,1,228
1340,11,540,1,1,1,254
1340,12,540,1,1,1,322
1340,13,540,1,1,1,255
1340,14,540,1,1,1,252
1340,15,540,1,1,1,200
1340,16,540,1,1,1,233
1340,17,540,1,1,1,236
1340,18,540,1,1,1,163
1340,19,540,1,1,1,329
1341,0,541,1,0,0,184
1341,1,541,1,0,0,293
1341,2,541,1,0,0,184
1341,3,541,1,0,0,222
1341,4,541,1,0,0,317
1341,5,541,1,0,0,171
1341,6,541,1,0,0,239
1341,7,541,1,0,0,241
1341,8,541,1,0,0,289
1341,9,541,1,0,0,340
1341,10,541,1,1,1,284
1341,11,541,1,1,1,216
1341,12,541,1,1,1,207
1341,13,541,1,1,1,276
1341,14,541,1,1,1,231
1341,15,541,1,1,1,259
1341,16,541,1,1,1,285
1341,17,541,1,1,1,314
1341,18,541,1,1,1,297
1341,19,541,1,1,1,272
1342,0,542,1,0,0,225
1342,1,542,1,0,0,264
1342,2,542,1,0,0,243
1342,3,542,1,0,0,242
1342,4,542,1,0,0,185
1342,5,542,1,0,0,178
1342,6,542,1,0,0,248
1342,7,542,1,0,0,298
1342,8,542,1,0,0,514
1342,9,542,1,0,0,333
1342,10,542,1,1,1,269
1342,11,542,1,1,1,270
1342,12,542,1,1,1,321
1342,13,542,1,1,1,348
1342,14,542,1,1,1,266
1342,15,542,1,1,1,207
1342,16,542,1,1,1,294
1342,17,542,1,1,1,348
1342,18,542,1,1,1,240
1342,19,542,1,1,1,303
1343,0,543,1,0,0,338
1343,1,543,1,0,0,181
1343,2,543,1,0,0,216
1343,3,543,1,0,0,302
1343,4,543,1,0,0,199
1343,5,543,1,0,0,318
1343,6,543,1,0,0,299
1343,7,543,1,0,0,347
1343,8,543,1,0,0,343
1343,9,543,1,0,0,248
1343,10,543,1,1,1,143
1343,11,543,1,1,1,219
1343,12,543,1,1,1,183
1343,13,543,1,1,1,276
1343,14,543,1,1,1,327
1343,15,543,1,1,1,289
1343,16,543,1,1,1,257
1343,17,543,1,1,1,331
1343,18,543,1,1,1,323
1343,19,543,1,1,1,207
1344,0,544,1,0,0,236
1344,1,544,1,0,0,239
1344,2,544,1,0,0,195
1344,3,544,1,0,0,242
1344,4,544,1,0,0,210
1344,5,544,1,0,0,216
1344,6,544,1,0,0,251
1344,7,544,1,0,0,325
1344,8,544,1,0,0,226
1344,9,544,1,0,0,382
1344,10,544,1,1,1,250
1344,11,544,1,1,1,246
1344,12,544,1,1,1,240
1344,13,544,1,1,1,274
1344,14,544,1,1,1,364
1344,15,544,1,1,1,358
1344,16,544,1,1,1,242
1344,17,544,1,1,1,230
1344,18,544,1,1,1,239
1344,19,544,1,1,1,223
1345,0,545,1,0,0,276
1345,1,545,1,0,0,310
1345,2,545,1,0,0,173
1345,3,545,1,0,0,217
1345,4,545,1,0,0,292
1345,5,545,1,0,0,242
1345,6,545,1,0,0,259
1345,7,545,1,0,0,304
1345,8,545,1,0,0,372
1345,9,545,1,0,0,267
1345,10,545,1,1,1,192
1345,11,545,1,1,1,239
1345,12,545,1,1,1,310
1345,13,545,1,1,1,187
1345,14,545,1,1,1,281
1345,15,545,1,1,1,225
1345,16,545,1,1,1,231
1345,17,545,1,1,1,205
1345,18,545,1,1,1,257
1345,19,545,1,1,1,271
1346,0,546,1,0,0,307
1346,1,546,1,0,0,342
1346,2,546,1,0,0,312
1346,3,546,1,0,0,254
1346,4,546,1,0,0,267
1346,5,546,1,0,0,290
1346,6,546,1,0,0,229
1346,7,546,1,0,0,261
1346,8,546,1,0,0,211
1346,9,546,1,0,0,415
1346,10,546,1,1,1,268
1346,11,546,1,1,1,219
1346,12,546,1,1,1,252
1346,13,546,1,1,1,235
1346,14,546,1,1,1,219
1346,15,546,1,1,1,300
1346,16,546,1,1,1,240
1346,17,546,1,1,1,280
1346,18,546,1,1,1,289
1346,19,546,1,1,1,307
1347,0,547,1,0,0,331
1347,1,547,1,0,0,179
1347,2,547,1,0,0,196
1347,3,547,1,0,0,291
1347,4,547,1,0,0,338
1347,5,547,1,0,0,213
1347,6,547,1,0,0,273
1347,7,547,1,0,0,335
1347,8,547,1,0,0,255
1347,9,547,1,0,0,291
1347,10,547,1,1,1,260
1347,11,547,1,1,1,249
1347,12,547,1,1,1,234
1347,13,547,1,1,1,426
1347,14,547,1,1,1,262
1347,15,547,1,1,1,261
1347,16,547,1,1,1,273
1347,17,547,1,1,1,276
1347,18,547,1,1,1,259
1347,19,547,1,1,1,291
1348,0,548,1,0,0,258
1348,1,548,1,0,0,254
1348,2,548,1,0,0,201
1348,3,548,1,0,0,370
1348,4,548,1,0,0,327
1348,5,548,1,0,0,195
1348,6,548,1,0,0,221
1348,7,548,1,0,0,256
1348,8,548,1,0,0,332
1348,9,548,1,0,0,171
1348,10,548,1,1,1,196
1348,11,548,1,1,1,191
1348,12,548,1,1,1,282
1348,13,548,1,1,1,298
1348,14,548,1,1,1,236
1348,15,548,1,1,1,257
1348,16,548,1,1,1,199
1348,17,548,1,1,1,174
1348,18,548,1,1,1,338
1348,19,548,1,1,1,251
1349,0,549,1,0,0,246
1349,1,549,1,0,0,378
1349,2,549,1,0,0,231
1349,3,549,1,0,0,276
1349,4,549,1,0,0,221
1349,5,549,1,0,0,243
1349,6,549,1,0,0,317
1349,7,549,1,0,0,366
1349,8,549,1,0,0,388
1349,9,549,1,0,0,277
1349,10,549,1,1,1,238
1349,11,549,1,1,1,309
1349,12,549,1,1,1,304
1349,13,549,1,1,1,251
1349,14,549,1,1,1,287
1349,15,549,1,1,1,257
1349,16,549,1,1,1,248
1349,17,549,1,1,1,339
1349,18,549,1,1,1,263
1349,19,549,1,1,1,306
1350,0,550,1,0,0,325
1350,1,550,1,0,0,270
1350,2,550,1,0,0,298
1350,3,550,1,0,0,213
1350,4,550,1,0,0,422
1350,5,550,1,0,0,276
1350,6,550,1,0,0,360
1350,7,550,1,0,0,186
1350,8,550,1,0,0,295
1350,9,550,1,0,0,257
1350,10,550,1,1,1,311
1350,11,550,1,1,1,281
1350,12,550,1,1,1,216
1350,13,550,1,1,1,127
1350,14,550,1,1,1,276
1350,15,550,1,1,1,208
1350,16,550,1,1,1,254
1350,17,550,1,1,1,283
1350,18,550,1,1,1,245
1350,19,550,1,1,1,237
1351,0,551,1,0,0,280
1351,1,551,1,0,0,292
1351,2,551,1,0,0,239
1351,3,551,1,0,0,228
1351,4,551,1,0,0,297
1351,5,551,1,0,0,235
1351,6,551,1,0,0,271
1351,7,551,1,0,0,286
1351,8,551,1,0,0,341
1351,9,551,1,0,0,382
1351,10,551,1,1,1,306
1351,11,551,1,1,1,291
1351,12,551,1,1,1,256
1351,13,551,1,1,1,330
1351,14,551,1,1,1,203
1351,15,551,1,1,1,219
1351,16,551,1,1,1,278
1351,17,551,1,1,1,206
1351,18,551,1,1,1,252
1351,19,551,1,1,1,232
1352,0,552,1,0,0,180
1352,1,552,1,0,0,317
1352,2,552,1,0,0,271
1352,3,552,1,0,0,194
1352,4,552,1,0,0,248
1352,5,552,1,0,0,228
1352,6,552,1,0,0,322
1352,7,552,1,0,0,247
1352,8,552,1,0,0,275
1352,9,552,1,0,0,293
1352,10,552,1,1,1,227
1352,11,552,1,1,1,227
1352,12,552,1,1,1,186
1352,13,552,1,1,1,366
1352,14,552,1,1,1,270
1352,15,552,1,1,1,265
1352,16,552,1,1,1,274
1352,17,552,1,1,1,246
1352,18,552,1,1,1,190
1352,19,552,1,1,1,327
1353,0,553,1,0,0,238
1353,1,553,1,0,0,206
1353,2,553,1,0,0,225
1353,3,553,1,0,0,444
1353,4,553,1,0,0,259
1353,5,553,1,0,0,167
1353,6,553,1,0,0,307
1353,7,553,1,0,0,257
1353,8,553,1,0,0,195
1353,9,553,1,0,0,262
1353,10,553,1,1,1,244
1353,11,553,1,1,1,234
1353,12,553,1,1,1,250
1353,13,553,1,1,1,164
1353,14,553,1,1,1,391
1353,15,553,1,1,1,379
1353,16,553,1,1,1,239
1353,17,553,1,1,1,349
1353,18,553,1,1,1,344
1353,19,553,1,1,1,223
1354,0,554,1,0,0,391
1354,1,554,1,0,0,246
1354,2,554,1,0,0,311
1354,3,554,1,0,0,223
1354,4,554,1,0,0,207
1354,5,554,1,0,0,290
1354,6,554,1,0,0,306
1354,7,554,1,0,0,303
1354,8,554,1,0,0,212
1354,9,554,1,0,0,240
1354,10,554,1,1,1,246
1354,11,554,1,1,1,441
1354,12,554,1,1,1,261
1354,13,554,1,1,1,315
1354,14,554,1,1,1,348
1354,15,554,1,1,1,375
1354,16,554,1,1,1,204
1354,17,554,1,1,1,373
1354,18,554,1,1,1,256
1354,19,554,1,1,1,285
1355,0,555,1,0,0,192
1355,1,555,1,0,0,272
1355,2,555,1,0,0,282
1355,3,555,1,0,0,273
1355,4,555,1,0,0,277
1355,5,555,1,0,0,357
1355,6,555,1,0,0,237
1355,7,555,1,0,0,234
1355,8,555,1,0,0,202
1355,9,555,1,0,0,314
1355,10,555,1,1,1,325
1355,11,555,1,1,1,426
1355,12,555,1,1,1,229
1355,13,555,1,1,1,249
1355,14,555,1,1,1,272
1355,15,555,1,1,1,261
1355,16,555,1,1,1,294
1355,17,555,1,1,1,276
1355,18,555,1,1,1,346
1355,19,555,1,1,1,253
1356,0,556,1,0,0,271
1356,1,556,1,0,0,243
1356,2,556,1,0,0,312
1356,3,556,1,0,0,212
1356,4,556,1,0,0,377
1356,5,556,1,0,0,264
1356,6,556,1,0,0,315
1356,7,556,1,0,0,421
1356,8,556,1,0,0,267
1356,9,556,1,0,0,298
1356,10,556,1,1,1,258
1356,11,556,1,1,1,212
1356,12,556,1,1,1,313
1356,13,556,1,1,1,291
1356,14,556,1,1,1,200
1356,15,556,1,1,1,212
1356,16,556,1,1,1,410
1356,17,556,1,1,1,232
1356,18,556,1,1,1,276
1356,19,556,1,1,1,203
1357,0,557,1,0,0,440
1357,1,557,1,0,0,180
1357,2,557,1,0,0,259
1357,3,557,1,0,0,258
1357,4,557,1,0,0,361
1357,5,557,1,0,0,374
1357,6,557,1,0,0,313
1357,7,557,1,0,0,244
1357,8,557,1,0,0,202
1357,9,557,1,0,0,279
1357,10,557,1,1,1,290
1357,11,557,1,1,1,319
1357,12,557,1,1,1,385
1357,13,557,1,1,1,256
1357,14,557,1,1,1,243
1357,15,557,1,1,1,272
1357,16,557,1,1,1,304
1357,17,557,1,1,1,247
1357,18,557,1,1,1,246
1357,19,557,1,1,1,290
1358,0,558,1,0,0,208
1358,1,558,1,0,0,351
1358,2,558,1,0,0,301
1358,3,558,1,0,0,278
1358,4,558,1,0,0,327
1358,5,558,1,0,0,246
1358,6,558,1,0,0,271
1358,7,558,1,0,0,169
1358,8,558,1,0,0,345
1358,9,558,1,0,0,392
1358,10,558,1,1,1,353
1358,11,558,1,1,1,316
1358,12,558,1,1,1,237
1358,13,558,1,1,1,255
1358,14,558,1,1,1,377
1358,15,558,1,1,1,257
1358,16,558,1,1,1,363
1358,17,558,1,1,1,267
1358,18,558,1,1,1,338
1358,19,558,1,1,1,283
1359,0,559,1,0,0,237
1359,1,559,1,0,0,231
1359,2,559,1,0,0,220
1359,3,559,1,0,0,265
1359,4,559,1,0,0,315
1359,5,559,1,0,0,345
1359,6,559,1,0,0,261
1359,7,559,1,0,0,301
1359,8,559,1,0,0,233
1359,9,559,1,0,0,202
1359,10,559,1,1,1,252
1359,11,559,1,1,1,287
1359,12,559,1,1,1,266
1359,13,559,1,1,1,282
1359,14,559,1,1,1,292
1359,15,559,1,1,1,295
1359,16,559,1,1,1,252
1359,17,559,1,1,1,260
1359,18,559,1,1,1,364
1359,19,559,1,1,1,351
1360,0,560,1,0,0,200
1360,1,560,1,0,0,258
1360,2,560,1,0,0,217
1360,3,560,1,0,0,325
1360,4,560,1,0,0,349
1360,5,560,1,0,0,283
1360,6,560,1,0,0,184
1360,7,560,1,0,0,234
1360,8,560,1,0,0,268
1360,9,560,1,0,0,375
1360,10,560,1,1,1,242
1360,11,560,1,1,1,290
1360,12,560,1,1,1,266
1360,13,560,1,1,1,243
1360,14,560,1,1,1,400
1360,15,560,1,1,1,209
1360,16,560,1,1,1,386
1360,17,560,1,1,1,195
1360,18,560,1,1,1,277
1360,19,560,1,1,1,267
1361,0,561,1,0,0,355
1361,1,561,1,0,0,420
1361,2,561,1,0,0,396
1361,3,561,1,0,0,239
1361,4,561,1,0,0,262
1361,5,561,1,0,0,262
1361,6,561,1,0,0,286
1361,7,561,1,0,0,401
1361,8,561,1,0,0,322
1361,9,561,1,0,0,231
1361,10,561,1,1,1,455
1361,11,561,1,1,1,362
1361,12,561,1,1,1,222
1361,13,561,1,1,1,187
1361,14,561,1,1,1,338
1361,15,561,1,1,1,297
1361,16,561,1,1,1,298
1361,17,561,1,1,1,378
1361,18,561,1,1,1,270
1361,19,561,1,1,1,344
1362,0,562,1,0,0,274
1362,1,562,1,0,0,477
1362,2,562,1,0,0,314
1362,3,562,1,0,0,314
1362,4,562,1,0,0,358
1362,5,562,1,0,0,191
1362,6,562,1,0,0,286
1362,7,562,1,0,0,298
1362,8,562,1,0,0,345
1362,9,562,1,0,0,216
1362,10,562,1,1,1,279
1362,11,562,1,1,1,366
1362,12,562,1,1,1,311
1362,13,562,1,1,1,222
1362,14,562,1,1,1,281
1362,15,562,1,1,1,267
1362,16,562,1,1,1,374
1362,17,562,1,1,1,384
1362,18,562,1,1,1,236
1362,19,562,1,1,1,217
1363,0,563,1,0,0,210
1363,1,563,1,0,0,338
1363,2,563,1,0,0,266
1363,3,563,1,0,0,280
1363,4,563,1,0,0,433
1363,5,563,1,0,0,262
1363,6,563,1,0,0,233
1363,7,563,1,0,0,235
1363,8,563,1,0,0,231
1363,9,563,1,0,0,261
1363,10,563,1,1,1,272
1363,11,563,1,1,1,263
1363,12,563,1,1,1,204
1363,13,563,1,1,1,405
1363,14,563,1,1,1,214
1363,15,563,1,1,1,248
1363,16,563,1,1,1,362
1363,17,563,1,1,1,356
1363,18,563,1,1,1,322
1363,19,563,1,1,1,275
1364,0,564,1,0,0,321
1364,1,564,1,0,0,385
1364,2,564,1,0,0,263
1364,3,564,1,0,0,311
1364,4,564,1,0,0,312
1364,5,564,1,0,0,311
1364,6,564,1,0,0,294
1364,7,564,1,0,0,265
1364,8,564,1,0,0,165
1364,9,564,1,0,0,156
1364,10,564,1,1,1,342
1364,11,564,1,1,1,220
1364,12,564,1,1,1,229
1364,13,564,1,1,1,205
1364,14,564,1,1,1,309
1364,15,564,1,1,1,242
1364,16,564,1,1,1,274
1364,17,564,1,1,1,253
1364,18,564,1,1,1,273
1364,19,564,1,1,1,326
1365,0,565,1,0,0,244
1365,1,565,1,0,0,278
1365,2,565,1,0,0,351
1365,3,565,1,0,0,339
1365,4,565,1,0,0,280
1365,5,565,1,0,0,375
1365,6,565,1,0,0,238
1365,7,565,1,0,0,300
1365,8,565,1,0,0,226
1365,9,565,1,0,0,247
1365,10,565,1,1,1,353
1365,11,565,1,1,1,290
1365,12,565,1,1,1,260
1365,13,565,1,1,1,233
1365,14,565,1,1,1,361
1365,15,565,1,1,1,324
1365,16,565,1,1,1,375
1365,17,565,1,1,1,372
1365,18,565,1,1,1,241
1365,19,565,1,1,1,284
1366,0,566,1,0,0,173
1366,1,566,1,0,0,361
1366,2,566,1,0,0,264
1366,3,566,1,0,0,392
1366,4,566,1,0,0,281
1366,5,566,1,0,0,210
1366,6,566,1,0,0,198
1366,7,566,1,0,0,222
1366,8,566,1,0,0,217
1366,9,566,1,0,0,282
1366,10,566,1,1,1,378
1366,11,566,1,1,1,268
1366,12,566,1,1,1,253
1366,13,566,1,1,1,297
1366,14,566,1,1,1,306
1366,15,566,1,1,1,329
1366,16,566,1,1,1,420
1366,17,566,1,1,1,282
1366,18,566,1,1,1,336
1366,19,566,1,1,1,223
1367,0,567,1,0,0,357
1367,1,567,1,0,0,303
1367,2,567,1,0,0,327
1367,3,567,1,0,0,379
1367,4,567,1,0,0,379
1367,5,567,1,0,0,288
1367,6,567,1,0,0,313
1367,7,567,1,0,0,282
1367,8,567,1,0,0,353
1367,9,567,1,0,0,296
1367,10,567,1,1,1,341
1367,11,567,1,1,1,335
1367,12,567,1,1,1,321
1367,13,567,1,1,1,251
1367,14,567,1,1,1,233
1367,15,567,1,1,1,274
1367,16,567,1,1,1,272
1367,17,567,1,1,1,368
1367,18,567,1,1,1,237
1367,19,567,1,1,1,339
1368,0,568,1,0,0,420
1368,1,568,1,0,0,233
1368,2,568,1,0,0,279
1368,3,568,1,0,0,312
1368,4,568,1,0,0,230
1368,5,568,1,0,0,322
1368,6,568,1,0,0,381
1368,7,568,1,0,0,380
1368,8,568,1,0,0,378
1368,9,568,1,0,0,413
1368,10,568,1,1,1,246
1368,11,568,1,1,1,289
1368,12,568,1,1,1,330
1368,13,568,1,1,1,342
1368,14,568,1,1,1,303
1368,15,568,1,1,1,242
1368,16,568,1,1,1,233
1368,17,568,1,1,1,340
1368,18,568,1,1,1,462
1368,19,568,1,1,1,244
1369,0,569,1,0,0,323
1369,1,569,1,0,0,403
1369,2,569,1,0,0,209
1369,3,569,1,0,0,230
1369,4,569,1,0,0,416
1369,5,569,1,0,0,368
1369,6,569,1,0,0,275
1369,7,569,1,0,0,353
1369,8,569,1,0,0,380
1369,9,569,1,0,0,271
1369,10,569,1,1,1,296
1369,11,569,1,1,1,257
1369,12,569,1,1,1,364
1369,13,569,1,1,1,335
1369,14,569,1,1,1,375
1369,15,569,1,1,1,208
1369,16,569,1,1,1,271
1369,17,569,1,1,1,272
1369,18,569,1,1,1,355
1369,19,569,1,1,1,264
1370,0,570,1,0,0,232
1370,1,570,1,0,0,297
1370,2,570,1,0,0,247
1370,3,570,1,0,0,430
1370,4,570,1,0,0,273
1370,5,570,1,0,0,290
1370,6,570,1,0,0,245
1370,7,570,1,0,0,275
1370,8,570,1,0,0,365
1370,9,570,1,0,0,319
1370,10,570,1,1,1,283
1370,11,570,1,1,1,360
1370,12,570,1,1,1,338
1370,13,570,1,1,1,340
1370,14,570,1,1,1,299
1370,15,570,1,1,1,343
1370,16,570,1,1,1,213
1370,17,570,1,1,1,327
1370,18,570,1,1,1,339
1370,19,570,1,1,1,293
1371,0,571,1,0,0,273
1371,1,571,1,0,0,464
1371,2,571,1,0,0,288
1371,3,571,1,0,0,334
1371,4,571,1,0,0,237
1371,5,571,1,0,0,291
1371,6,571,1,0,0,422
1371,7,571,1,0,0,302
1371,8,571,1,0,0,279
1371,9,571,1,0,0,284
1371,10,571,1,1,1,362
1371,11,571,1,1,1,196
1371,12,571,1,1,1,438
1371,13,571,1,1,1,240
1371,14,571,1,1,1,304
1371,15,571,1,1,1,288
1371,16,571,1,1,1,369
1371,17,571,1,1,1,341
1371,18,571,1,1,1,269
1371,19,571,1,1,1,201
1372,0,572,1,0,0,314
1372,1,572,1,0,0,327
1372,2,572,1,0,0,364
1372,3,572,1,0,0,275
1372,4,572,1,0,0,287
1372,5,572,1,0,0,345
1372,6,572,1,0,0,250
1372,7,572,1,0,0,424
1372,8,572,1,0,0,293
1372,9,572,1,0,0,237
1372,10,572,1,1,1,247
1372,11,572,1,1,1,379
1372,12,572,1,1,1,207
1372,13,572,1,1,1,289
1372,14,572,1,1,1,372
1372,15,572,1,1,1,529
1372,16,572,1,1,1,457
1372,17,572,1,1,1,280
1372,18,572,1,1,1,332
1372,19,572,1,1,1,236
1373,0,573,1,0,0,399
1373,1,573,1,0,0,297
1373,2,573,1,0,0,316
1373,3,573,1,0,0,208
1373,4,573,1,0,0,194
1373,5,573,1,0,0,348
1373,6,573,1,0,0,225
1373,7,573,1,0,0,317
1373,8,573,1,0,0,485
1373,9,573,1,0,0,324
1373,10,573,1,1,1,394
1373,11,573,1,1,1,290
1373,12,573,1,1,1,283
1373,13,573,1,1,1,316
1373,14,573,1,1,1,426
1373,15,573,1,1,1,396
1373,16,573,1,1,1,327
1373,17,573,1,1,1,358
1373,18,573,1,1,1,339
1373,19,573,1,1,1,290
1374,0,574,1,0,0,286
1374,1,574,1,0,0,294
1374,2,574,1,0,0,323
1374,3,574,1,0,0,452
1374,4,574,1,0,0,346
1374,5,574,1,0,0,263
1374,6,574,1,0,0,440
1374,7,574,1,0,0,256
1374,8,574,1,0,0,279
1374,9,574,1,0,0,378
1374,10,574,1,1,1,388
1374,11,574,1,1,1,347
1374,12,574,1,1,1,340
1374,13,574,1,1,1,294
1374,14,574,1,1,1,311
1374,15,574,1,1,1,277
1374,16,574,1,1,1,324
1374,17,574,1,1,1,393
1374,18,574,1,1,1,330
1374,19,574,1,1,1,323
1375,0,575,1,0,0,360
1375,1,575,1,0,0,256
1375,2,575,1,0,0,261
1375,3,575,1,0,0,319
1375,4,575,1,0,0,314
1375,5,575,1,0,0,288
1375,6,575,1,0,0,283
1375,7,575,1,0,0,283
1375,8,575,1,0,0,269
1375,9,575,1,0,0,293
1375,10,575,1,1,1,303
1375,11,575,1,1,1,255
1375,12,575,1,1,1,314
1375,13,575,1,1,1,363
1375,14,575,1,1,1,271
1375,15,575,1,1,1,262
1375,16,575,1,1,1,332
1375,17,575,1,1,1,294
1375,18,575,1,1,1,353
1375,19,575,1,1,1,393
1376,0,576,1,0,0,394
1376,1,576,1,0,0,205
1376,2,576,1,0,0,292
1376,3,576,1,0,0,534
1376,4,576,1,0,0,399
1376,5,576,1,0,0,228
1376,6,576,1,0,0,264
1376,7,576,1,0,0,397
1376,8,576,1,0,0,345
1376,9,576,1,0,0,467
1376,10,576,1,1,1,322
1376,11,576,1,1,1,488
1376,12,576,1,1,1,433
1376,13,576,1,1,1,300
1376,14,576,1,1,1,392
1376,15,576,1,1,1,294
1376,16,576,1,1,1,263
1376,17,576,1,1,1,278
1376,18,576,1,1,1,487
1376,19,576,1,1,1,356
1377,0,577,1,0,0,385
1377,1,577,1,0,0,295
1377,2,577,1,0,0,246
1377,3,577,1,0,0,325
1377,4,577,1,0,0,461
1377,5,577,1,0,0,381
1377,6,577,1,0,0,519
1377,7,577,1,0,0,183
1377,8,577,1,0,0,271
1377,9,577,1,0,0,516
1377,10,577,1,1,1,291
1377,11,577,1,1,1,224
1377,12,577,1,1,1,344
1377,13,577,1,1,1,389
1377,14,577,1,1,1,337
1377,15,577,1,1,1,356
1377,16,577,1,1,1,338
1377,17,577,1,1,1,236
1377,18,577,1,1,1,317
1377,19,577,1,1,1,335
1378,0,578,1,0,0,217
1378,1,578,1,0,0,219
1378,2,578,1,0,0,288
1378,3,578,1,0,0,375
1378,4,578,1,0,0,336
1378,5,578,1,0,0,270
1378,6,578,1,0,0,253
1378,7,578,1,0,0,373
1378,8,578,1,0,0,217
1378,9,578,1,0,0,438
1378,10,578,1,1,1,396
1378,11,578,1,1,1,244
1378,12,578,1,1,1,364
1378,13,578,1,1,1,272
1378,14,578,1,1,1,254
1378,15,578,1,1,1,370
1378,16,578,1,1,1,224
1378,17,578,1,1,1,386
1378,18,578,1,1,1,268
1378,19,578,1,1,1,397
1379,0,579,1,0,0,397
1379,1,579,1,0,0,397
1379,2,579,1,0,0,252
1379,3,579,1,0,0,416
1379,4,579,1,0,0,218
1379,5,579,1,0,0,360
1379,6,579,1,0,0,290
1379,7,579,1,0,0,506
1379,8,579,1,0,0,355
1379,9,579,1,0,0,264
1379,10,579,1,1,1,303
1379,11,579,1,1,1,308
1379,12,579,1,1,1,357
1379,13,579,1,1,1,305
1379,14,579,1,1,1,346
1379,15,579,1,1,1,308
1379,16,579,1,1,1,410
1379,17,579,1,1,1,380
1379,18,579,1,1,1,342
1379,19,579,1,1,1,330
1380,0,580,1,0,0,652
1380,1,580,1,0,0,383
1380,2,580,1,0,0,306
1380,3,580,1,0,0,310
1380,4,580,1,0,0,310
1380,5,580,1,0,0,318
1380,6,580,1,0,0,316
1380,7,580,1,0,0,312
1380,8,580,1,0,0,292
1380,9,580,1,0,0,249
1380,10,580,1,1,1,360
1380,11,580,1,1,1,255
1380,12,580,1,1,1,328
1380,13,580,1,1,1,293
1380,14,580,1,1,1,370
1380,15,580,1,1,1,434
1380,16,580,1,1,1,358
1380,17,580,1,1,1,397
1380,18,580,1,1,1,365
1380,19,580,1,1,1,289
1381,0,581,1,0,0,280
1381,1,581,1,0,0,332
1381,2,581,1,0,0,361
1381,3,581,1,0,0,311
1381,4,581,1,0,0,394
1381,5,581,1,0,0,355
1381,6,581,1,0,0,290
1381,7,581,1,0,0,320
1381,8,581,1,0,0,270
1381,9,581,1,0,0,353
1381,10,581,1,1,1,335
1381,11,581,1,1,1,441
1381,12,581,1,1,1,380
1381,13,581,1,1,1,371
1381,14,581,1,1,1,368
1381,15,581,1,1,1,277
1381,16,581,1,1,1,324
1381,17,581,1,1,1,406
1381,18,581,1,1,1,301
1381,19,581,1,1,1,280
1382,0,582,1,0,0,320
1382,1,582,1,0,0,335
1382,2,582,1,0,0,262
1382,3,582,1,0,0,297
1382,4,582,1,0,0,402
1382,5,582,1,0,0,296
1382,6,582,1,0,0,307
1382,7,582,1,0,0,378
1382,8,582,1,0,0,348
1382,9,582,1,0,0,290
1382,10,582,1,1,1,420
1382,11,582,1,1,1,363
1382,12,582,1,1,1,207
1382,13,582,1,1,1,377
1382,14,582,1,1,1,324
1382,15,582,1,1,1,316
1382,16,582,1,1,1,314
1382,17,582,1,1,1,301
1382,18,582,1,1,1,262
1382,19,582,1,1,1,429
1383,0,583,1,0,0,307
1383,1,583,1,0,0,287
1383,2,583,1,0,0,291
1383,3,583,1,0,0,349
1383,4,583,1,0,0,467
1383,5,583,1,0,0,454
1383,6,583,1,0,0,484
1383,7,583,1,0,0,251
1383,8,583,1,0,0,346
1383,9,583,1,0,0,347
1383,10,583,1,1,1,326
1383,11,583,1,1,1,323
1383,12,583,1,1,1,465
1383,13,583,1,1,1,304
1383,14,583,1,1,1,335
1383,15,583,1,1,1,436
1383,16,583,1,1,1,399
1383,17,583,1,1,1,336
1383,18,583,1,1,1,475
1383,19,583,1,1,1,395
1384,0,584,1,0,0,433
1384,1,584,1,0,0,299
1384,2,584,1,0,0,302
1384,3,584,1,0,0,342
1384,4,584,1,0,0,269
1384,5,584,1,0,0,335
1384,6,584,1,0,0,360
1384,7,584,1,0,0,373
1384,8,584,1,0,0,327
1384,9,584,1,0,0,364
1384,10,584,1,1,1,375
1384,11,584,1,1,1,512
1384,12,584,1,1,1,275
1384,13,584,1,1,1,382
1384,14,584,1,1,1,473
1384,15,584,1,1,1,355
1384,16,584,1,1,1,412
1384,17,584,1,1,1,422
1384,18,584,1,1,1,311
1384,19,584,1,1,1,349
1385,0,585,1,0,0,330
1385,1,585,1,0,0,442
1385,2,585,1,0,0,338
1385,3,585,1,0,0,375
1385,4,585,1,0,0,267
1385,5,585,1,0,0,489
1385,6,585,1,0,0,283
1385,7,585,1,0,0,346
1385,8,585,1,0,0,269
1385,9,585,1,0,0,327
1385,10,585,1,1,1,301
1385,11,585,1,1,1,277
1385,12,585,1,1,1,303
1385,13,585,1,1,1,408
1385,14,585,1,1,1,313
1385,15,585,1,1,1,416
1385,16,585,1,1,1,339
1385,17,585,1,1,1,349
1385,18,585,1,1,1,309
1385,19,585,1,1,1,347
1386,0,586,1,0,0,433
1386,1,586,1,0,0,517
1386,2,586,1,0,0,276
1386,3,586,1,0,0,221
1386,4,586,1,0,0,252
1386,5,586,1,0,0,319
1386,6,586,1,0,0,308
1386,7,586,1,0,0,300
1386,8,586,1,0,0,367
1386,9,586,1,0,0,476
1386,10,586,1,1,1,392
1386,11,586,1,1,1,389
1386,12,586,1,1,1,413
1386,13,586,1,1,1,349
1386,14,586,1,1,1,372
1386,15,586,1,1,1,341
1386,16,586,1,1,1,315
1386,17,586,1,1,1,393
1386,18,586,1,1,1,363
1386,19,586,1,1,1,279
1387,0,587,1,0,0,439
1387,1,587,1,0,0,304
1387,2,587,1,0,0,454
1387,3,587,1,0,0,415
1387,4,587,1,0,0,616
1387,5,587,1,0,0,289
1387,6,587,1,0,0,443
1387,7,587,1,0,0,372
1387,8,587,1,0,0,273
1387,9,587,1,0,0,339
1387,10,587,1,1,1,332
1387,11,587,1,1,1,348
1387,12,587,1,1,1,415
1387,13,587,1,1,1,340
1387,14,587,1,1,1,478
1387,15,587,1,1,1,306
1387,16,587,1,1,1,393
1387,17,587,1,1,1,345
1387,18,587,1,1,1,315
1387,19,587,1,1,1,317
1388,0,588,1,0,0,396
1388,1,588,1,0,0,340
1388,2,588,1,0,0,425
1388,3,588,1,0,0,358
1388,4,588,1,0,0,427
1388,5,588,1,0,0,382
1388,6,588,1,0,0,339
1388,7,588,1,0,0,332
1388,8,588,1,0,0,332
1388,9,588,1,0,0,288
1388,10,588,1,1,1,383
1388,11,588,1,1,1,360
1388,12,588,1,1,1,401
1388,13,588,1,1,1,594
1388,14,588,1,1,1,455
1388,15,588,1,1,1,376
1388,16,588,1,1,1,366
1388,17,588,1,1,1,377
1388,18,588,1,1,1,287
1388,19,588,1,1,1,361
1389,0,589,1,0,0,398
1389,1,589,1,0,0,423
1389,2,589,1,0,0,264
1389,3,589,1,0,0,230
1389,4,589,1,0,0,350
1389,5,589,1,0,0,349
1389,6,589,1,0,0,615
1389,7,589,1,0,0,391
1389,8,589,1,0,0,382
1389,9,589,1,0,0,314
1389,10,589,1,1,1,339
1389,11,589,1,1,1,265
1389,12,589,1,1,1,282
1389,13,589,1,1,1,389
1389,14,589,1,1,1,366
1389,15,589,1,1,1,296
1389,16,589,1,1,1,366
1389,17,589,1,1,1,292
1389,18,589,1,1,1,276
1389,19,589,1,1,1,385
1390,0,590,1,0,0,344
1390,1,590,1,0,0,435
1390,2,590,1,0,0,406
1390,3,590,1,0,0,440
1390,4,590,1,0,0,446
1390,5,590,1,0,0,293
1390,6,590,1,0,0,353
1390,7,590,1,0,0,326
1390,8,590,1,0,0,393
1390,9,590,1,0,0,383
1390,10,590,1,1,1,422
1390,11,590,1,1,1,413
1390,12,590,1,1,1,404
1390,13,590,1,1,1,264
1390,14,590,1,1,1,286
1390,15,590,1,1,1,386
1390,16,590,1,1,1,364
1390,17,590,1,1,1,323
1390,18,590,1,1,1,404
1390,19,590,1,1,1,331
1391,0,591,1,0,0,338
1391,1,591,1,0,0,221
1391,2,591,1,0,0,436
1391,3,591,1,0,0,385
1391,4,591,1,0,0,248
1391,5,591,1,0,0,382
1391,6,591,1,0,0,396
1391,7,591,1,0,0,345
1391,8,591,1,0,0,332
1391,9,591,1,0,0,252
1391,10,591,1,1,1,366
1391,11,591,1,1,1,377
1391,12,591,1,1,1,397
1391,13,591,1,1,1,435
1391,14,591,1,1,1,358
1391,15,591,1,1,1,364
1391,16,591,1,1,1,321
1391,17,591,1,1,1,378
1391,18,591,1,1,1,364
1391,19,591,1,1,1,317
1392,0,592,1,0,0,330
1392,1,592,1,0,0,293
1392,2,592,1,0,0,532
1392,3,592,1,0,0,315
1392,4,592,1,0,0,361
1392,5,592,1,0,0,369
1392,6,592,1,0,0,393
1392,7,592,1,0,0,474
1392,8,592,1,0,0,330
1392,9,592,1,0,0,515
1392,10,592,1,1,1,347
1392,11,592,1,1,1,382
1392,12,592,1,1,1,367
1392,13,592,1,1,1,370
1392,14,592,1,1,1,209
1392,15,592,1,1,1,353
1392,16,592,1,1,1,510
1392,17,592,1,1,1,396
1392,18,592,1,1,1,300
1392,19,592,1,1,1,280
1393,0,593,1,0,0,310
1393,1,593,1,0,0,383
1393,2,593,1,0,0,314
1393,3,593,1,0,0,570
1393,4,593,1,0,0,256
1393,5,593,1,0,0,316
1393,6,593,1,0,0,286
1393,7,593,1,0,0,371
1393,8,593,1,0,0,168
1393,9,593,1,0,0,319
1393,10,593,1,1,1,288
1393,11,593,1,1,1,365
1393,12,593,1,1,1,408
1393,13,593,1,1,1,546
1393,14,593,1,1,1,199
1393,15,593,1,1,1,313
1393,16,593,1,1,1,334
1393,17,593,1,1,1,328
1393,18,593,1,1,1,360
1393,19,593,1,1,1,478
1394,0,594,1,0,0,511
1394,1,594,1,0,0,354
1394,2,594,1,0,0,382
1394,3,594,1,0,0,304
1394,4,594,1,0,0,353
1394,5,594,1,0,0,419
1394,6,594,1,0,0,331
1394,7,594,1,0,0,480
1394,8,594,1,0,0,230
1394,9,594,1,0,0,356
1394,10,594,1,1,1,262
1394,11,594,1,1,1,380
1394,12,594,1,1,1,279
1394,13,594,1,1,1,500
1394,14,594,1,1,1,311
1394,15,594,1,1,1,332
1394,16,594,1,1,1,354
1394,17,594,1,1,1,319
1394,18,594,1,1,1,308
1394,19,594,1,1,1,459
1395,0,595,1,0,0,398
1395,1,595,1,0,0,390
1395,2,595,1,0,0,370
1395,3,595,1,0,0,453
1395,4,595,1,0,0,323
1395,5,595,1,0,0,422
1395,6,595,1,0,0,379
1395,7,595,1,0,0,386
1395,8,595,1,0,0,367
1395,9,595,1,0,0,373
1395,10,595,1,1,1,482
1395,11,595,1,1,1,392
1395,12,595,1,1,1,472
1395,13,595,1,1,1,414
1395,14,595,1,1,1,375
1395,15,595,1,1,1,305
1395,16,595,1,1,1,359
1395,17,595,1,1,1,360
1395,18,595,1,1,1,290
1395,19,595,1,1,1,269
1396,0,596,1,0,0,333
1396,1,596,1,0,0,341
1396,2,596,1,0,0,239
1396,3,596,1,0,0,386
1396,4,596,1,0,0,461
1396,5,596,1,0,0,357
1396,6,596,1,0,0,467
1396,7,596,1,0,0,284
1396,8,596,1,0,0,408
1396,9,596,1,0,0,441
1396,10,596,1,1,1,375
1396,11,596,1,1,1,310
1396,12,596,1,1,1,343
1396,13,596,1,1,1,378
1396,14,596,1,1,1,287
1396,15,596,1,1,1,378
1396,16,596,1,1,1,443
1396,17,596,1,1,1,329
1396,18,596,1,1,1,352
1396,19,596,1,1,1,309
1397,0,597,1,0,0,336
1397,1,597,1,0,0,348
1397,2,597,1,0,0,449
1397,3,597,1,0,0,400
1397,4,597,1,0,0,496
1397,5,597,1,0,0,460
1397,6,597,1,0,0,313
1397,7,597,1,0,0,389
1397,8,597,1,0,0,299
1397,9,597,1,0,0,301
1397,10,597,1,1,1,371
1397,11,597,1,1,1,541
1397,12,597,1,1,1,328
1397,13,597,1,1,1,416
1397,14,597,1,1,1,320
1397,15,597,1,1,1,457
1397,16,597,1,1,1,545
1397,17,597,1,1,1,380
1397,18,597,1,1,1,377
1397,19,597,1,1,1,484
1398,0,598,1,0,0,477
1398,1,598,1,0,0,422
1398,2,598,1,0,0,582
1398,3,598,1,0,0,321
1398,4,598,1,0,0,294
1398,5,598,1,0,0,352
1398,6,598,1,0,0,476
1398,7,598,1,0,0,324
1398,8,598,1,0,0,319
1398,9,598,1,0,0,467
1398,10,598,1,1,1,502
1398,11,598,1,1,1,422
1398,12,598,1,1,1,371
1398,13,598,1,1,1,352
1398,14,598,1,1,1,375
1398,15,598,1,1,1,270
1398,16,598,1,1,1,471
1398,17,598,1,1,1,331
1398,18,598,1,1,1,350
1398,19,598,1,1,1,341
1399,0,599,1,0,0,261
1399,1,599,1,0,0,315
1399,2,599,1,0,0,410
1399,3,599,1,0,0,388
1399,4,599,1,0,0,355
1399,5,599,1,0,0,657
1399,6,599,1,0,0,428
1399,7,599,1,0,0,485
1399,8,599,1,0,0,275
1399,9,599,1,0,0,505
1399,10,599,1,1,1,391
1399,11,599,1,1,1,417
1399,12,599,1,1,1,322
1399,13,599,1,1,1,314
1399,14,599,1,1,1,379
1399,15,599,1,1,1,312
1399,16,599,1,1,1,374
1399,17,599,1,1,1,232
1399,18,599,1,1,1,358
1399,19,599,1,1,1,412
1400,0,600,1,0,0,427
1400,1,600,1,0,0,402
1400,2,600,1,0,0,268
1400,3,600,1,0,0,450
1400,4,600,1,0,0,315
1400,5,600,1,0,0,514
1400,6,600,1,0,0,333
1400,7,600,1,0,0,409
1400,8,600,1,0,0,605
1400,9,600,1,0,0,317
1400,10,600,1,1,1,357
1400,11,600,1,1,1,404
1400,12,600,1,1,1,381
1400,13,600,1,1,1,370
1400,14,600,1,1,1,378
1400,15,600,1,1,1,547
1400,16,600,1,1,1,398
1400,17,600,1,1,1,308
1400,18,600,1,1,1,361
1400,19,600,1,1,1,303
1401,0,601,1,0,0,341
1401,1,601,1,0,0,436
1401,2,601,1,0,0,432
1401,3,601,1,0,0,364
1401,4,601,1,0,0,474
1401,5,601,1,0,0,433
1401,6,601,1,0,0,551
1401,7,601,1,0,0,380
1401,8,601,1,0,0,323
1401,9,601,1,0,0,400
1401,10,601,1,1,1,431
1401,11,601,1,1,1,311
1401,12,601,1,1,1,295
1401,13,601,1,1,1,396
1401,14,601,1,1,1,354
1401,15,601,1,1,1,375
1401,16,601,1,1,1,301
1401,17,601,1,1,1,352
1401,18,601,1,1,1,455
1401,19,601,1,1,1,290
1402,0,602,1,0,0,326
1402,1,602,1,0,0,326
1402,2,602,1,0,0,330
1402,3,602,1,0,0,250
1402,4,602,1,0,0,277
1402,5,602,1,0,0,453
1402,6,602,1,0,0,300
1402,7,602,1,0,0,439
1402,8,602,1,0,0,319
1402,9,602,1,0,0,331
1402,10,602,1,1,1,444
1402,11,602,1,1,1,402
1402,12,602,1,1,1,492
1402,13,602,1,1,1,446
1402,14,602,1,1,1,450
1402,15,602,1,1,1,452
1402,16,602,1,1,1,408
1402,17,602,1,1,1,383
1402,18,602,1,1,1,402
1402,19,602,1,1,1,324
1403,0,603,1,0,0,358
1403,1,603,1,0,0,322
1403,2,603,1,0,0,365
1403,3,603,1,0,0,361
1403,4,603,1,0,0,366
1403,5,603,1,0,0,506
1403,6,603,1,0,0,396
1403,7,603,1,0,0,542
1403,8,603,1,0,0,494
1403,9,603,1,0,0,219
1403,10,603,1,1,1,416
1403,11,603,1,1,1,462
1403,12,603,1,1,1,436
1403,13,603,1,1,1,409
1403,14,603,1,1,1,414
1403,15,603,1,1,1,510
1403,16,603,1,1,1,287
1403,17,603,1,1,1,286
1403,18,603,1,1,1,387
1403,19,603,1,1,1,517
1404,0,604,1,0,0,440
1404,1,604,1,0,0,483
1404,2,604,1,0,0,422
1404,3,604,1,0,0,472
1404,4,604,1,0,0,374
1404,5,604,1,0,0,325
1404,6,604,1,0,0,362
1404,7,604,1,0,0,296
1404,8,604,1,0,0,331
1404,9,604,1,0,0,620
1404,10,604,1,1,1,376
1404,11,604,1,1,1,383
1404,12,604,1,1,1,439
1404,13,604,1,1,1,374
1404,14,604,1,1,1,431
1404,15,604,1,1,1,396
1404,16,604,1,1,1,352
1404,17,604,1,1,1,248
1404,18,604,1,1,1,326
1404,19,604,1,1,1,308
1405,0,605,1,0,0,441
1405,1,605,1,0,0,413
1405,2,605,1,0,0,534
1405,3,605,1,0,0,371
1405,4,605,1,0,0,302
1405,5,605,1,0,0,504
1405,6,605,1,0,0,598
1405,7,605,1,0,0,392
1405,8,605,1,0,0,394
1405,9,605,1,0,0,506
1405,10,605,1,1,1,523
1405,11,605,1,1,1,425
1405,12,605,1,1,1,768
1405,13,605,1,1,1,465
1405,14,605,1,1,1,576
1405,15,605,1,1,1,427
1405,16,605,1,1,1,459
1405,17,605,1,1,1,403
1405,18,605,1,1,1,274
1405,19,605,1,1,1,567
1406,0,606,1,0,0,455
1406,1,606,1,0,0,402
1406,2,606,1,0,0,469
1406,3,606,1,0,0,381
1406,4,606,1,0,0,431
1406,5,606,1,0,0,384
1406,6,606,1,0,0,345
1406,7,606,1,0,0,484
1406,8,606,1,0,0,315
1406,9,606,1,0,0,404
1406,10,606,1,1,1,348
1406,11,606,1,1,1,401
1406,12,606,1,1,1,420
1406,13,606,1,1,1,420
1406,14,606,1,1,1,300
1406,15,606,1,1,1,401
1406,16,606,1,1,1,387
1406,17,606,1,1,1,375
1406,18,606,1,1,1,397
1406,19,606,1,1,1,321
1407,0,607,1,0,0,329
1407,1,607,1,0,0,254
1407,2,607,1,0,0,505
1407,3,607,1,0,0,569
1407,4,607,1,0,0,560
1407,5,607,1,0,0,522
1407,6,607,1,0,0,361
1407,7,607,1,0,0,415
1407,8,607,1,0,0,485
1407,9,607,1,0,0,375
1407,10,607,1,1,1,473
1407,11,607,1,1,1,298
1407,12,607,1,1,1,375
1407,13,607,1,1,1,362
1407,14,607,1,1,1,367
1407,15,607,1,1,1,331
1407,16,607,1,1,1,382
1407,17,607,1,1,1,369
1407,18,607,1,1,1,370
1407,19,607,1,1,1,393
1408,0,608,1,0,0,353
1408,1,608,1,0,0,597
1408,2,608,1,0,0,455
1408,3,608,1,0,0,438
1408,4,608,1,0,0,517
1408,5,608,1,0,0,546
1408,6,608,1,0,0,379
1408,7,608,1,0,0,362
1408,8,608,1,0,0,344
1408,9,608,1,0,0,333
1408,10,608,1,1,1,447
1408,11,608,1,1,1,400
1408,12,608,1,1,1,276
1408,13,608,1,1,1,367
1408,14,608,1,1,1,400
1408,15,608,1,1,1,362
1408,16,608,1,1,1,464
1408,17,608,1,1,1,582
1408,18,608,1,1,1,555
1408,19,608,1,1,1,495
1409,0,609,1,0,0,426
1409,1,609,1,0,0,554
1409,2,609,1,0,0,399
1409,3,609,1,0,0,394
1409,4,609,1,0,0,502
1409,5,609,1,0,0,316
1409,6,609,1,0,0,321
1409,7,609,1,0,0,445
1409,8,609,1,0,0,448
1409,9,609,1,0,0,377
1409,10,609,1,1,1,458
1409,11,609,1,1,1,321
1409,12,609,1,1,1,505
1409,13,609,1,1,1,489
1409,14,609,1,1,1,366
1409,15,609,1,1,1,482
1409,16,609,1,1,1,431
1409,17,609,1,1,1,362
1409,18,609,1,1,1,313
1409,19,609,1,1,1,349
1410,0,610,1,0,0,448
1410,1,610,1,0,0,456
1410,2,610,1,0,0,316
1410,3,610,1,0,0,426
1410,4,610,1,0,0,606
1410,5,610,1,0,0,438
1410,6,610,1,0,0,548
1410,7,610,1,0,0,520
1410,8,610,1,0,0,387
1410,9,610,1,0,0,319
1410,10,610,1,1,1,470
1410,11,610,1,1,1,463
1410,12,610,1,1,1,463
1410,13,610,1,1,1,437
1410,14,610,1,1,1,592
1410,15,610,1,1,1,394
1410,16,610,1,1,1,405
1410,17,610,1,1,1,250
1410,18,610,1,1,1,508
1410,19,610,1,1,1,416
1411,0,611,1,0,0,407
1411,1,611,1,0,0,425
1411,2,611,1,0,0,382
1411,3,611,1,0,0,378
1411,4,611,1,0,0,390
1411,5,611,1,0,0,556
1411,6,611,1,0,0,260
1411,7,611,1,0,0,332
1411,8,611,1,0,0,534
1411,9,611,1,0,0,450
1411,10,611,1,1,1,361
1411,11,611,1,1,1,367
1411,12,611,1,1,1,529
1411,13,611,1,1,1,422
1411,14,611,1,1,1,429
1411,15,611,1,1,1,372
1411,16,611,1,1,1,436
1411,17,611,1,1,1,381
1411,18,611,1,1,1,441
1411,19,611,1,1,1,509
1412,0,612,1,0,0,642
1412,1,612,1,0,0,382
1412,2,612,1,0,0,374
1412,3,612,1,0,0,367
1412,4,612,1,0,0,353
1412,5,612,1,0,0,318
1412,6,612,1,0,0,365
1412,7,612,1,0,0,357
1412,8,612,1,0,0,348
1412,9,612,1,0,0,347
1412,10,612,1,1,1,390
1412,11,612,1,1,1,629
1412,12,612,1,1,1,315
1412,13,612,1,1,1,430
1412,14,612,1,1,1,565
1412,15,612,1,1,1,454
1412,16,612,1,1,1,377
1412,17,612,1,1,1,473
1412,18,612,1,1,1,567
1412,19,612,1,1,1,450
1413,0,613,1,0,0,547
1413,1,613,1,0,0,441
1413,2,613,1,0,0,440
1413,3,613,1,0,0,441
1413,4,613,1,0,0,442
1413,5,613,1,0,0,458
1413,6,613,1,0,0,469
1413,7,613,1,0,0,539
1413,8,613,1,0,0,439
1413,9,613,1,0,0,646
1413,10,613,1,1,1,536
1413,11,613,1,1,1,441
1413,12,613,1,1,1,396
1413,13,613,1,1,1,671
1413,14,613,1,1,1,530
1413,15,613,1,1,1,422
1413,16,613,1,1,1,488
1413,17,613,1,1,1,389
1413,18,613,1,1,1,372
1413,19,613,1,1,1,451
1414,0,614,1,0,0,573
1414,1,614,1,0,0,372
1414,2,614,1,0,0,594
1414,3,614,1,0,0,613
1414,4,614,1,0,0,315
1414,5,614,1,0,0,421
1414,6,614,1,0,0,402
1414,7,614,1,0,0,311
1414,8,614,1,0,0,398
1414,9,614,1,0,0,479
1414,10,614,1,1,1,426
1414,11,614,1,1,1,446
1414,12,614,1,1,1,429
1414,13,614,1,1,1,327
1414,14,614,1,1,1,555
1414,15,614,1,1,1,336
1414,16,614,1,1,1,577
1414,17,614,1,1,1,427
1414,18,614,1,1,1,483
1414,19,614,1,1,1,385
1415,0,615,1,0,0,380
1415,1,615,1,0,0,518
1415,2,615,1,0,0,500
1415,3,615,1,0,0,569
1415,4,615,1,0,0,366
1415,5,615,1,0,0,473
1415,6,615,1,0,0,513
1415,7,615,1,0,0,404
1415,8,615,1,0,0,472
1415,9,615,1,0,0,443
1415,10,615,1,1,1,619
1415,11,615,1,1,1,619
1415,12,615,1,1,1,560
1415,13,615,1,1,1,513
1415,14,615,1,1,1,681
1415,15,615,1,1,1,519
1415,16,615,1,1,1,491
1415,17,615,1,1,1,572
1415,18,615,1,1,1,455
1415,19,615,1,1,1,362
1416,0,616,1,0,0,478
1416,1,616,1,0,0,304
1416,2,616,1,0,0,456
1416,3,616,1,0,0,363
1416,4,616,1,0,0,462
1416,5,616,1,0,0,802
1416,6,616,1,0,0,666
1416,7,616,1,0,0,229
1416,8,616,1,0,0,429
1416,9,616,1,0,0,346
1416,10,616,1,1,1,383
1416,11,616,1,1,1,459
1416,12,616,1,1,1,410
1416,13,616,1,1,1,442
1416,14,616,1,1,1,505
1416,15,616,1,1,1,444
1416,16,616,1,1,1,435
1416,17,616,1,1,1,488
1416,18,616,1,1,1,457
1416,19,616,1,1,1,575
1417,0,617,1,0,0,629
1417,1,617,1,0,0,401
1417,2,617,1,0,0,578
1417,3,617,1,0,0,901
1417,4,617,1,0,0,576
1417,5,617,1,0,0,585
1417,6,617,1,0,0,410
1417,7,617,1,0,0,326
1417,8,617,1,0,0,388
1417,9,617,1,0,0,538
1417,10,617,1,1,1,414
1417,11,617,1,1,1,415
1417,12,617,1,1,1,352
1417,13,617,1,1,1,391
1417,14,617,1,1,1,673
1417,15,617,1,1,1,365
1417,16,617,1,1,1,460
1417,17,617,1,1,1,370
1417,18,617,1,1,1,351
1417,19,617,1,1,1,371
1418,0,618,1,0,0,304
1418,1,618,1,0,0,662
1418,2,618,1,0,0,329
1418,3,618,1,0,0,409
1418,4,618,1,0,0,570
1418,5,618,1,0,0,510
1418,6,618,1,0,0,341
1418,7,618,1,0,0,450
1418,8,618,1,0,0,442
1418,9,618,1,0,0,460
1418,10,618,1,1,1,340
1418,11,618,1,1,1,533
1418,12,618,1,1,1,444
1418,13,618,1,1,1,350
1418,14,618,1,1,1,540
1418,15,618,1,1,1,426
1418,16,618,1,1,1,595
1418,17,618,1,1,1,419
1418,18,618,1,1,1,365
1418,19,618,1,1,1,399
1419,0,619,1,0,0,449
1419,1,619,1,0,0,519
1419,2,619,1,0,0,484
1419,3,619,1,0,0,533
1419,4,619,1,0,0,431
1419,5,619,1,0,0,598
1419,6,619,1,0,0,515
1419,7,619,1,0,0,427
1419,8,619,1,0,0,761
1419,9,619,1,0,0,383
1419,10,619,1,1,1,415
1419,11,619,1,1,1,441
1419,12,619,1,1,1,382
1419,13,619,1,1,1,335
1419,14,619,1,1,1,443
1419,15,619,1,1,1,446
1419,16,619,1,1,1,477
1419,17,619,1,1,1,499
1419,18,619,1,1,1,489
1419,19,619,1,1,1,375
1420,0,620,1,0,0,532
1420,1,620,1,0,0,614
1420,2,620,1,0,0,530
1420,3,620,1,0,0,378
1420,4,620,1,0,0,449
1420,5,620,1,0,0,505
1420,6,620,1,0,0,661
1420,7,620,1,0,0,407
1420,8,620,1,0,0,549
1420,9,620,1,0,0,220
1420,10,620,1,1,1,522
1420,11,620,1,1,1,420
1420,12,620,1,1,1,418
1420,13,620,1,1,1,363
1420,14,620,1,1,1,411
1420,15,620,1,1,1,355
1420,16,620,1,1,1,498
1420,17,620,1,1,1,758
1420,18,620,1,1,1,341
1420,19,620,1,1,1,598
1421,0,621,1,0,0,372
1421,1,621,1,0,0,539
1421,2,621,1,0,0,326
1421,3,621,1,0,0,366
1421,4,621,1,0,0,498
1421,5,621,1,0,0,419
1421,6,621,1,0,0,612
1421,7,621,1,0,0,524
1421,8,621,1,0,0,377
1421,9,621,1,0,0,355
1421,10,621,1,1,1,427
1421,11,621,1,1,1,461
1421,12,621,1,1,1,453
1421,13,621,1,1,1,324
1421,14,621,1,1,1,370
1421,15,621,1,1,1,341
1421,16,621,1,1,1,536
1421,17,621,1,1,1,591
1421,18,621,1,1,1,437
1421,19,621,1,1,1,460
1422,0,622,1,0,0,463
1422,1,622,1,0,0,361
1422,2,622,1,0,0,485
1422,3,622,1,0,0,303
1422,4,622,1,0,0,464
1422,5,622,1,0,0,615
1422,6,622,1,0,0,510
1422,7,622,1,0,0,629
1422,8,622,1,0,0,316
1422,9,622,1,0,0,320
1422,10,622,1,1,1,493
1422,11,622,1,1,1,555
1422,12,622,1,1,1,542
1422,13,622,1,1,1,506
1422,14,622,1,1,1,374
1422,15,622,1,1,1,422
1422,16,622,1,1,1,479
1422,17,622,1,1,1,418
1422,18,622,1,1,1,634
1422,19,622,1,1,1,406
1423,0,623,1,0,0,570
1423,1,623,1,0,0,357
1423,2,623,1,0,0,444
1423,3,623,1,0,0,626
1423,4,623,1,0,0,551
1423,5,623,1,0,0,382
1423,6,623,1,0,0,340
1423,7,623,1,0,0,436
1423,8,623,1,0,0,321
1423,9,623,1,0,0,442
1423,10,623,1,1,1,371
1423,11,623,1,1,1,482
1423,12,623,1,1,1,529
1423,13,623,1,1,1,422
1423,14,623,1,1,1,380
1423,15,623,1,1,1,593
1423,16,623,1,1,1,425
1423,17,623,1,1,1,428
1423,18,623,1,1,1,427
1423,19,623,1,1,1,473
1424,0,624,1,0,0,695
1424,1,624,1,0,0,531
1424,2,624,1,0,0,479
1424,3,624,1,0,0,409
1424,4,624,1,0,0,584
1424,5,624,1,0,0,555
1424,6,624,1,0,0,409
1424,7,624,1,0,0,515
1424,8,624,1,0,0,573
1424,9,624,1,0,0,538
1424,10,624,1,1,1,530
1424,11,624,1,1,1,458
1424,12,624,1,1,1,537
1424,13,624,1,1,1,323
1424,14,624,1,1,1,366
1424,15,624,1,1,1,315
1424,16,624,1,1,1,575
1424,17,624,1,1,1,504
1424,18,624,1,1,1,371
1424,19,624,1,1,1,429
1425,0,625,1,0,0,530
1425,1,625,1,0,0,359
1425,2,625,1,0,0,551
1425,3,625,1,0,0,468
1425,4,625,1,0,0,513
1425,5,625,1,0,0,487
1425,6,625,1,0,0,335
1425,7,625,1,0,0,410
1425,8,625,1,0,0,512
1425,9,625,1,0,0,597
1425,10,625,1,1,1,424
1425,11,625,1,1,1,400
1425,12,625,1,1,1,481
1425,13,625,1,1,1,600
1425,14,625,1,1,1,550
1425,15,625,1,1,1,374
1425,16,625,1,1,1,382
1425,17,625,1,1,1,443
1425,18,625,1,1,1,494
1425,19,625,1,1,1,386
1426,0,626,1,0,0,519
1426,1,626,1,0,0,388
1426,2,626,1,0,0,508
1426,3,626,1,0,0,465
1426,4,626,1,0,0,411
1426,5,626,1,0,0,330
1426,6,626,1,0,0,448
1426,7,626,1,0,0,471
1426,8,626,1,0,0,363
1426,9,626,1,0,0,463
1426,10,626,1,1,1,528
1426,11,626,1,1,1,662
1426,12,626,1,1,1,390
1426,13,626,1,1,1,556
1426,14,626,1,1,1,496
1426,15,626,1,1,1,388
1426,16,626,1,1,1,535
1426,17,626,1,1,1,550
1426,18,626,1,1,1,452
1426,19,626,1,1,1,478
1427,0,627,1,0,0,452
1427,1,627,1,0,0,454
1427,2,627,1,0,0,458
1427,3,627,1,0,0,426
1427,4,627,1,0,0,351
1427,5,627,1,0,0,727
1427,6,627,1,0,0,527
1427,7,627,1,0,0,630
1427,8,627,1,0,0,415
1427,9,627,1,0,0,577
1427,10,627,1,1,1,578
1427,11,627,1,1,1,294
1427,12,627,1,1,1,556
1427,13,627,1,1,1,402
1427,14,627,1,1,1,368
1427,15,627,1,1,1,500
1427,16,627,1,1,1,497
1427,17,627,1,1,1,488
1427,18,627,1,1,1,411
1427,19,627,1,1,1,425
1428,0,628,1,0,0,580
1428,1,628,1,0,0,440
1428,2,628,1,0,0,676
1428,3,628,1,0,0,635
1428,4,628,1,0,0,327
1428,5,628,1,0,0,430
1428,6,628,1,0,0,667
1428,7,628,1,0,0,742
1428,8,628,1,0,0,506
1428,9,628,1,0,0,618
1428,10,628,1,1,1,683
1428,11,628,1,1,1,432
1428,12,628,1,1,1,388
1428,13,628,1,1,1,482
1428,14,628,1,1,1,380
1428,15,628,1,1,1,562
1428,16,628,1,1,1,420
1428,17,628,1,1,1,420
1428,18,628,1,1,1,505
1428,19,628,1,1,1,493
1429,0,629,1,0,0,477
1429,1,629,1,0,0,588
1429,2,629,1,0,0,580
1429,3,629,1,0,0,518
1429,4,629,1,0,0,504
1429,5,629,1,0,0,556
1429,6,629,1,0,0,537
1429,7,629,1,0,0,590
1429,8,629,1,0,0,427
1429,9,629,1,0,0,505
1429,10,629,1,1,1,513
1429,11,629,1,1,1,546
1429,12,629,1,1,1,441
1429,13,629,1,1,1,409
1429,14,629,1,1,1,460
1429,15,629,1,1,1,478
1429,16,629,1,1,1,919
1429,17,629,1,1,1,548
1429,18,629,1,1,1,579
1429,19,629,1,1,1,394
1430,0,630,1,0,0,406
1430,1,630,1,0,0,403
1430,2,630,1,0,0,465
1430,3,630,1,0,0,446
1430,4,630,1,0,0,595
1430,5,630,1,0,0,416
1430,6,630,1,0,0,435
1430,7,630,1,0,0,494
1430,8,630,1,0,0,436
1430,9,630,1,0,0,645
1430,10,630,1,1,1,487
1430,11,630,1,1,1,489
1430,12,630,1,1,1,619
1430,13,630,1,1,1,573
1430,14,630,1,1,1,461
1430,15,630,1,1,1,431
1430,16,630,1,1,1,412
1430,17,630,1,1,1,542
1430,18,630,1,1,1,483
1430,19,630,1,1,1,530
1431,0,631,1,0,0,724
1431,1,631,1,0,0,485
1431,2,631,1,0,0,467
1431,3,631,1,0,0,722
1431,4,631,1,0,0,343
1431,5,631,1,0,0,525
1431,6,631,1,0,0,726
1431,7,631,1,0,0,406
1431,8,631,1,0,0,702
1431,9,631,1,0,0,474
1431,10,631,1,1,1,554
1431,11,631,1,1,1,586
1431,12,631,1,1,1,507
1431,13,631,1,1,1,591
1431,14,631,1,1,1,465
1431,15,631,1,1,1,570
1431,16,631,1,1,1,559
1431,17,631,1,1,1,454
1431,18,631,1,1,1,357
1431,19,631,1,1,1,412
1432,0,632,1,0,0,459
1432,1,632,1,0,0,464
1432,2,632,1,0,0,534
1432,3,632,1,0,0,487
1432,4,632,1,0,0,332
1432,5,632,1,0,0,557
1432,6,632,1,0,0,620
1432,7,632,1,0,0,515
1432,8,632,1,0,0,653
1432,9,632,1,0,0,281
1432,10,632,1,1,1,508
1432,11,632,1,1,1,488
1432,12,632,1,1,1,330
1432,13,632,1,1,1,461
1432,14,632,1,1,1,580
1432,15,632,1,1,1,516
1432,16,632,1,1,1,697
1432,17,632,1,1,1,584
1432,18,632,1,1,1,640
1432,19,632,1,1,1,544
1433,0,633,1,0,0,400
1433,1,633,1,0,0,533
1433,2,633,1,0,0,613
1433,3,633,1,0,0,471
1433,4,633,1,0,0,674
1433,5,633,1,0,0,303
1433,6,633,1,0,0,271
1433,7,633,1,0,0,520
1433,8,633,1,0,0,439
1433,9,633,1,0,0,545
1433,10,633,1,1,1,519
1433,11,633,1,1,1,648
1433,12,633,1,1,1,402
1433,13,633,1,1,1,430
1433,14,633,1,1,1,550
1433,15,633,1,1,1,583
1433,16,633,1,1,1,386
1433,17,633,1,1,1,586
1433,18,633,1,1,1,456
1433,19,633,1,1,1,456
1434,0,634,1,0,0,881
1434,1,634,1,0,0,473
1434,2,634,1,0,0,569
1434,3,634,1,0,0,663
1434,4,634,1,0,0,439
1434,5,634,1,0,0,566
1434,6,634,1,0,0,612
1434,7,634,1,0,0,627
1434,8,634,1,0,0,401
1434,9,634,1,0,0,657
1434,10,634,1,1,1,485
1434,11,634,1,1,1,632
1434,12,634,1,1,1,481
1434,13,634,1,1,1,654
1434,14,634,1,1,1,397
1434,15,634,1,1,1,501
1434,16,634,1,1,1,503
1434,17,634,1,1,1,506
1434,18,634,1,1,1,567
1434,19,634,1,1,1,510
1435,0,635,1,0,0,853
1435,1,635,1,0,0,561
1435,2,635,1,0,0,559
1435,3,635,1,0,0,503
1435,4,635,1,0,0,347
1435,5,635,1,0,0,583
1435,6,635,1,0,0,504
1435,7,635,1,0,0,826
1435,8,635,1,0,0,575
1435,9,635,1,0,0,461
1435,10,635,1,1,1,496
1435,11,635,1,1,1,507
1435,12,635,1,1,1,455
1435,13,635,1,1,1,459
1435,14,635,1,1,1,458
1435,15,635,1,1,1,388
1435,16,635,1,1,1,541
1435,17,635,1,1,1,506
1435,18,635,1,1,1,495
1435,19,635,1,1,1,526
1436,0,636,1,0,0,629
1436,1,636,1,0,0,690
1436,2,636,1,0,0,533
1436,3,636,1,0,0,568
1436,4,636,1,0,0,778
1436,5,636,1,0,0,518
1436,6,636,1,0,0,536
1436,7,636,1,0,0,421
1436,8,636,1,0,0,464
1436,9,636,1,0,0,549
1436,10,636,1,1,1,462
1436,11,636,1,1,1,442
1436,12,636,1,1,1,584
1436,13,636,1,1,1,577
1436,14,636,1,1,1,558
1436,15,636,1,1,1,578
1436,16,636,1,1,1,357
1436,17,636,1,1,1,439
1436,18,636,1,1,1,611
1436,19,636,1,1,1,536
1437,0,637,1,0,0,736
1437,1,637,1,0,0,651
1437,2,637,1,0,0,533
1437,3,637,1,0,0,501
1437,4,637,1,0,0,508
1437,5,637,1,0,0,424
1437,6,637,1,0,0,292
1437,7,637,1,0,0,728
1437,8,637,1,0,0,678
1437,9,637,1,0,0,442
1437,10,637,1,1,1,483
1437,11,637,1,1,1,507
1437,12,637,1,1,1,357
1437,13,637,1,1,1,639
1437,14,637,1,1,1,501
1437,15,637,1,1,1,433
1437,16,637,1,1,1,567
1437,17,637,1,1,1,549
1437,18,637,1,1,1,462
1437,19,637,1,1,1,501
1438,0,638,1,0,0,660
1438,1,638,1,0,0,491
1438,2,638,1,0,0,678
1438,3,638,1,0,0,642
1438,4,638,1,0,0,302
1438,5,638,1,0,0,638
1438,6,638,1,0,0,756
1438,7,638,1,0,0,570
1438,8,638,1,0,0,501
1438,9,638,1,0,0,630
1438,10,638,1,1,1,601
1438,11,638,1,1,1,455
1438,12,638,1,1,1,409
1438,13,638,1,1,1,456
1438,14,638,1,1,1,630
1438,15,638,1,1,1,595
1438,16,638,1,1,1,529
1438,17,638,1,1,1,357
1438,18,638,1,1,1,460
1438,19,638,1,1,1,497
1439,0,639,1,0,0,542
1439,1,639,1,0,0,601
1439,2,639,1,0,0,670
1439,3,639,1,0,0,562
1439,4,639,1,0,0,997
1439,5,639,1,0,0,461
1439,6,639,1,0,0,767
1439,7,639,1,0,0,576
1439,8,639,1,0,0,386
1439,9,639,1,0,0,471
1439,10,639,1,1,1,521
1439,11,639,1,1,1,430
1439,12,639,1,1,1,560
1439,13,639,1,1,1,587
1439,14,639,1,1,1,502
1439,15,639,1,1,1,603
1439,16,639,1,1,1,574
1439,17,639,1,1,1,542
1439,18,639,1,1,1,549
1439,19,639,1,1,1,552
1440,0,640,1,0,0,482
1440,1,640,1,0,0,751
1440,2,640,1,0,0,710
1440,3,640,1,0,0,651
1440,4,640,1,0,0,520
1440,5,640,1,0,0,490
1440,6,640,1,0,0,658
1440,7,640,1,0,0,474
1440,8,640,1,0,0,673
1440,9,640,1,0,0,496
1440,10,640,1,1,1,636
1440,11,640,1,1,1,658
1440,12,640,1,1,1,720
1440,13,640,1,1,1,677
1440,14,640,1,1,1,519
1440,15,640,1,1,1,510
1440,16,640,1,1,1,519
1440,17,640,1,1,1,505
1440,18,640,1,1,1,555
1440,19,640,1,1,1,593
1441,0,641,1,0,0,748
1441,1,641,1,0,0,617
1441,2,641,1,0,0,461
1441,3,641,1,0,0,577
1441,4,641,1,0,0,752
1441,5,641,1,0,0,475
1441,6,641,1,0,0,693
1441,7,641,1,0,0,432
1441,8,641,1,0,0,827
1441,9,641,1,0,0,438
1441,10,641,1,1,1,547
1441,11,641,1,1,1,579
1441,12,641,1,1,1,519
1441,13,641,1,1,1,517
1441,14,641,1,1,1,464
1441,15,641,1,1,1,519
1441,16,641,1,1,1,635
1441,17,641,1,1,1,518
1441,18,641,1,1,1,508
1441,19,641,1,1,1,546
1442,0,642,1,0,0,560
1442,1,642,1,0,0,764
1442,2,642,1,0,0,629
1442,3,642,1,0,0,460
1442,4,642,1,0,0,540
1442,5,642,1,0,0,592
1442,6,642,1,0,0,525
1442,7,642,1,0,0,829
1442,8,642,1,0,0,417
1442,9,642,1,0,0,579
1442,10,642,1,1,1,634
1442,11,642,1,1,1,548
1442,12,642,1,1,1,386
1442,13,642,1,1,1,727
1442,14,642,1,1,1,481
1442,15,642,1,1,1,518
1442,16,642,1,1,1,505
1442,17,642,1,1,1,585
1442,18,642,1,1,1,546
1442,19,642,1,1,1,655
1443,0,643,1,0,0,477
1443,1,643,1,0,0,712
1443,2,643,1,0,0,535
1443,3,643,1,0,0,534
1443,4,643,1,0,0,532
1443,5,643,1,0,0,675
1443,6,643,1,0,0,502
1443,7,643,1,0,0,852
1443,8,643,1,0,0,597
1443,9,643,1,0,0,662
1443,10,643,1,1,1,567
1443,11,643,1,1,1,502
1443,12,643,1,1,1,612
1443,13,643,1,1,1,469
1443,14,643,1,1,1,722
1443,15,643,1,1,1,634
1443,16,643,1,1,1,824
1443,17,643,1,1,1,613
1443,18,643,1,1,1,731
1443,19,643,1,1,1,669
1444,0,644,1,0,0,803
1444,1,644,1,0,0,571
1444,2,644,1,0,0,760
1444,3,644,1,0,0,504
1444,4,644,1,0,0,537
1444,5,644,1,0,0,558
1444,6,644,1,0,0,353
1444,7,644,1,0,0,441
1444,8,644,1,0,0,813
1444,9,644,1,0,0,507
1444,10,644,1,1,1,572
1444,11,644,1,1,1,451
1444,12,644,1,1,1,606
1444,13,644,1,1,1,828
1444,14,644,1,1,1,564
1444,15,644,1,1,1,810
1444,16,644,1,1,1,529
1444,17,644,1,1,1,649
1444,18,644,1,1,1,943
1444,19,644,1,1,1,565
1445,0,645,1,0,0,583
1445,1,645,1,0,0,518
1445,2,645,1,0,0,586
1445,3,645,1,0,0,452
1445,4,645,1,0,0,652
1445,5,645,1,0,0,407
1445,6,645,1,0,0,610
1445,7,645,1,0,0,519
1445,8,645,1,0,0,512
1445,9,645,1,0,0,613
1445,10,645,1,1,1,656
1445,11,645,1,1,1,708
1445,12,645,1,1,1,590
1445,13,645,1,1,1,665
1445,14,645,1,1,1,446
1445,15,645,1,1,1,551
1445,16,645,1,1,1,398
1445,17,645,1,1,1,513
1445,18,645,1,1,1,662
1445,19,645,1,1,1,655
1446,0,646,1,0,0,464
1446,1,646,1,0,0,523
1446,2,646,1,0,0,713
1446,3,646,1,0,0,475
1446,4,646,1,0,0,540
1446,5,646,1,0,0,605
1446,6,646,1,0,0,475
1446,7,646,1,0,0,545
1446,8,646,1,0,0,530
1446,9,646,1,0,0,562
1446,10,646,1,1,1,524
1446,11,646,1,1,1,710
1446,12,646,1,1,1,474
1446,13,646,1,1,1,576
1446,14,646,1,1,1,578
1446,15,646,1,1,1,654
1446,16,646,1,1,1,587
1446,17,646,1,1,1,672
1446,18,646,1,1,1,349
1446,19,646,1,1,1,726
1447,0,647,1,0,0,448
1447,1,647,1,0,0,493
1447,2,647,1,0,0,823
1447,3,647,1,0,0,478
1447,4,647,1,0,0,450
1447,5,647,1,0,0,366
1447,6,647,1,0,0,493
1447,7,647,1,0,0,451
1447,8,647,1,0,0,715
1447,9,647,1,0,0,595
1447,10,647,1,1,1,489
1447,11,647,1,1,1,570
1447,12,647,1,1,1,674
1447,13,647,1,1,1,650
1447,14,647,1,1,1,477
1447,15,647,1,1,1,518
1447,16,647,1,1,1,671
1447,17,647,1,1,1,544
1447,18,647,1,1,1,606
1447,19,647,1,1,1,547
1448,0,648,1,0,0,516
1448,1,648,1,0,0,583
1448,2,648,1,0,0,512
1448,3,648,1,0,0,626
1448,4,648,1,0,0,546
1448,5,648,1,0,0,1085
1448,6,648,1,0,0,599
1448,7,648,1,0,0,645
1448,8,648,1,0,0,532
1448,9,648,1,0,0,551
1448,10,648,1,1,1,530
1448,11,648,1,1,1,581
1448,12,648,1,1,1,699
1448,13,648,1,1,1,386
1448,14,648,1,1,1,513
1448,15,648,1,1,1,615
1448,16,648,1,1,1,840
1448,17,648,1,1,1,537
1448,18,648,1,1,1,776
1448,19,648,1,1,1,492
1449,0,649,1,0,0,447
1449,1,649,1,0,0,468
1449,2,649,1,0,0,522
1449,3,649,1,0,0,620
1449,4,649,1,0,0,445
1449,5,649,1,0,0,639
1449,6,649,1,0,0,591
1449,7,649,1,0,0,541
1449,8,649,1,0,0,508
1449,9,649,1,0,0,513
1449,10,649,1,1,1,780
1449,11,649,1,1,1,742
1449,12,649,1,1,1,540
1449,13,649,1,1,1,593
1449,14,649,1,1,1,415
1449,15,649,1,1,1,602
1449,16,649,1,1,1,527
1449,17,649,1,1,1,394
1449,18,649,1,1,1,596
1449,19,649,1,1,1,584
1450,0,650,1,0,0,450
1450,1,650,1,0,0,631
1450,2,650,1,0,0,592
1450,3,650,1,0,0,814
1450,4,650,1,0,0,719
1450,5,650,1,0,0,619
1450,6,650,1,0,0,692
1450,7,650,1,0,0,645
1450,8,650,1,0,0,917
1450,9,650,1,0,0,746
1450,10,650,1,1,1,880
1450,11,650,1,1,1,484
1450,12,650,1,1,1,487
1450,13,650,1,1,1,561
1450,14,650,1,1,1,831
1450,15,650,1,1,1,516
1450,16,650,1,1,1,745
1450,17,650,1,1,1,509
1450,18,650,1,1,1,586
1450,19,650,1,1,1,522
1451,0,651,1,0,0,530
1451,1,651,1,0,0,700
1451,2,651,1,0,0,611
1451,3,651,1,0,0,708
1451,4,651,1,0,0,896
1451,5,651,1,0,0,598
1451,6,651,1,0,0,799
1451,7,651,1,0,0,536
1451,8,651,1,0,0,555
1451,9,651,1,0,0,494
1451,10,651,1,1,1,565
1451,11,651,1,1,1,645
1451,12,651,1,1,1,582
1451,13,651,1,1,1,693
1451,14,651,1,1,1,506
1451,15,651,1,1,1,423
1451,16,651,1,1,1,535
1451,17,651,1,1,1,661
1451,18,651,1,1,1,530
1451,19,651,1,1,1,810
1452,0,652,1,0,0,618
1452,1,652,1,0,0,773
1452,2,652,1,0,0,600
1452,3,652,1,0,0,614
1452,4,652,1,0,0,834
1452,5,652,1,0,0,341
1452,6,652,1,0,0,402
1452,7,652,1,0,0,539
1452,8,652,1,0,0,919
1452,9,652,1,0,0,618
1452,10,652,1,1,1,613
1452,11,652,1,1,1,420
1452,12,652,1,1,1,618
1452,13,652,1,1,1,470
1452,14,652,1,1,1,421
1452,15,652,1,1,1,551
1452,16,652,1,1,1,624
1452,17,652,1,1,1,632
1452,18,652,1,1,1,588
1452,19,652,1,1,1,729
1453,0,653,1,0,0,480
1453,1,653,1,0,0,731
1453,2,653,1,0,0,728
1453,3,653,1,0,0,515
1453,4,653,1,0,0,662
1453,5,653,1,0,0,718
1453,6,653,1,0,0,605
1453,7,653,1,0,0,423
1453,8,653,1,0,0,482
1453,9,653,1,0,0,647
1453,10,653,1,1,1,657
1453,11,653,1,1,1,737
1453,12,653,1,1,1,577
1453,13,653,1,1,1,688
1453,14,653,1,1,1,554
1453,15,653,1,1,1,555
1453,16,653,1,1,1,587
1453,17,653,1,1,1,811
1453,18,653,1,1,1,840
1453,19,653,1,1,1,669
1454,0,654,1,0,0,1032
1454,1,654,1,0,0,658
1454,2,654,1,0,0,750
1454,3,654,1,0,0,575
1454,4,654,1,0,0,518
1454,5,654,1,0,0,422
1454,6,654,1,0,0,687
1454,7,654,1,0,0,514
1454,8,654,1,0,0,653
1454,9,654,1,0,0,396
1454,10,654,1,1,1,477
1454,11,654,1,1,1,545
1454,12,654,1,1,1,677
1454,13,654,1,1,1,655
1454,14,654,1,1,1,631
1454,15,654,1,1,1,536
1454,16,654,1,1,1,652
1454,17,654,1,1,1,657
1454,18,654,1,1,1,755
1454,19,654,1,1,1,472
1455,0,655,1,0,0,489
1455,1,655,1,0,0,779
1455,2,655,1,0,0,848
1455,3,655,1,0,0,584
1455,4,655,1,0,0,583
1455,5,655,1,0,0,651
1455,6,655,1,0,0,830
1455,7,655,1,0,0,540
1455,8,655,1,0,0,658
1455,9,655,1,0,0,801
1455,10,655,1,1,1,580
1455,11,655,1,1,1,528
1455,12,655,1,1,1,435
1455,13,655,1,1,1,663
1455,14,655,1,1,1,788
1455,15,655,1,1,1,886
1455,16,655,1,1,1,729
1455,17,655,1,1,1,561
1455,18,655,1,1,1,498
1455,19,655,1,1,1,643
1456,0,656,1,0,0,914
1456,1,656,1,0,0,702
1456,2,656,1,0,0,783
1456,3,656,1,0,0,790
1456,4,656,1,0,0,505
1456,5,656,1,0,0,452
1456,6,656,1,0,0,573
1456,7,656,1,0,0,634
1456,8,656,1,0,0,452
1456,9,656,1,0,0,538
1456,10,656,1,1,1,610
1456,11,656,1,1,1,680
1456,12,656,1,1,1,522
1456,13,656,1,1,1,569
1456,14,656,1,1,1,713
1456,15,656,1,1,1,731
1456,16,656,1,1,1,805
1456,17,656,1,1,1,675
1456,18,656,1,1,1,639
1456,19,656,1,1,1,688
1457,0,657,1,0,0,530
1457,1,657,1,0,0,726
1457,2,657,1,0,0,561
1457,3,657,1,0,0,467
1457,4,657,1,0,0,522
1457,5,657,1,0,0,646
1457,6,657,1,0,0,560
1457,7,657,1,0,0,550
1457,8,657,1,0,0,523
1457,9,657,1,0,0,514
1457,10,657,1,1,1,767
1457,11,657,1,1,1,911
1457,12,657,1,1,1,745
1457,13,657,1,1,1,539
1457,14,657,1,1,1,845
1457,15,657,1,1,1,678
1457,16,657,1,1,1,597
1457,17,657,1,1,1,665
1457,18,657,1,1,1,678
1457,19,657,1,1,1,591
1458,0,658,1,0,0,501
1458,1,658,1,0,0,455
1458,2,658,1,0,0,620
1458,3,658,1,0,0,661
1458,4,658,1,0,0,500
1458,5,658,1,0,0,777
1458,6,658,1,0,0,528
1458,7,658,1,0,0,636
1458,8,658,1,0,0,443
1458,9,658,1,0,0,742
1458,10,658,1,1,1,752
1458,11,658,1,1,1,701
1458,12,658,1,1,1,512
1458,13,658,1,1,1,457
1458,14,658,1,1,1,603
1458,15,658,1,1,1,839
1458,16,658,1,1,1,692
1458,17,658,1,1,1,857
1458,18,658,1,1,1,701
1458,19,658,1,1,1,685
1459,0,659,1,0,0,665
1459,1,659,1,0,0,646
1459,2,659,1,0,0,696
1459,3,659,1,0,0,643
1459,4,659,1,0,0,633
1459,5,659,1,0,0,784
1459,6,659,1,0,0,722
1459,7,659,1,0,0,652
1459,8,659,1,0,0,767
1459,9,659,1,0,0,766
1459,10,659,1,1,1,692
1459,11,659,1,1,1,593
1459,12,659,1,1,1,619
1459,13,659,1,1,1,650
1459,14,659,1,1,1,616
1459,15,659,1,1,1,612
1459,16,659,1,1,1,451
1459,17,659,1,1,1,656
1459,18,659,1,1,1,621
1459,19,659,1,1,1,645
1460,0,660,1,0,0,619
1460,1,660,1,0,0,672
1460,2,660,1,0,0,500
1460,3,660,1,0,0,476
1460,4,660,1,0,0,645
1460,5,660,1,0,0,602
1460,6,660,1,0,0,614
1460,7,660,1,0,0,847
1460,8,660,1,0,0,580
1460,9,660,1,0,0,462
1460,10,660,1,1,1,650
1460,11,660,1,1,1,816
1460,12,660,1,1,1,706
1460,13,660,1,1,1,883
1460,14,660,1,1,1,504
1460,15,660,1,1,1,675
1460,16,660,1,1,1,609
1460,17,660,1,1,1,890
1460,18,660,1,1,1,716
1460,19,660,1,1,1,751
1461,0,661,1,0,0,558
1461,1,661,1,0,0,717
1461,2,661,1,0,0,707
1461,3,661,1,0,0,995
1461,4,661,1,0,0,642
1461,5,661,1,0,0,753
1461,6,661,1,0,0,934
1461,7,661,1,0,0,431
1461,8,661,1,0,0,823
1461,9,661,1,0,0,562
1461,10,661,1,1,1,660
1461,11,661,1,1,1,629
1461,12,661,1,1,1,805
1461,13,661,1,1,1,501
1461,14,661,1,1,1,681
1461,15,661,1,1,1,755
1461,16,661,1,1,1,678
1461,17,661,1,1,1,965
1461,18,661,1,1,1,510
1461,19,661,1,1,1,899
1462,0,662,1,0,0,649
1462,1,662,1,0,0,756
1462,2,662,1,0,0,952
1462,3,662,1,0,0,778
1462,4,662,1,0,0,851
1462,5,662,1,0,0,657
1462,6,662,1,0,0,649
1462,7,662,1,0,0,686
1462,8,662,1,0,0,662
1462,9,662,1,0,0,784
1462,10,662,1,1,1,549
1462,11,662,1,1,1,519
1462,12,662,1,1,1,521
1462,13,662,1,1,1,937
1462,14,662,1,1,1,663
1462,15,662,1,1,1,678
1462,16,662,1,1,1,693
1462,17,662,1,1,1,623
1462,18,662,1,1,1,579
1462,19,662,1,1,1,558
1463,0,663,1,0,0,742
1463,1,663,1,0,0,584
1463,2,663,1,0,0,486
1463,3,663,1,0,0,672
1463,4,663,1,0,0,723
1463,5,663,1,0,0,621
1463,6,663,1,0,0,815
1463,7,663,1,0,0,695
1463,8,663,1,0,0,628
1463,9,663,1,0,0,482
1463,10,663,1,1,1,485
1463,11,663,1,1,1,593
1463,12,663,1,1,1,593
1463,13,663,1,1,1,534
1463,14,663,1,1,1,534
1463,15,663,1,1,1,541
1463,16,663,1,1,1,672
1463,17,663,1,1,1,793
1463,18,663,1,1,1,739
1463,19,663,1,1,1,641
1464,0,664,1,0,0,761
1464,1,664,1,0,0,748
1464,2,664,1,0,0,497
1464,3,664,1,0,0,693
1464,4,664,1,0,0,711
1464,5,664,1,0,0,951
1464,6,664,1,0,0,625
1464,7,664,1,0,0,718
1464,8,664,1,0,0,572
1464,9,664,1,0,0,778
1464,10,664,1,1,1,512
1464,11,664,1,1,1,795
1464,12,664,1,1,1,644
1464,13,664,1,1,1,644
1464,14,664,1,1,1,621
1464,15,664,1,1,1,588
1464,16,664,1,1,1,710
1464,17,664,1,1,1,589
1464,18,664,1,1,1,596
1464,19,664,1,1,1,770
1465,0,665,1,0,0,618
1465,1,665,1,0,0,831
1465,2,665,1,0,0,645
1465,3,665,1,0,0,544
1465,4,665,1,0,0,486
1465,5,665,1,0,0,621
1465,6,665,1,0,0,502
1465,7,665,1,0,0,780
1465,8,665,1,0,0,537
1465,9,665,1,0,0,952
1465,10,665,1,1,1,707
1465,11,665,1,1,1,596
1465,12,665,1,1,1,712
1465,13,665,1,1,1,799
1465,14,665,1,1,1,493
1465,15,665,1,1,1,749
1465,16,665,1,1,1,775
1465,17,665,1,1,1,791
1465,18,665,1,1,1,1055
1465,19,665,1,1,1,759
1466,0,666,1,0,0,737
1466,1,666,1,0,0,913
1466,2,666,1,0,0,709
1466,3,666,1,0,0,595
1466,4,666,1,0,0,692
1466,5,666,1,0,0,658
1466,6,666,1,0,0,596
1466,7,666,1,0,0,1167
1466,8,666,1,0,0,594
1466,9,666,1,0,0,1019
1466,10,666,1,1,1,598
1466,11,666,1,1,1,666
1466,12,666,1,1,1,1138
1466,13,666,1,1,1,768
1466,14,666,1,1,1,663
1466,15,666,1,1,1,713
1466,16,666,1,1,1,715
1466,17,666,1,1,1,589
1466,18,666,1,1,1,566
1466,19,666,1,1,1,749
1467,0,667,1,0,0,638
1467,1,667,1,0,0,707
1467,2,667,1,0,0,815
1467,3,667,1,0,0,782
1467,4,667,1,0,0,482
1467,5,667,1,0,0,638
1467,6,667,1,0,0,594
1467,7,667,1,0,0,829
1467,8,667,1,0,0,965
1467,9,667,1,0,0,478
1467,10,667,1,1,1,852
1467,11,667,1,1,1,657
1467,12,667,1,1,1,559
1467,13,667,1,1,1,809
1467,14,667,1,1,1,640
1467,15,667,1,1,1,556
1467,16,667,1,1,1,767
1467,17,667,1,1,1,886
1467,18,667,1,1,1,543
1467,19,667,1,1,1,768
1468,0,668,1,0,0,510
1468,1,668,1,0,0,633
1468,2,668,1,0,0,477
1468,3,668,1,0,0,650
1468,4,668,1,0,0,469
1468,5,668,1,0,0,612
1468,6,668,1,0,0,816
1468,7,668,1,0,0,455
1468,8,668,1,0,0,802
1468,9,668,1,0,0,604
1468,10,668,1,1,1,852
1468,11,668,1,1,1,697
1468,12,668,1,1,1,772
1468,13,668,1,1,1,866
1468,14,668,1,1,1,578
1468,15,668,1,1,1,843
1468,16,668,1,1,1,746
1468,17,668,1,1,1,721
1468,18,668,1,1,1,798
1468,19,668,1,1,1,687
1469,0,669,1,0,0,830
1469,1,669,1,0,0,668
1469,2,669,1,0,0,632
1469,3,669,1,0,0,875
1469,4,669,1,0,0,768
1469,5,669,1,0,0,751
1469,6,669,1,0,0,674
1469,7,669,1,0,0,841
1469,8,669,1,0,0,778
1469,9,669,1,0,0,748
1469,10,669,1,1,1,693
1469,11,669,1,1,1,597
1469,12,669,1,1,1,891
1469,13,669,1,1,1,847
1469,14,669,1,1,1,762
1469,15,669,1,1,1,523
1469,16,669,1,1,1,474
1469,17,669,1,1,1,555
1469,18,669,1,1,1,565
1469,19,669,1,1,1,660
1470,0,670,1,0,0,791
1470,1,670,1,0,0,475
1470,2,670,1,0,0,578
1470,3,670,1,0,0,627
1470,4,670,1,0,0,799
1470,5,670,1,0,0,621
1470,6,670,1,0,0,760
1470,7,670,1,0,0,608
1470,8,670,1,0,0,700
1470,9,670,1,0,0,717
1470,10,670,1,1,1,656
1470,11,670,1,1,1,863
1470,12,670,1,1,1,549
1470,13,670,1,1,1,582
1470,14,670,1,1,1,881
1470,15,670,1,1,1,1088
1470,16,670,1,1,1,557
1470,17,670,1,1,1,763
1470,18,670,1,1,1,709
1470,19,670,1,1,1,596
1471,0,671,1,0,0,1037
1471,1,671,1,0,0,820
1471,2,671,1,0,0,642
1471,3,671,1,0,0,1096
1471,4,671,1,0,0,623
1471,5,671,1,0,0,552
1471,6,671,1,0,0,731
1471,7,671,1,0,0,665
1471,8,671,1,0,0,858
1471,9,671,1,0,0,484
1471,10,671,1,1,1,747
1471,11,671,1,1,1,916
1471,12,671,1,1,1,1015
1471,13,671,1,1,1,682
1471,14,671,1,1,1,685
1471,15,671,1,1,1,920
1471,16,671,1,1,1,714
1471,17,671,1,1,1,768
1471,18,671,1,1,1,564
1471,19,671,1,1,1,792
1472,0,672,1,0,0,787
1472,1,672,1,0,0,753
1472,2,672,1,0,0,763
1472,3,672,1,0,0,770
1472,4,672,1,0,0,752
1472,5,672,1,0,0,493
1472,6,672,1,0,0,692
1472,7,672,1,0,0,529
1472,8,672,1,0,0,508
1472,9,672,1,0,0,671
1472,10,672,1,1,1,819
1472,11,672,1,1,1,531
1472,12,672,1,1,1,781
1472,13,672,1,1,1,601
1472,14,672,1,1,1,720
1472,15,672,1,1,1,744
1472,16,672,1,1,1,702
1472,17,672,1,1,1,966
1472,18,672,1,1,1,650
1472,19,672,1,1,1,1067
1473,0,673,1,0,0,1256
1473,1,673,1,0,0,576
1473,2,673,1,0,0,744
1473,3,673,1,0,0,763
1473,4,673,1,0,0,671
1473,5,673,1,0,0,766
1473,6,673,1,0,0,866
1473,7,673,1,0,0,871
1473,8,673,1,0,0,807
1473,9,673,1,0,0,682
1473,10,673,1,1,1,738
1473,11,673,1,1,1,806
1473,12,673,1,1,1,579
1473,13,673,1,1,1,840
1473,14,673,1,1,1,672
1473,15,673,1,1,1,663
1473,16,673,1,1,1,1013
1473,17,673,1,1,1,829
1473,18,673,1,1,1,651
1473,19,673,1,1,1,959
1474,0,674,1,0,0,829
1474,1,674,1,0,0,725
1474,2,674,1,0,0,758
1474,3,674,1,0,0,906
1474,4,674,1,0,0,993
1474,5,674,1,0,0,726
1474,6,674,1,0,0,963
1474,7,674,1,0,0,636
1474,8,674,1,0,0,656
1474,9,674,1,0,0,902
1474,10,674,1,1,1,885
1474,11,674,1,1,1,632
1474,12,674,1,1,1,966
1474,13,674,1,1,1,649
1474,14,674,1,1,1,726
1474,15,674,1,1,1,607
1474,16,674,1,1,1,785
1474,17,674,1,1,1,604
1474,18,674,1,1,1,735
1474,19,674,1,1,1,711
1475,0,675,1,0,0,773
1475,1,675,1,0,0,687
1475,2,675,1,0,0,565
1475,3,675,1,0,0,1086
1475,4,675,1,0,0,897
1475,5,675,1,0,0,745
1475,6,675,1,0,0,790
1475,7,675,1,0,0,779
1475,8,675,1,0,0,967
1475,9,675,1,0,0,886
1475,10,675,1,1,1,510
1475,11,675,1,1,1,900
1475,12,675,1,1,1,914
1475,13,675,1,1,1,793
1475,14,675,1,1,1,728
1475,15,675,1,1,1,1090
1475,16,675,1,1,1,962
1475,17,675,1,1,1,848
1475,18,675,1,1,1,682
1475,19,675,1,1,1,832
1476,0,676,1,0,0,782
1476,1,676,1,0,0,553
1476,2,676,1,0,0,950
1476,3,676,1,0,0,741
1476,4,676,1,0,0,749
1476,5,676,1,0,0,554
1476,6,676,1,0,0,734
1476,7,676,1,0,0,761
1476,8,676,1,0,0,936
1476,9,676,1,0,0,754
1476,10,676,1,1,1,885
1476,11,676,1,1,1,777
1476,12,676,1,1,1,655
1476,13,676,1,1,1,671
1476,14,676,1,1,1,925
1476,15,676,1,1,1,929
1476,16,676,1,1,1,813
1476,17,676,1,1,1,587
1476,18,676,1,1,1,751
1476,19,676,1,1,1,965
1477,0,677,1,0,0,1040
1477,1,677,1,0,0,884
1477,2,677,1,0,0,786
1477,3,677,1,0,0,720
1477,4,677,1,0,0,583
1477,5,677,1,0,0,842
1477,6,677,1,0,0,910
1477,7,677,1,0,0,1019
1477,8,677,1,0,0,781
1477,9,677,1,0,0,845
1477,10,677,1,1,1,818
1477,11,677,1,1,1,902
1477,12,677,1,1,1,755
1477,13,677,1,1,1,784
1477,14,677,1,1,1,837
1477,15,677,1,1,1,736
1477,16,677,1,1,1,1006
1477,17,677,1,1,1,814
1477,18,677,1,1,1,685
1477,19,677,1,1,1,654
1478,0,678,1,0,0,819
1478,1,678,1,0,0,617
1478,2,678,1,0,0,698
1478,3,678,1,0,0,766
1478,4,678,1,0,0,829
1478,5,678,1,0,0,896
1478,6,678,1,0,0,869
1478,7,678,1,0,0,711
1478,8,678,1,0,0,1297
1478,9,678,1,0,0,1180
1478,10,678,1,1,1,1261
1478,11,678,1,1,1,708
1478,12,678,1,1,1,883
1478,13,678,1,1,1,1050
1478,14,678,1,1,1,663
1478,15,678,1,1,1,906
1478,16,678,1,1,1,650
1478,17,678,1,1,1,1001
1478,18,678,1,1,1,863
1478,19,678,1,1,1,746
1479,0,679,1,0,0,1057
1479,1,679,1,0,0,543
1479,2,679,1,0,0,1069
1479,3,679,1,0,0,1094
1479,4,679,1,0,0,696
1479,5,679,1,0,0,1447
1479,6,679,1,0,0,898
1479,7,679,1,0,0,705
1479,8,679,1,0,0,832
1479,9,679,1,0,0,1034
1479,10,679,1,1,1,757
1479,11,679,1,1,1,663
1479,12,679,1,1,1,838
1479,13,679,1,1,1,842
1479,14,679,1,1,1,939
1479,15,679,1,1,1,788
1479,16,679,1,1,1,700
1479,17,679,1,1,1,726
1479,18,679,1,1,1,852
1479,19,679,1,1,1,867
1480,0,680,1,0,0,758
1480,1,680,1,0,0,513
1480,2,680,1,0,0,664
1480,3,680,1,0,0,652
1480,4,680,1,0,0,689
1480,5,680,1,0,0,952
1480,6,680,1,0,0,781
1480,7,680,1,0,0,1189
1480,8,680,1,0,0,790
1480,9,680,1,0,0,656
1480,10,680,1,1,1,993
1480,11,680,1,1,1,793
1480,12,680,1,1,1,841
1480,13,680,1,1,1,783
1480,14,680,1,1,1,717
1480,15,680,1,1,1,934
1480,16,680,1,1,1,727
1480,17,680,1,1,1,859
1480,18,680,1,1,1,701
1480,19,680,1,1,1,869
1481,0,681,1,0,0,651
1481,1,681,1,0,0,839
1481,2,681,1,0,0,738
1481,3,681,1,0,0,764
1481,4,681,1,0,0,986
1481,5,681,1,0,0,621
1481,6,681,1,0,0,986
1481,7,681,1,0,0,628
1481,8,681,1,0,0,776
1481,9,681,1,0,0,788
1481,10,681,1,1,1,985
1481,11,681,1,1,1,802
1481,12,681,1,1,1,824
1481,13,681,1,1,1,681
1481,14,681,1,1,1,617
1481,15,681,1,1,1,965
1481,16,681,1,1,1,642
1481,17,681,1,1,1,905
1481,18,681,1,1,1,744
1481,19,681,1,1,1,804
1482,0,682,1,0,0,1620
1482,1,682,1,0,0,908
1482,2,682,1,0,0,537
1482,3,682,1,0,0,1300
1482,4,682,1,0,0,836
1482,5,682,1,0,0,1018
1482,6,682,1,0,0,1013
1482,7,682,1,0,0,693
1482,8,682,1,0,0,625
1482,9,682,1,0,0,935
1482,10,682,1,1,1,587
1482,11,682,1,1,1,718
1482,12,682,1,1,1,781
1482,13,682,1,1,1,976
1482,14,682,1,1,1,685
1482,15,682,1,1,1,660
1482,16,682,1,1,1,1018
1482,17,682,1,1,1,640
1482,18,682,1,1,1,613
1482,19,682,1,1,1,871
1483,0,683,1,0,0,592
1483,1,683,1,0,0,766
1483,2,683,1,0,0,701
1483,3,683,1,0,0,881
1483,4,683,1,0,0,1119
1483,5,683,1,0,0,733
1483,6,683,1,0,0,834
1483,7,683,1,0,0,768
1483,8,683,1,0,0,1149
1483,9,683,1,0,0,611
1483,10,683,1,1,1,779
1483,11,683,1,1,1,891
1483,12,683,1,1,1,706
1483,13,683,1,1,1,611
1483,14,683,1,1,1,998
1483,15,683,1,1,1,793
1483,16,683,1,1,1,696
1483,17,683,1,1,1,781
1483,18,683,1,1,1,691
1483,19,683,1,1,1,773
1484,0,684,1,0,0,767
1484,1,684,1,0,0,928
1484,2,684,1,0,0,1207
1484,3,684,1,0,0,800
1484,4,684,1,0,0,779
1484,5,684,1,0,0,1068
1484,6,684,1,0,0,829
1484,7,684,1,0,0,762
1484,8,684,1,0,0,879
1484,9,684,1,0,0,851
1484,10,684,1,1,1,967
1484,11,684,1,1,1,784
1484,12,684,1,1,1,807
1484,13,684,1,1,1,888
1484,14,684,1,1,1,956
1484,15,684,1,1,1,818
1484,16,684,1,1,1,1160
1484,17,684,1,1,1,865
1484,18,684,1,1,1,818
1484,19,684,1,1,1,1000
1485,0,685,1,0,0,784
1485,1,685,1,0,0,882
1485,2,685,1,0,0,576
1485,3,685,1,0,0,958
1485,4,685,1,0,0,716
1485,5,685,1,0,0,742
1485,6,685,1,0,0,728
1485,7,685,1,0,0,663
1485,8,685,1,0,0,878
1485,9,685,1,0,0,995
1485,10,685,1,1,1,781
1485,11,685,1,1,1,646
1485,12,685,1,1,1,694
1485,13,685,1,1,1,802
1485,14,685,1,1,1,694
1485,15,685,1,1,1,976
1485,16,685,1,1,1,798
1485,17,685,1,1,1,684
1485,18,685,1,1,1,660
1485,19,685,1,1,1,746
1486,0,686,1,0,0,904
1486,1,686,1,0,0,894
1486,2,686,1,0,0,811
1486,3,686,1,0,0,684
1486,4,686,1,0,0,863
1486,5,686,1,0,0,969
1486,6,686,1,0,0,699
1486,7,686,1,0,0,983
1486,8,686,1,0,0,727
1486,9,686,1,0,0,884
1486,10,686,1,1,1,833
1486,11,686,1,1,1,1018
1486,12,686,1,1,1,1003
1486,13,686,1,1,1,804
1486,14,686,1,1,1,952
1486,15,686,1,1,1,1030
1486,16,686,1,1,1,921
1486,17,686,1,1,1,915
1486,18,686,1,1,1,1036
1486,19,686,1,1,1,794
1487,0,687,1,0,0,755
1487,1,687,1,0,0,703
1487,2,687,1,0,0,1197
1487,3,687,1,0,0,947
1487,4,687,1,0,0,973
1487,5,687,1,0,0,904
1487,6,687,1,0,0,601
1487,7,687,1,0,0,998
1487,8,687,1,0,0,910
1487,9,687,1,0,0,736
1487,10,687,1,1,1,633
1487,11,687,1,1,1,901
1487,12,687,1,1,1,710
1487,13,687,1,1,1,786
1487,14,687,1,1,1,749
1487,15,687,1,1,1,814
1487,16,687,1,1,1,906
1487,17,687,1,1,1,1057
1487,18,687,1,1,1,919
1487,19,687,1,1,1,803
1488,0,688,1,0,0,1251
1488,1,688,1,0,0,1095
1488,2,688,1,0,0,920
1488,3,688,1,0,0,998
1488,4,688,1,0,0,464
1488,5,688,1,0,0,846
1488,6,688,1,0,0,947
1488,7,688,1,0,0,945
1488,8,688,1,0,0,1079
1488,9,688,1,0,0,815
1488,10,688,1,1,1,1201
1488,11,688,1,1,1,906
1488,12,688,1,1,1,745
1488,13,688,1,1,1,890
1488,14,688,1,1,1,764
1488,15,688,1,1,1,936
1488,16,688,1,1,1,966
1488,17,688,1,1,1,1151
1488,18,688,1,1,1,841
1488,19,688,1,1,1,941
1489,0,689,1,0,0,1206
1489,1,689,1,0,0,821
1489,2,689,1,0,0,765
1489,3,689,1,0,0,968
1489,4,689,1,0,0,1103
1489,5,689,1,0,0,841
1489,6,689,1,0,0,740
1489,7,689,1,0,0,863
1489,8,689,1,0,0,814
1489,9,689,1,0,0,975
1489,10,689,1,1,1,749
1489,11,689,1,1,1,996
1489,12,689,1,1,1,725
1489,13,689,1,1,1,1036
1489,14,689,1,1,1,1024
1489,15,689,1,1,1,590
1489,16,689,1,1,1,991
1489,17,689,1,1,1,1153
1489,18,689,1,1,1,930
1489,19,689,1,1,1,894
1490,0,690,1,0,0,792
1490,1,690,1,0,0,812
1490,2,690,1,0,0,882
1490,3,690,1,0,0,949
1490,4,690,1,0,0,951
1490,5,690,1,0,0,1049
1490,6,690,1,0,0,746
1490,7,690,1,0,0,793
1490,8,690,1,0,0,1419
1490,9,690,1,0,0,799
1490,10,690,1,1,1,971
1490,11,690,1,1,1,938
1490,12,690,1,1,1,1311
1490,13,690,1,1,1,807
1490,14,690,1,1,1,643
1490,15,690,1,1,1,920
1490,16,690,1,1,1,1071
1490,17,690,1,1,1,763
1490,18,690,1,1,1,857
1490,19,690,1,1,1,1079
1491,0,691,1,0,0,956
1491,1,691,1,0,0,924
1491,2,691,1,0,0,843
1491,3,691,1,0,0,1018
1491,4,691,1,0,0,812
1491,5,691,1,0,0,877
1491,6,691,1,0,0,747
1491,7,691,1,0,0,746
1491,8,691,1,0,0,954
1491,9,691,1,0,0,788
1491,10,691,1,1,1,712
1491,11,691,1,1,1,726
1491,12,691,1,1,1,779
1491,13,691,1,1,1,806
1491,14,691,1,1,1,827
1491,15,691,1,1,1,902
1491,16,691,1,1,1,1315
1491,17,691,1,1,1,724
1491,18,691,1,1,1,696
1491,19,691,1,1,1,1014
1492,0,692,1,0,0,776
1492,1,692,1,0,0,967
1492,2,692,1,0,0,777
1492,3,692,1,0,0,1060
1492,4,692,1,0,0,886
1492,5,692,1,0,0,694
1492,6,692,1,0,0,1040
1492,7,692,1,0,0,1557
1492,8,692,1,0,0,1004
1492,9,692,1,0,0,760
1492,10,692,1,1,1,829
1492,11,692,1,1,1,509
1492,12,692,1,1,1,826
1492,13,692,1,1,1,795
1492,14,692,1,1,1,918
1492,15,692,1,1,1,1108
1492,16,692,1,1,1,1132
1492,17,692,1,1,1,1102
1492,18,692,1,1,1,807
1492,19,692,1,1,1,1031
1493,0,693,1,0,0,922
1493,1,693,1,0,0,801
1493,2,693,1,0,0,905
1493,3,693,1,0,0,1323
1493,4,693,1,0,0,935
1493,5,693,1,0,0,995
1493,6,693,1,0,0,915
1493,7,693,1,0,0,935
1493,8,693,1,0,0,755
1493,9,693,1,0,0,973
1493,10,693,1,1,1,991
1493,11,693,1,1,1,882
1493,12,693,1,1,1,814
1493,13,693,1,1,1,927
1493,14,693,1,1,1,744
1493,15,693,1,1,1,925
1493,16,693,1,1,1,799
1493,17,693,1,1,1,908
1493,18,693,1,1,1,752
1493,19,693,1,1,1,1216
1494,0,694,1,0,0,1089
1494,1,694,1,0,0,770
1494,2,694,1,0,0,1575
1494,3,694,1,0,0,798
1494,4,694,1,0,0,867
1494,5,694,1,0,0,1054
1494,6,694,1,0,0,1094
1494,7,694,1,0,0,814
1494,8,694,1,0,0,838
1494,9,694,1,0,0,975
1494,10,694,1,1,1,842
1494,11,694,1,1,1,1121
1494,12,694,1,1,1,975
1494,13,694,1,1,1,744
1494,14,694,1,1,1,823
1494,15,694,1,1,1,825
1494,16,694,1,1,1,939
1494,17,694,1,1,1,716
1494,18,694,1,1,1,916
1494,19,694,1,1,1,1023
1495,0,695,1,0,0,760
1495,1,695,1,0,0,868
1495,2,695,1,0,0,867
1495,3,695,1,0,0,768
1495,4,695,1,0,0,1140
1495,5,695,1,0,0,950
1495,6,695,1,0,0,1271
1495,7,695,1,0,0,915
1495,8,695,1,0,0,693
1495,9,695,1,0,0,929
1495,10,695,1,1,1,839
1495,11,695,1,1,1,963
1495,12,695,1,1,1,852
1495,13,695,1,1,1,1525
1495,14,695,1,1,1,1111
1495,15,695,1,1,1,724
1495,16,695,1,1,1,1174
1495,17,695,1,1,1,1223
1495,18,695,1,1,1,856
1495,19,695,1,1,1,836
1496,0,696,1,0,0,959
1496,1,696,1,0,0,1237
1496,2,696,1,0,0,792
1496,3,696,1,0,0,941
1496,4,696,1,0,0,813
1496,5,696,1,0,0,576
1496,6,696,1,0,0,1650
1496,7,696,1,0,0,1345
1496,8,696,1,0,0,890
1496,9,696,1,0,0,825
1496,10,696,1,1,1,756
1496,11,696,1,1,1,1270
1496,12,696,1,1,1,1476
1496,13,696,1,1,1,1121
1496,14,696,1,1,1,1103
1496,15,696,1,1,1,1148
1496,16,696,1,1,1,782
1496,17,696,1,1,1,1233
1496,18,696,1,1,1,1201
1496,19,696,1,1,1,1071
1497,0,697,1,0,0,1028
1497,1,697,1,0,0,1203
1497,2,697,1,0,0,848
1497,3,697,1,0,0,885
1497,4,697,1,0,0,881
1497,5,697,1,0,0,1075
1497,6,697,1,0,0,1325
1497,7,697,1,0,0,1181
1497,8,697,1,0,0,907
1497,9,697,1,0,0,1336
1497,10,697,1,1,1,988
1497,11,697,1,1,1,1177
1497,12,697,1,1,1,967
1497,13,697,1,1,1,801
1497,14,697,1,1,1,1035
1497,15,697,1,1,1,1132
1497,16,697,1,1,1,1213
1497,17,697,1,1,1,889
1497,18,697,1,1,1,963
1497,19,697,1,1,1,1157
1498,0,698,1,0,0,1220
1498,1,698,1,0,0,1061
1498,2,698,1,0,0,1239
1498,3,698,1,0,0,994
1498,4,698,1,0,0,1082
1498,5,698,1,0,0,1052
1498,6,698,1,0,0,1039
1498,7,698,1,0,0,828
1498,8,698,1,0,0,873
1498,9,698,1,0,0,1203
1498,10,698,1,1,1,956
1498,11,698,1,1,1,953
1498,12,698,1,1,1,1092
1498,13,698,1,1,1,1031
1498,14,698,1,1,1,889
1498,15,698,1,1,1,723
1498,16,698,1,1,1,954
1498,17,698,1,1,1,855
1498,18,698,1,1,1,1110
1498,19,698,1,1,1,1121
1499,0,699,1,0,0,882
1499,1,699,1,0,0,991
1499,2,699,1,0,0,993
1499,3,699,1,0,0,964
1499,4,699,1,0,0,1180
1499,5,699,1,0,0,974
1499,6,699,1,0,0,1052
1499,7,699,1,0,0,848
1499,8,699,1,0,0,981
1499,9,699,1,0,0,841
1499,10,699,1,1,1,895
1499,11,699,1,1,1,888
1499,12,699,1,1,1,616
1499,13,699,1,1,1,1015
1499,14,699,1,1,1,1171
1499,15,699,1,1,1,1131
1499,16,699,1,1,1,1175
1499,17,699,1,1,1,978
1499,18,699,1,1,1,825
1499,19,699,1,1,1,979
1500,0,700,1,0,0,863
1500,1,700,1,0,0,1254
1500,2,700,1,0,0,1286
1500,3,700,1,0,0,1214
1500,4,700,1,0,0,1127
1500,5,700,1,0,0,1421
1500,6,700,1,0,0,1147
1500,7,700,1,0,0,830
1500,8,700,1,0,0,780
1500,9,700,1,0,0,1074
1500,10,700,1,1,1,736
1500,11,700,1,1,1,1070
1500,12,700,1,1,1,970
1500,13,700,1,1,1,962
1500,14,700,1,1,1,966
1500,15,700,1,1,1,914
1500,16,700,1,1,1,1225
1500,17,700,1,1,1,813
1500,18,700,1,1,1,772
1500,19,700,1,1,1,1031
1501,0,701,1,0,0,960
1501,1,701,1,0,0,1230
1501,2,701,1,0,0,870
1501,3,701,1,0,0,1216
1501,4,701,1,0,0,837
1501,5,701,1,0,0,1211
1501,6,701,1,0,0,1008
1501,7,701,1,0,0,1222
1501,8,701,1,0,0,1109
1501,9,701,1,0,0,1104
1501,10,701,1,1,1,722
1501,11,701,1,1,1,928
1501,12,701,1,1,1,1163
1501,13,701,1,1,1,947
1501,14,701,1,1,1,1243
1501,15,701,1,1,1,1080
1501,16,701,1,1,1,1076
1501,17,701,1,1,1,1014
1501,18,701,1,1,1,921
1501,19,701,1,1,1,980
1502,0,702,1,0,0,949
1502,1,702,1,0,0,1054
1502,2,702,1,0,0,871
1502,3,702,1,0,0,848
1502,4,702,1,0,0,1184
1502,5,702,1,0,0,955
1502,6,702,1,0,0,881
1502,7,702,1,0,0,969
1502,8,702,1,0,0,1142
1502,9,702,1,0,0,1188
1502,10,702,1,1,1,750
1502,11,702,1,1,1,1010
1502,12,702,1,1,1,1137
1502,13,702,1,1,1,929
1502,14,702,1,1,1,914
1502,15,702,1,1,1,994
1502,16,702,1,1,1,860
1502,17,702,1,1,1,1131
1502,18,702,1,1,1,1147
1502,19,702,1,1,1,940
1503,0,703,1,0,0,1026
1503,1,703,1,0,0,1380
1503,2,703,1,0,0,1558
1503,3,703,1,0,0,1270
1503,4,703,1,0,0,1065
1503,5,703,1,0,0,1213
1503,6,703,1,0,0,1225
1503,7,703,1,0,0,977
1503,8,703,1,0,0,1154
1503,9,703,1,0,0,858
1503,10,703,1,1,1,957
1503,11,703,1,1,1,861
1503,12,703,1,1,1,1302
1503,13,703,1,1,1,927
1503,14,703,1,1,1,1133
1503,15,703,1,1,1,1500
1503,16,703,1,1,1,1211
1503,17,703,1,1,1,939
1503,18,703,1,1,1,1112
1503,19,703,1,1,1,785
1504,0,704,1,0,0,790
1504,1,704,1,0,0,1099
1504,2,704,1,0,0,1227
1504,3,704,1,0,0,1230
1504,4,704,1,0,0,1064
1504,5,704,1,0,0,690
1504,6,704,1,0,0,1098
1504,7,704,1,0,0,931
1504,8,704,1,0,0,1120
1504,9,704,1,0,0,1118
1504,10,704,1,1,1,980
1504,11,704,1,1,1,1420
1504,12,704,1,1,1,1095
1504,13,704,1,1,1,889
1504,14,704,1,1,1,833
1504,15,704,1,1,1,875
1504,16,704,1,1,1,1128
1504,17,704,1,1,1,1021
1504,18,704,1,1,1,761
1504,19,704,1,1,1,1093
1505,0,705,1,0,0,939
1505,1,705,1,0,0,915
1505,2,705,1,0,0,1217
1505,3,705,1,0,0,1269
1505,4,705,1,0,0,1083
1505,5,705,1,0,0,1376
1505,6,705,1,0,0,1270
1505,7,705,1,0,0,952
1505,8,705,1,0,0,1007
1505,9,705,1,0,0,805
1505,10,705,1,1,1,1492
1505,11,705,1,1,1,1281
1505,12,705,1,1,1,926
1505,13,705,1,1,1,1290
1505,14,705,1,1,1,1401
1505,15,705,1,1,1,1339
1505,16,705,1,1,1,1194
1505,17,705,1,1,1,901
1505,18,705,1,1,1,1012
1505,19,705,1,1,1,1090
1506,0,706,1,0,0,1439
1506,1,706,1,0,0,915
1506,2,706,1,0,0,925
1506,3,706,1,0,0,1017
1506,4,706,1,0,0,1320
1506,5,706,1,0,0,1277
1506,6,706,1,0,0,1067
1506,7,706,1,0,0,1226
1506,8,706,1,0,0,1055
1506,9,706,1,0,0,1024
1506,10,706,1,1,1,1063
1506,11,706,1,1,1,1070
1506,12,706,1,1,1,1283
1506,13,706,1,1,1,827
1506,14,706,1,1,1,1266
1506,15,706,1,1,1,942
1506,16,706,1,1,1,916
1506,17,706,1,1,1,1398
1506,18,706,1,1,1,1051
1506,19,706,1,1,1,805
1507,0,707,1,0,0,1092
1507,1,707,1,0,0,1379
1507,2,707,1,0,0,1098
1507,3,707,1,0,0,1159
1507,4,707,1,0,0,843
1507,5,707,1,0,0,1008
1507,6,707,1,0,0,1127
1507,7,707,1,0,0,1330
1507,8,707,1,0,0,925
1507,9,707,1,0,0,1201
1507,10,707,1,1,1,1340
1507,11,707,1,1,1,1386
1507,12,707,1,1,1,1318
1507,13,707,1,1,1,1624
1507,14,707,1,1,1,1188
1507,15,707,1,1,1,967
1507,16,707,1,1,1,1222
1507,17,707,1,1,1,1073
1507,18,707,1,1,1,794
1507,19,707,1,1,1,1512
1508,0,708,1,0,0,1069
1508,1,708,1,0,0,950
1508,2,708,1,0,0,985
1508,3,708,1,0,0,938
1508,4,708,1,0,0,789
1508,5,708,1,0,0,1187
1508,6,708,1,0,0,1068
1508,7,708,1,0,0,1187
1508,8,708,1,0,0,997
1508,9,708,1,0,0,1247
1508,10,708,1,1,1,1076
1508,11,708,1,1,1,1193
1508,12,708,1,1,1,1223
1508,13,708,1,1,1,1019
1508,14,708,1,1,1,706
1508,15,708,1,1,1,975
1508,16,708,1,1,1,1033
1508,17,708,1,1,1,1072
1508,18,708,1,1,1,880
1508,19,708,1,1,1,987
1509,0,709,1,0,0,1353
1509,1,709,1,0,0,1430
1509,2,709,1,0,0,1019
1509,3,709,1,0,0,1102
1509,4,709,1,0,0,1345
1509,5,709,1,0,0,731
1509,6,709,1,0,0,1332
1509,7,709,1,0,0,1486
1509,8,709,1,0,0,1217
1509,9,709,1,0,0,1042
1509,10,709,1,1,1,1181
1509,11,709,1,1,1,1400
1509,12,709,1,1,1,1092
1509,13,709,1,1,1,1288
1509,14,709,1,1,1,1049
1509,15,709,1,1,1,870
1509,16,709,1,1,1,1238
1509,17,709,1,1,1,1086
1509,18,709,1,1,1,971
1509,19,709,1,1,1,893
1510,0,710,1,0,0,1244
1510,1,710,1,0,0,1409
1510,2,710,1,0,0,1105
1510,3,710,1,0,0,1096
1510,4,710,1,0,0,974
1510,5,710,1,0,0,1423
1510,6,710,1,0,0,1220
1510,7,710,1,0,0,903
1510,8,710,1,0,0,1447
1510,9,710,1,0,0,1119
1510,10,710,1,1,1,1447
1510,11,710,1,1,1,1139
1510,12,710,1,1,1,1583
1510,13,710,1,1,1,1249
1510,14,710,1,1,1,1095
1510,15,710,1,1,1,1060
1510,16,710,1,1,1,1064
1510,17,710,1,1,1,983
1510,18,710,1,1,1,1221
1510,19,710,1,1,1,1977
1511,0,711,1,0,0,1304
1511,1,711,1,0,0,861
1511,2,711,1,0,0,1037
1511,3,711,1,0,0,1232
1511,4,711,1,0,0,1294
1511,5,711,1,0,0,1521
1511,6,711,1,0,0,1051
1511,7,711,1,0,0,1428
1511,8,711,1,0,0,1115
1511,9,711,1,0,0,1439
1511,10,711,1,1,1,1241
1511,11,711,1,1,1,1134
1511,12,711,1,1,1,1451
1511,13,711,1,1,1,1260
1511,14,711,1,1,1,1133
1511,15,711,1,1,1,1214
1511,16,711,1,1,1,1019
1511,17,711,1,1,1,995
1511,18,711,1,1,1,1168
1511,19,711,1,1,1,1027
1512,0,712,1,0,0,1392
1512,1,712,1,0,0,1216
1512,2,712,1,0,0,1044
1512,3,712,1,0,0,1441
1512,4,712,1,0,0,1330
1512,5,712,1,0,0,1441
1512,6,712,1,0,0,1362
1512,7,712,1,0,0,1075
1512,8,712,1,0,0,1040
1512,9,712,1,0,0,877
1512,10,712,1,1,1,971
1512,11,712,1,1,1,1136
1512,12,712,1,1,1,1109
1512,13,712,1,1,1,1136
1512,14,712,1,1,1,1222
1512,15,712,1,1,1,1240
1512,16,712,1,1,1,1337
1512,17,712,1,1,1,1203
1512,18,712,1,1,1,1361
1512,19,712,1,1,1,1333
1513,0,713,1,0,0,1471
1513,1,713,1,0,0,1037
1513,2,713,1,0,0,1272
1513,3,713,1,0,0,1733
1513,4,713,1,0,0,1170
1513,5,713,1,0,0,1102
1513,6,713,1,0,0,1508
1513,7,713,1,0,0,853
1513,8,713,1,0,0,1599
1513,9,713,1,0,0,1447
1513,10,713,1,1,1,1019
1513,11,713,1,1,1,1116
1513,12,713,1,1,1,1244
1513,13,713,1,1,1,957
1513,14,713,1,1,1,1296
1513,15,713,1,1,1,1257
1513,16,713,1,1,1,1090
1513,17,713,1,1,1,1161
1513,18,713,1,1,1,1036
1513,19,713,1,1,1,1061
1514,0,714,1,0,0,1144
1514,1,714,1,0,0,1479
1514,2,714,1,0,0,1492
1514,3,714,1,0,0,1062
1514,4,714,1,0,0,1261
1514,5,714,1,0,0,1167
1514,6,714,1,0,0,1971
1514,7,714,1,0,0,1084
1514,8,714,1,0,0,1538
1514,9,714,1,0,0,1409
1514,10,714,1,1,1,1160
1514,11,714,1,1,1,1108
1514,12,714,1,1,1,1572
1514,13,714,1,1,1,1133
1514,14,714,1,1,1,1398
1514,15,714,1,1,1,1892
1514,16,714,1,1,1,1306
1514,17,714,1,1,1,1166
1514,18,714,1,1,1,1213
1514,19,714,1,1,1,1650
1515,0,715,1,0,0,1165
1515,1,715,1,0,0,1060
1515,2,715,1,0,0,975
1515,3,715,1,0,0,1731
1515,4,715,1,0,0,1647
1515,5,715,1,0,0,1263
1515,6,715,1,0,0,1088
1515,7,715,1,0,0,1406
1515,8,715,1,0,0,1075
1515,9,715,1,0,0,1152
1515,10,715,1,1,1,1086
1515,11,715,1,1,1,997
1515,12,715,1,1,1,1116
1515,13,715,1,1,1,1137
1515,14,715,1,1,1,1751
1515,15,715,1,1,1,1469
1515,16,715,1,1,1,1363
1515,17,715,1,1,1,1295
1515,18,715,1,1,1,1452
1515,19,715,1,1,1,1074
1516,0,716,1,0,0,1250
1516,1,716,1,0,0,1153
1516,2,716,1,0,0,938
1516,3,716,1,0,0,1189
1516,4,716,1,0,0,1378
1516,5,716,1,0,0,1118
1516,6,716,1,0,0,1281
1516,7,716,1,0,0,1252
1516,8,716,1,0,0,1088
1516,9,716,1,0,0,947
1516,10,716,1,1,1,1318
1516,11,716,1,1,1,1265
1516,12,716,1,1,1,934
1516,13,716,1,1,1,1114
1516,14,716,1,1,1,1409
1516,15,716,1,1,1,1596
1516,16,716,1,1,1,1697
1516,17,716,1,1,1,1219
1516,18,716,1,1,1,1076
1516,19,716,1,1,1,1792
1517,0,717,1,0,0,1072
1517,1,717,1,0,0,1069
1517,2,717,1,0,0,1192
1517,3,717,1,0,0,1808
1517,4,717,1,0,0,1231
1517,5,717,1,0,0,1412
1517,6,717,1,0,0,1188
1517,7,717,1,0,0,1241
1517,8,717,1,0,0,1488
1517,9,717,1,0,0,1252
1517,10,717,1,1,1,1044
1517,11,717,1,1,1,1380
1517,12,717,1,1,1,1113
1517,13,717,1,1,1,1630
1517,14,717,1,1,1,1305
1517,15,717,1,1,1,926
1517,16,717,1,1,1,1418
1517,17,717,1,1,1,1109
1517,18,717,1,1,1,1440
1517,19,717,1,1,1,1361
1518,0,718,1,0,0,1538
1518,1,718,1,0,0,2059
1518,2,718,1,0,0,942
1518,3,718,1,0,0,1622
1518,4,718,1,0,0,1236
1518,5,718,1,0,0,1171
1518,6,718,1,0,0,1271
1518,7,718,1,0,0,1066
1518,8,718,1,0,0,1460
1518,9,718,1,0,0,1277
1518,10,718,1,1,1,1196
1518,11,718,1,1,1,1220
1518,12,718,1,1,1,1298
1518,13,718,1,1,1,1211
1518,14,718,1,1,1,1488
1518,15,718,1,1,1,1061
1518,16,718,1,1,1,1236
1518,17,718,1,1,1,1200
1518,18,718,1,1,1,1080
1518,19,718,1,1,1,1485
1519,0,719,1,0,0,1205
1519,1,719,1,0,0,1247
1519,2,719,1,0,0,1511
1519,3,719,1,0,0,1436
1519,4,719,1,0,0,883
1519,5,719,1,0,0,1816
1519,6,719,1,0,0,1348
1519,7,719,1,0,0,1157
1519,8,719,1,0,0,1449
1519,9,719,1,0,0,2126
1519,10,719,1,1,1,1000
1519,11,719,1,1,1,1469
1519,12,719,1,1,1,1571
1519,13,719,1,1,1,1200
1519,14,719,1,1,1,1488
1519,15,719,1,1,1,1189
1519,16,719,1,1,1,1292
1519,17,719,1,1,1,1490
1519,18,719,1,1,1,1220
1519,19,719,1,1,1,1172
1520,0,720,1,0,0,1181
1520,1,720,1,0,0,1177
1520,2,720,1,0,0,1141
1520,3,720,1,0,0,1275
1520,4,720,1,0,0,1078
1520,5,720,1,0,0,1311
1520,6,720,1,0,0,1278
1520,7,720,1,0,0,1336
1520,8,720,1,0,0,1036
1520,9,720,1,0,0,1263
1520,10,720,1,1,1,1014
1520,11,720,1,1,1,1412
1520,12,720,1,1,1,1073
1520,13,720,1,1,1,1356
1520,14,720,1,1,1,1624
1520,15,720,1,1,1,1194
1520,16,720,1,1,1,1298
1520,17,720,1,1,1,1182
1520,18,720,1,1,1,1283
1520,19,720,1,1,1,949
1521,0,721,1,0,0,1649
1521,1,721,1,0,0,1112
1521,2,721,1,0,0,1409
1521,3,721,1,0,0,1388
1521,4,721,1,0,0,1694
1521,5,721,1,0,0,1301
1521,6,721,1,0,0,1691
1521,7,721,1,0,0,1533
1521,8,721,1,0,0,1321
1521,9,721,1,0,0,1372
1521,10,721,1,1,1,994
1521,11,721,1,1,1,1208
1521,12,721,1,1,1,1488
1521,13,721,1,1,1,1060
1521,14,721,1,1,1,1158
1521,15,721,1,1,1,1455
1521,16,721,1,1,1,1252
1521,17,721,1,1,1,1299
1521,18,721,1,1,1,975
1521,19,721,1,1,1,1239
1522,0,722,1,0,0,1401
1522,1,722,1,0,0,1251
1522,2,722,1,0,0,1609
1522,3,722,1,0,0,1544
1522,4,722,1,0,0,1008
1522,5,722,1,0,0,1299
1522,6,722,1,0,0,1319
1522,7,722,1,0,0,1110
1522,8,722,1,0,0,1448
1522,9,722,1,0,0,1041
1522,10,722,1,1,1,1347
1522,11,722,1,1,1,1160
1522,12,722,1,1,1,1262
1522,13,722,1,1,1,1085
1522,14,722,1,1,1,1612
1522,15,722,1,1,1,1446
1522,16,722,1,1,1,1074
1522,17,722,1,1,1,1843
1522,18,722,1,1,1,1269
1522,19,722,1,1,1,1600
1523,0,723,1,0,0,1259
1523,1,723,1,0,0,1498
1523,2,723,1,0,0,1238
1523,3,723,1,0,0,1572
1523,4,723,1,0,0,1314
1523,5,723,1,0,0,1432
1523,6,723,1,0,0,1795
1523,7,723,1,0,0,1671
1523,8,723,1,0,0,1710
1523,9,723,1,0,0,1133
1523,10,723,1,1,1,1176
1523,11,723,1,1,1,1324
1523,12,723,1,1,1,1269
1523,13,723,1,1,1,1595
1523,14,723,1,1,1,1387
1523,15,723,1,1,1,1153
1523,16,723,1,1,1,2005
1523,17,723,1,1,1,1310
1523,18,723,1,1,1,1289
1523,19,723,1,1,1,1102
1524,0,724,1,0,0,1363
1524,1,724,1,0,0,1284
1524,2,724,1,0,0,1484
1524,3,724,1,0,0,1567
1524,4,724,1,0,0,1145
1524,5,724,1,0,0,1826
1524,6,724,1,0,0,1177
1524,7,724,1,0,0,1346
1524,8,724,1,0,0,1404
1524,9,724,1,0,0,1389
1524,10,724,1,1,1,1380
1524,11,724,1,1,1,1566
1524,12,724,1,1,1,923
1524,13,724,1,1,1,1602
1524,14,724,1,1,1,1741
1524,15,724,1,1,1,1304
1524,16,724,1,1,1,1446
1524,17,724,1,1,1,1408
1524,18,724,1,1,1,1445
1524,19,724,1,1,1,993
1525,0,725,1,0,0,965
1525,1,725,1,0,0,1236
1525,2,725,1,0,0,1498
1525,3,725,1,0,0,1759
1525,4,725,1,0,0,1467
1525,5,725,1,0,0,1493
1525,6,725,1,0,0,1265
1525,7,725,1,0,0,1069
1525,8,725,1,0,0,1615
1525,9,725,1,0,0,1451
1525,10,725,1,1,1,1473
1525,11,725,1,1,1,1532
1525,12,725,1,1,1,1428
1525,13,725,1,1,1,1620
1525,14,725,1,1,1,1215
1525,15,725,1,1,1,1730
1525,16,725,1,1,1,1233
1525,17,725,1,1,1,1241
1525,18,725,1,1,1,1180
1525,19,725,1,1,1,1500
1526,0,726,1,0,0,1645
1526,1,726,1,0,0,1280
1526,2,726,1,0,0,2110
1526,3,726,1,0,0,1536
1526,4,726,1,0,0,1703
1526,5,726,1,0,0,1112
1526,6,726,1,0,0,1356
1526,7,726,1,0,0,1204
1526,8,726,1,0,0,958
1526,9,726,1,0,0,1536
1526,10,726,1,1,1,1473
1526,11,726,1,1,1,1098
1526,12,726,1,1,1,906
1526,13,726,1,1,1,1484
1526,14,726,1,1,1,1331
1526,15,726,1,1,1,1143
1526,16,726,1,1,1,1331
1526,17,726,1,1,1,1421
1526,18,726,1,1,1,1514
1526,19,726,1,1,1,1250
1527,0,727,1,0,0,2032
1527,1,727,1,0,0,1517
1527,2,727,1,0,0,2410
1527,3,727,1,0,0,1633
1527,4,727,1,0,0,1176
1527,5,727,1,0,0,1389
1527,6,727,1,0,0,1227
1527,7,727,1,0,0,1234
1527,8,727,1,0,0,1421
1527,9,727,1,0,0,1207
1527,10,727,1,1,1,1086
1527,11,727,1,1,1,1219
1527,12,727,1,1,1,1772
1527,13,727,1,1,1,1318
1527,14,727,1,1,1,1304
1527,15,727,1,1,1,1239
1527,16,727,1,1,1,1372
1527,17,727,1,1,1,1264
1527,18,727,1,1,1,1446
1527,19,727,1,1,1,1732
1528,0,728,1,0,0,1972
1528,1,728,1,0,0,1206
1528,2,728,1,0,0,1560
1528,3,728,1,0,0,1090
1528,4,728,1,0,0,1453
1528,5,728,1,0,0,1222
1528,6,728,1,0,0,1471
1528,7,728,1,0,0,1342
1528,8,728,1,0,0,1328
1528,9,728,1,0,0,1113
1528,10,728,1,1,1,1243
1528,11,728,1,1,1,1541
1528,12,728,1,1,1,1452
1528,13,728,1,1,1,1904
1528,14,728,1,1,1,1333
1528,15,728,1,1,1,1793
1528,16,728,1,1,1,1529
1528,17,728,1,1,1,1318
1528,18,728,1,1,1,1826
1528,19,728,1,1,1,962
1529,0,729,1,0,0,1832
1529,1,729,1,0,0,1572
1529,2,729,1,0,0,1508
1529,3,729,1,0,0,1757
1529,4,729,1,0,0,1643
1529,5,729,1,0,0,1779
1529,6,729,1,0,0,1243
1529,7,729,1,0,0,1926
1529,8,729,1,0,0,1473
1529,9,729,1,0,0,1434
1529,10,729,1,1,1,1546
1529,11,729,1,1,1,1391
1529,12,729,1,1,1,1377
1529,13,729,1,1,1,1411
1529,14,729,1,1,1,1487
1529,15,729,1,1,1,1740
1529,16,729,1,1,1,1820
1529,17,729,1,1,1,1567
1529,18,729,1,1,1,1477
1529,19,729,1,1,1,1203
1530,0,730,1,0,0,1687
1530,1,730,1,0,0,1245
1530,2,730,1,0,0,1638
1530,3,730,1,0,0,1530
1530,4,730,1,0,0,1673
1530,5,730,1,0,0,1366
1530,6,730,1,0,0,1746
1530,7,730,1,0,0,1655
1530,8,730,1,0,0,1745
1530,9,730,1,0,0,1420
1530,10,730,1,1,1,1465
1530,11,730,1,1,1,1469
1530,12,730,1,1,1,1546
1530,13,730,1,1,1,1448
1530,14,730,1,1,1,1545
1530,15,730,1,1,1,1701
1530,16,730,1,1,1,1439
1530,17,730,1,1,1,1330
1530,18,730,1,1,1,1872
1530,19,730,1,1,1,1711
1531,0,731,1,0,0,1441
1531,1,731,1,0,0,1478
1531,2,731,1,0,0,2254
1531,3,731,1,0,0,1313
1531,4,731,1,0,0,1355
1531,5,731,1,0,0,1843
1531,6,731,1,0,0,1998
1531,7,731,1,0,0,1571
1531,8,731,1,0,0,1519
1531,9,731,1,0,0,1719
1531,10,731,1,1,1,1246
1531,11,731,1,1,1,1454
1531,12,731,1,1,1,1361
1531,13,731,1,1,1,1794
1531,14,731,1,1,1,1703
1531,15,731,1,1,1,1387
1531,16,731,1,1,1,1244
1531,17,731,1,1,1,1311
1531,18,731,1,1,1,1491
1531,19,731,1,1,1,1294
1532,0,732,1,0,0,1995
1532,1,732,1,0,0,1481
1532,2,732,1,0,0,1378
1532,3,732,1,0,0,1803
1532,4,732,1,0,0,1733
1532,5,732,1,0,0,1078
1532,6,732,1,0,0,1814
1532,7,732,1,0,0,1747
1532,8,732,1,0,0,2077
1532,9,732,1,0,0,1289
1532,10,732,1,1,1,1455
1532,11,732,1,1,1,1381
1532,12,732,1,1,1,1246
1532,13,732,1,1,1,1549
1532,14,732,1,1,1,1446
1532,15,732,1,1,1,1570
1532,16,732,1,1,1,1425
1532,17,732,1,1,1,2003
1532,18,732,1,1,1,1801
1532,19,732,1,1,1,1517
1533,0,733,1,0,0,1540
1533,1,733,1,0,0,1329
1533,2,733,1,0,0,2372
1533,3,733,1,0,0,1894
1533,4,733,1,0,0,1277
1533,5,733,1,0,0,1931
1533,6,733,1,0,0,1571
1533,7,733,1,0,0,1450
1533,8,733,1,0,0,1658
1533,9,733,1,0,0,2210
1533,10,733,1,1,1,1264
1533,11,733,1,1,1,1424
1533,12,733,1,1,1,2033
1533,13,733,1,1,1,1429
1533,14,733,1,1,1,1462
1533,15,733,1,1,1,1298
1533,16,733,1,1,1,1490
1533,17,733,1,1,1,1792
1533,18,733,1,1,1,1624
1533,19,733,1,1,1,1548
1534,0,734,1,0,0,1565
1534,1,734,1,0,0,2026
1534,2,734,1,0,0,1836
1534,3,734,1,0,0,1837
1534,4,734,1,0,0,2141
1534,5,734,1,0,0,1646
1534,6,734,1,0,0,1876
1534,7,734,1,0,0,1617
1534,8,734,1,0,0,1839
1534,9,734,1,0,0,1625
1534,10,734,1,1,1,1561
1534,11,734,1,1,1,1822
1534,12,734,1,1,1,1961
1534,13,734,1,1,1,2009
1534,14,734,1,1,1,1768
1534,15,734,1,1,1,1474
1534,16,734,1,1,1,1539
1534,17,734,1,1,1,1534
1534,18,734,1,1,1,2006
1534,19,734,1,1,1,1692
1535,0,735,1,0,0,1846
1535,1,735,1,0,0,1827
1535,2,735,1,0,0,1809
1535,3,735,1,0,0,1642
1535,4,735,1,0,0,1363
1535,5,735,1,0,0,1881
1535,6,735,1,0,0,1497
1535,7,735,1,0,0,1629
1535,8,735,1,0,0,1664
1535,9,735,1,0,0,1391
1535,10,735,1,1,1,1922
1535,11,735,1,1,1,2269
1535,12,735,1,1,1,1533
1535,13,735,1,1,1,1475
1535,14,735,1,1,1,1719
1535,15,735,1,1,1,1623
1535,16,735,1,1,1,2140
1535,17,735,1,1,1,1572
1535,18,735,1,1,1,1654
1535,19,735,1,1,1,1947
1536,0,736,1,0,0,2087
1536,1,736,1,0,0,2291
1536,2,736,1,0,0,2131
1536,3,736,1,0,0,1796
1536,4,736,1,0,0,1958
1536,5,736,1,0,0,1907
1536,6,736,1,0,0,1995
1536,7,736,1,0,0,1537
1536,8,736,1,0,0,1472
1536,9,736,1,0,0,1875
1536,10,736,1,1,1,1942
1536,11,736,1,1,1,1639
1536,12,736,1,1,1,1525
1536,13,736,1,1,1,1813
1536,14,736,1,1,1,1744
1536,15,736,1,1,1,1637
1536,16,736,1,1,1,1939
1536,17,736,1,1,1,1970
1536,18,736,1,1,1,2399
1536,19,736,1,1,1,1320
1537,0,737,1,0,0,1918
1537,1,737,1,0,0,1627
1537,2,737,1,0,0,1732
1537,3,737,1,0,0,2078
1537,4,737,1,0,0,2068
1537,5,737,1,0,0,2316
1537,6,737,1,0,0,1618
1537,7,737,1,0,0,1643
1537,8,737,1,0,0,1812
1537,9,737,1,0,0,2268
1537,10,737,1,1,1,1327
1537,11,737,1,1,1,1333
1537,12,737,1,1,1,1514
1537,13,737,1,1,1,1627
1537,14,737,1,1,1,1783
1537,15,737,1,1,1,1944
1537,16,737,1,1,1,1236
1537,17,737,1,1,1,1264
1537,18,737,1,1,1,1739
1537,19,737,1,1,1,1601
1538,0,738,1,0,0,1830
1538,1,738,1,0,0,1468
1538,2,738,1,0,0,1510
1538,3,738,1,0,0,1298
1538,4,738,1,0,0,1559
1538,5,738,1,0,0,1801
1538,6,738,1,0,0,2176
1538,7,738,1,0,0,1818
1538,8,738,1,0,0,1383
1538,9,738,1,0,0,1421
1538,10,738,1,1,1,1883
1538,11,738,1,1,1,2019
1538,12,738,1,1,1,1762
1538,13,738,1,1,1,1399
1538,14,738,1,1,1,1886
1538,15,738,1,1,1,1416
1538,16,738,1,1,1,1835
1538,17,738,1,1,1,1682
1538,18,738,1,1,1,2038
1538,19,738,1,1,1,1738
1539,0,739,1,0,0,1468
1539,1,739,1,0,0,2066
1539,2,739,1,0,0,2016
1539,3,739,1,0,0,1800
1539,4,739,1,0,0,2174
1539,5,739,1,0,0,2063
1539,6,739,1,0,0,2112
1539,7,739,1,0,0,1776
1539,8,739,1,0,0,2189
1539,9,739,1,0,0,1789
1539,10,739,1,1,1,1197
1539,11,739,1,1,1,2328
1539,12,739,1,1,1,2429
1539,13,739,1,1,1,1599
1539,14,739,1,1,1,1480
1539,15,739,1,1,1,1637
1539,16,739,1,1,1,1905
1539,17,739,1,1,1,1903
1539,18,739,1,1,1,1466
1539,19,739,1,1,1,1529
1540,0,740,1,0,0,1870
1540,1,740,1,0,0,1837
1540,2,740,1,0,0,1561
1540,3,740,1,0,0,1618
1540,4,740,1,0,0,2642
1540,5,740,1,0,0,1604
1540,6,740,1,0,0,1657
1540,7,740,1,0,0,1554
1540,8,740,1,0,0,2047
1540,9,740,1,0,0,1869
1540,10,740,1,1,1,1965
1540,11,740,1,1,1,2448
1540,12,740,1,1,1,1547
1540,13,740,1,1,1,2128
1540,14,740,1,1,1,1698
1540,15,740,1,1,1,1529
1540,16,740,1,1,1,1608
1540,17,740,1,1,1,1955
1540,18,740,1,1,1,2333
1540,19,740,1,1,1,1547
1541,0,741,1,0,0,2270
1541,1,741,1,0,0,2470
1541,2,741,1,0,0,1434
1541,3,741,1,0,0,2099
1541,4,741,1,0,0,1974
1541,5,741,1,0,0,2330
1541,6,741,1,0,0,1923
1541,7,741,1,0,0,1592
1541,8,741,1,0,0,2390
1541,9,741,1,0,0,1728
1541,10,741,1,1,1,1592
1541,11,741,1,1,1,1994
1541,12,741,1,1,1,1453
1541,13,741,1,1,1,2272
1541,14,741,1,1,1,1812
1541,15,741,1,1,1,1522
1541,16,741,1,1,1,2249
1541,17,741,1,1,1,2156
1541,18,741,1,1,1,1153
1541,19,741,1,1,1,1856
1542,0,742,1,0,0,1551
1542,1,742,1,0,0,1930
1542,2,742,1,0,0,1680
1542,3,742,1,0,0,1484
1542,4,742,1,0,0,1821
1542,5,742,1,0,0,1601
1542,6,742,1,0,0,1798
1542,7,742,1,0,0,2267
1542,8,742,1,0,0,1805
1542,9,742,1,0,0,2184
1542,10,742,1,1,1,1369
1542,11,742,1,1,1,1571
1542,12,742,1,1,1,1063
1542,13,742,1,1,1,1605
1542,14,742,1,1,1,1757
1542,15,742,1,1,1,1851
1542,16,742,1,1,1,1376
1542,17,742,1,1,1,1574
1542,18,742,1,1,1,1372
1542,19,742,1,1,1,2004
1543,0,743,1,0,0,2373
1543,1,743,1,0,0,1965
1543,2,743,1,0,0,2059
1543,3,743,1,0,0,1881
1543,4,743,1,0,0,1796
1543,5,743,1,0,0,1941
1543,6,743,1,0,0,1692
1543,7,743,1,0,0,1758
1543,8,743,1,0,0,2003
1543,9,743,1,0,0,2002
1543,10,743,1,1,1,1773
1543,11,743,1,1,1,1822
1543,12,743,1,1,1,1438
1543,13,743,1,1,1,2045
1543,14,743,1,1,1,1981
1543,15,743,1,1,1,1697
1543,16,743,1,1,1,2300
1543,17,743,1,1,1,1631
1543,18,743,1,1,1,1751
1543,19,743,1,1,1,1666
1544,0,744,1,0,0,2037
1544,1,744,1,0,0,2245
1544,2,744,1,0,0,1804
1544,3,744,1,0,0,2211
1544,4,744,1,0,0,2395
1544,5,744,1,0,0,2298
1544,6,744,1,0,0,1814
1544,7,744,1,0,0,1709
1544,8,744,1,0,0,1845
1544,9,744,1,0,0,2122
1544,10,744,1,1,1,2481
1544,11,744,1,1,1,1821
1544,12,744,1,1,1,1769
1544,13,744,1,1,1,2127
1544,14,744,1,1,1,1984
1544,15,744,1,1,1,2049
1544,16,744,1,1,1,1911
1544,17,744,1,1,1,1718
1544,18,744,1,1,1,1776
1544,19,744,1,1,1,2003
1545,0,745,1,0,0,1697
1545,1,745,1,0,0,2247
1545,2,745,1,0,0,2284
1545,3,745,1,0,0,1489
1545,4,745,1,0,0,2059
1545,5,745,1,0,0,1795
1545,6,745,1,0,0,1393
1545,7,745,1,0,0,1845
1545,8,745,1,0,0,2014
1545,9,745,1,0,0,2668
1545,10,745,1,1,1,1908
1545,11,745,1,1,1,1399
1545,12,745,1,1,1,1960
1545,13,745,1,1,1,1666
1545,14,745,1,1,1,2130
1545,15,745,1,1,1,2198
1545,16,745,1,1,1,1605
1545,17,745,1,1,1,1605
1545,18,745,1,1,1,1676
1545,19,745,1,1,1,2403
1546,0,746,1,0,0,2527
1546,1,746,1,0,0,2159
1546,2,746,1,0,0,2639
1546,3,746,1,0,0,1541
1546,4,746,1,0,0,1995
1546,5,746,1,0,0,2355
1546,6,746,1,0,0,1650
1546,7,746,1,0,0,1969
1546,8,746,1,0,0,2230
1546,9,746,1,0,0,1751
1546,10,746,1,1,1,1820
1546,11,746,1,1,1,1910
1546,12,746,1,1,1,2113
1546,13,746,1,1,1,1916
1546,14,746,1,1,1,1862
1546,15,746,1,1,1,1982
1546,16,746,1,1,1,2318
1546,17,746,1,1,1,2006
1546,18,746,1,1,1,1948
1546,19,746,1,1,1,2210
1547,0,747,1,0,0,2034
1547,1,747,1,0,0,1914
1547,2,747,1,0,0,1952
1547,3,747,1,0,0,2417
1547,4,747,1,0,0,1992
1547,5,747,1,0,0,2450
1547,6,747,1,0,0,1866
1547,7,747,1,0,0,2879
1547,8,747,1,0,0,1916
1547,9,747,1,0,0,2072
1547,10,747,1,1,1,2354
1547,11,747,1,1,1,2318
1547,12,747,1,1,1,1849
1547,13,747,1,1,1,1614
1547,14,747,1,1,1,2545
1547,15,747,1,1,1,2119
1547,16,747,1,1,1,2287
1547,17,747,1,1,1,1921
1547,18,747,1,1,1,1506
1547,19,747,1,1,1,2002
1548,0,748,1,0,0,1999
1548,1,748,1,0,0,2738
1548,2,748,1,0,0,2094
1548,3,748,1,0,0,1662
1548,4,748,1,0,0,2637
1548,5,748,1,0,0,2374
1548,6,748,1,0,0,2169
1548,7,748,1,0,0,2269
1548,8,748,1,0,0,2463
1548,9,748,1,0,0,2291
1548,10,748,1,1,1,2358
1548,11,748,1,1,1,2017
1548,12,748,1,1,1,2348
1548,13,748,1,1,1,1758
1548,14,748,1,1,1,2102
1548,15,748,1,1,1,1754
1548,16,748,1,1,1,2086
1548,17,748,1,1,1,1735
1548,18,748,1,1,1,2336
1548,19,748,1,1,1,2304
1549,0,749,1,0,0,2187
1549,1,749,1,0,0,2381
1549,2,749,1,0,0,2884
1549,3,749,1,0,0,1764
1549,4,749,1,0,0,2072
1549,5,749,1,0,0,2668
1549,6,749,1,0,0,2347
1549,7,749,1,0,0,2068
1549,8,749,1,0,0,2904
1549,9,749,1,0,0,2226
1549,10,749,1,1,1,1929
1549,11,749,1,1,1,1651
1549,12,749,1,1,1,1813
1549,13,749,1,1,1,2028
1549,14,749,1,1,1,2330
1549,15,749,1,1,1,2362
1549,16,749,1,1,1,2052
1549,17,749,1,1,1,2302
1549,18,749,1,1,1,2300
1549,19,749,1,1,1,2292
1550,0,750,1,0,0,2447
1550,1,750,1,0,0,1911
1550,2,750,1,0,0,2086
1550,3,750,1,0,0,1790
1550,4,750,1,0,0,2556
1550,5,750,1,0,0,2827
1550,6,750,1,0,0,2388
1550,7,750,1,0,0,2167
1550,8,750,1,0,0,2618
1550,9,750,1,0,0,2300
1550,10,750,1,1,1,2544
1550,11,750,1,1,1,2037
1550,12,750,1,1,1,1759
1550,13,750,1,1,1,2330
1550,14,750,1,1,1,1686
1550,15,750,1,1,1,2038
1550,16,750,1,1,1,1945
1550,17,750,1,1,1,1588
1550,18,750,1,1,1,2464
1550,19,750,1,1,1,2055
1551,0,751,1,0,0,2459
1551,1,751,1,0,0,2219
1551,2,751,1,0,0,2159
1551,3,751,1,0,0,2345
1551,4,751,1,0,0,2700
1551,5,751,1,0,0,3192
1551,6,751,1,0,0,2094
1551,7,751,1,0,0,1962
1551,8,751,1,0,0,3253
1551,9,751,1,0,0,2582
1551,10,751,1,1,1,2058
1551,11,751,1,1,1,1956
1551,12,751,1,1,1,1823
1551,13,751,1,1,1,2149
1551,14,751,1,1,1,2017
1551,15,751,1,1,1,2187
1551,16,751,1,1,1,1720
1551,17,751,1,1,1,2412
1551,18,751,1,1,1,2174
1551,19,751,1,1,1,2500
1552,0,752,1,0,0,3245
1552,1,752,1,0,0,2957
1552,2,752,1,0,0,2611
1552,3,752,1,0,0,1861
1552,4,752,1,0,0,2344
1552,5,752,1,0,0,2314
1552,6,752,1,0,0,2415
1552,7,752,1,0,0,2682
1552,8,752,1,0,0,1926
1552,9,752,1,0,0,2224
1552,10,752,1,1,1,2158
1552,11,752,1,1,1,2183
1552,12,752,1,1,1,2617
1552,13,752,1,1,1,2251
1552,14,752,1,1,1,2426
1552,15,752,1,1,1,2234
1552,16,752,1,1,1,2737
1552,17,752,1,1,1,2411
1552,18,752,1,1,1,2036
1552,19,752,1,1,1,1833
1553,0,753,1,0,0,2430
1553,1,753,1,0,0,2723
1553,2,753,1,0,0,2195
1553,3,753,1,0,0,2113
1553,4,753,1,0,0,1892
1553,5,753,1,0,0,2107
1553,6,753,1,0,0,2948
1553,7,753,1,0,0,2989
1553,8,753,1,0,0,2589
1553,9,753,1,0,0,2504
1553,10,753,1,1,1,2992
1553,11,753,1,1,1,1930
1553,12,753,1,1,1,2665
1553,13,753,1,1,1,2116
1553,14,753,1,1,1,2054
1553,15,753,1,1,1,1927
1553,16,753,1,1,1,2339
1553,17,753,1,1,1,1859
1553,18,753,1,1,1,2216
1553,19,753,1,1,1,2046
1554,0,754,1,0,0,2556
1554,1,754,1,0,0,2570
1554,2,754,1,0,0,2693
1554,3,754,1,0,0,1985
1554,4,754,1,0,0,2597
1554,5,754,1,0,0,2594
1554,6,754,1,0,0,1739
1554,7,754,1,0,0,3483
1554,8,754,1,0,0,1771
1554,9,754,1,0,0,2639
1554,10,754,1,1,1,2104
1554,11,754,1,1,1,2480
1554,12,754,1,1,1,1877
1554,13,754,1,1,1,1984
1554,14,754,1,1,1,2305
1554,15,754,1,1,1,2128
1554,16,754,1,1,1,1996
1554,17,754,1,1,1,1615
1554,18,754,1,1,1,1940
1554,19,754,1,1,1,2415
1555,0,755,1,0,0,2200
1555,1,755,1,0,0,1964
1555,2,755,1,0,0,2759
1555,3,755,1,0,0,3237
1555,4,755,1,0,0,2001
1555,5,755,1,0,0,3288
1555,6,755,1,0,0,3021
1555,7,755,1,0,0,1835
1555,8,755,1,0,0,3122
1555,9,755,1,0,0,2843
1555,10,755,1,1,1,2462
1555,11,755,1,1,1,2506
1555,12,755,1,1,1,2402
1555,13,755,1,1,1,3120
1555,14,755,1,1,1,2056
1555,15,755,1,1,1,2152
1555,16,755,1,1,1,2249
1555,17,755,1,1,1,2597
1555,18,755,1,1,1,2022
1555,19,755,1,1,1,2777
1556,0,756,1,0,0,1952
1556,1,756,1,0,0,2534
1556,2,756,1,0,0,1718
1556,3,756,1,0,0,3190
1556,4,756,1,0,0,2869
1556,5,756,1,0,0,2471
1556,6,756,1,0,0,3595
1556,7,756,1,0,0,2605
1556,8,756,1,0,0,2703
1556,9,756,1,0,0,2294
1556,10,756,1,1,1,2603
1556,11,756,1,1,1,3123
1556,12,756,1,1,1,3016
1556,13,756,1,1,1,2052
1556,14,756,1,1,1,2833
1556,15,756,1,1,1,2797
1556,16,756,1,1,1,2303
1556,17,756,1,1,1,2405
1556,18,756,1,1,1,2646
1556,19,756,1,1,1,2363
1557,0,757,1,0,0,3569
1557,1,757,1,0,0,2792
1557,2,757,1,0,0,3172
1557,3,757,1,0,0,2827
1557,4,757,1,0,0,2448
1557,5,757,1,0,0,2663
1557,6,757,1,0,0,3079
1557,7,757,1,0,0,3235
1557,8,757,1,0,0,2738
1557,9,757,1,0,0,2506
1557,10,757,1,1,1,2379
1557,11,757,1,1,1,2399
1557,12,757,1,1,1,2103
1557,13,757,1,1,1,2960
1557,14,757,1,1,1,2724
1557,15,757,1,1,1,2889
1557,16,757,1,1,1,2697
1557,17,757,1,1,1,3538
1557,18,757,1,1,1,2457
1557,19,757,1,1,1,2664
1558,0,758,1,0,0,2924
1558,1,758,1,0,0,2755
1558,2,758,1,0,0,2537
1558,3,758,1,0,0,3003
1558,4,758,1,0,0,3194
1558,5,758,1,0,0,3077
1558,6,758,1,0,0,2803
1558,7,758,1,0,0,3540
1558,8,758,1,0,0,2767
1558,9,758,1,0,0,2486
1558,10,758,1,1,1,2389
1558,11,758,1,1,1,1848
1558,12,758,1,1,1,2479
1558,13,758,1,1,1,2560
1558,14,758,1,1,1,2596
1558,15,758,1,1,1,2083
1558,16,758,1,1,1,2609
1558,17,758,1,1,1,2142
1558,18,758,1,1,1,3175
1558,19,758,1,1,1,2495
1559,0,759,1,0,0,2909
1559,1,759,1,0,0,3244
1559,2,759,1,0,0,3208
1559,3,759,1,0,0,3612
1559,4,759,1,0,0,3570
1559,5,759,1,0,0,2858
1559,6,759,1,0,0,2903
1559,7,759,1,0,0,2742
1559,8,759,1,0,0,2540
1559,9,759,1,0,0,2579
1559,10,759,1,1,1,2383
1559,11,759,1,1,1,3097
1559,12,759,1,1,1,2974
1559,13,759,1,1,1,2758
1559,14,759,1,1,1,3076
1559,15,759,1,1,1,2608
1559,16,759,1,1,1,2978
1559,17,759,1,1,1,3125
1559,18,759,1,1,1,2486
1559,19,759,1,1,1,2580
1560,0,760,1,0,0,2545
1560,1,760,1,0,0,2491
1560,2,760,1,0,0,3423
1560,3,760,1,0,0,3225
1560,4,760,1,0,0,2266
1560,5,760,1,0,0,2421
1560,6,760,1,0,0,2530
1560,7,760,1,0,0,3175
1560,8,760,1,0,0,2826
1560,9,760,1,0,0,2358
1560,10,760,1,1,1,3184
1560,11,760,1,1,1,2597
1560,12,760,1,1,1,2571
1560,13,760,1,1,1,2751
1560,14,760,1,1,1,2604
1560,15,760,1,1,1,2734
1560,16,760,1,1,1,2712
1560,17,760,1,1,1,2845
1560,18,760,1,1,1,2338
1560,19,760,1,1,1,2591
1561,0,761,1,0,0,2793
1561,1,761,1,0,0,3098
1561,2,761,1,0,0,2858
1561,3,761,1,0,0,3196
1561,4,761,1,0,0,2890
1561,5,761,1,0,0,3255
1561,6,761,1,0,0,2653
1561,7,761,1,0,0,3310
1561,8,761,1,0,0,3364
1561,9,761,1,0,0,2028
1561,10,761,1,1,1,2441
1561,11,761,1,1,1,3024
1561,12,761,1,1,1,2873
1561,13,761,1,1,1,2617
1561,14,761,1,1,1,2685
1561,15,761,1,1,1,2974
1561,16,761,1,1,1,2522
1561,17,761,1,1,1,2720
1561,18,761,1,1,1,2721
1561,19,761,1,1,1,2684
1562,0,762,1,0,0,3209
1562,1,762,1,0,0,3254
1562,2,762,1,0,0,3277
1562,3,762,1,0,0,3377
1562,4,762,1,0,0,3287
1562,5,762,1,0,0,3241
1562,6,762,1,0,0,2396
1562,7,762,1,0,0,3888
1562,8,762,1,0,0,2985
1562,9,762,1,0,0,3789
1562,10,762,1,1,1,2596
1562,11,762,1,1,1,3636
1562,12,762,1,1,1,2797
1562,13,762,1,1,1,4049
1562,14,762,1,1,1,2151
1562,15,762,1,1,1,2622
1562,16,762,1,1,1,2597
1562,17,762,1,1,1,2869
1562,18,762,1,1,1,2600
1562,19,762,1,1,1,4152
1563,0,763,1,0,0,2515
1563,1,763,1,0,0,2606
1563,2,763,1,0,0,3335
1563,3,763,1,0,0,3621
1563,4,763,1,0,0,3074
1563,5,763,1,0,0,3226
1563,6,763,1,0,0,2201
1563,7,763,1,0,0,2867
1563,8,763,1,0,0,2796
1563,9,763,1,0,0,2761
1563,10,763,1,1,1,2890
1563,11,763,1,1,1,2478
1563,12,763,1,1,1,3824
1563,13,763,1,1,1,2587
1563,14,763,1,1,1,2622
1563,15,763,1,1,1,2755
1563,16,763,1,1,1,2892
1563,17,763,1,1,1,2527
1563,18,763,1,1,1,3181
1563,19,763,1,1,1,2945
1564,0,764,1,0,0,3407
1564,1,764,1,0,0,2978
1564,2,764,1,0,0,2340
1564,3,764,1,0,0,3019
1564,4,764,1,0,0,2652
1564,5,764,1,0,0,3501
1564,6,764,1,0,0,2731
1564,7,764,1,0,0,3169
1564,8,764,1,0,0,3628
1564,9,764,1,0,0,2256
1564,10,764,1,1,1,3733
1564,11,764,1,1,1,3300
1564,12,764,1,1,1,3651
1564,13,764,1,1,1,3556
1564,14,764,1,1,1,2427
1564,15,764,1,1,1,2960
1564,16,764,1,1,1,2522
1564,17,764,1,1,1,2686
1564,18,764,1,1,1,3002
1564,19,764,1,1,1,2216
1565,0,765,1,0,0,3673
1565,1,765,1,0,0,3161
1565,2,765,1,0,0,3952
1565,3,765,1,0,0,3425
1565,4,765,1,0,0,3275
1565,5,765,1,0,0,3182
1565,6,765,1,0,0,2757
1565,7,765,1,0,0,3014
1565,8,765,1,0,0,3014
1565,9,765,1,0,0,2734
1565,10,765,1,1,1,3201
1565,11,765,1,1,1,2302
1565,12,765,1,1,1,2915
1565,13,765,1,1,1,2738
1565,14,765,1,1,1,3362
1565,15,765,1,1,1,3614
1565,16,765,1,1,1,3277
1565,17,765,1,1,1,2492
1565,18,765,1,1,1,2907
1565,19,765,1,1,1,3412
1566,0,766,1,0,0,3735
1566,1,766,1,0,0,3141
1566,2,766,1,0,0,3764
1566,3,766,1,0,0,3040
1566,4,766,1,0,0,3541
1566,5,766,1,0,0,3609
1566,6,766,1,0,0,4643
1566,7,766,1,0,0,3581
1566,8,766,1,0,0,2829
1566,9,766,1,0,0,3891
1566,10,766,1,1,1,3180
1566,11,766,1,1,1,2463
1566,12,766,1,1,1,3523
1566,13,766,1,1,1,2556
1566,14,766,1,1,1,2738
1566,15,766,1,1,1,2284
1566,16,766,1,1,1,3048
1566,17,766,1,1,1,2994
1566,18,766,1,1,1,3262
1566,19,766,1,1,1,2925
1567,0,767,1,0,0,2538
1567,1,767,1,0,0,4208
1567,2,767,1,0,0,3697
1567,3,767,1,0,0,2875
1567,4,767,1,0,0,3663
1567,5,767,1,0,0,3716
1567,6,767,1,0,0,3115
1567,7,767,1,0,0,3232
1567,8,767,1,0,0,3736
1567,9,767,1,0,0,2942
1567,10,767,1,1,1,3531
1567,11,767,1,1,1,3124
1567,12,767,1,1,1,3989
1567,13,767,1,1,1,3843
1567,14,767,1,1,1,3661
1567,15,767,1,1,1,3587
1567,16,767,1,1,1,3113
1567,17,767,1,1,1,3200
1567,18,767,1,1,1,3166
1567,19,767,1,1,1,3608
1568,0,768,1,0,0,4032
1568,1,768,1,0,0,3760
1568,2,768,1,0,0,3526
1568,3,768,1,0,0,3570
1568,4,768,1,0,0,2963
1568,5,768,1,0,0,3474
1568,6,768,1,0,0,5396
1568,7,768,1,0,0,3003
1568,8,768,1,0,0,2772
1568,9,768,1,0,0,3796
1568,10,768,1,1,1,3162
1568,11,768,1,1,1,3520
1568,12,768,1,1,1,3002
1568,13,768,1,1,1,2809
1568,14,768,1,1,1,3746
1568,15,768,1,1,1,3152
1568,16,768,1,1,1,3924
1568,17,768,1,1,1,3452
1568,18,768,1,1,1,2767
1568,19,768,1,1,1,3228
1569,0,769,1,0,0,3747
1569,1,769,1,0,0,4690
1569,2,769,1,0,0,3942
1569,3,769,1,0,0,2616
1569,4,769,1,0,0,3040
1569,5,769,1,0,0,3779
1569,6,769,1,0,0,4416
1569,7,769,1,0,0,3778
1569,8,769,1,0,0,3336
1569,9,769,1,0,0,3503
1569,10,769,1,1,1,3909
1569,11,769,1,1,1,2943
1569,12,769,1,1,1,3319
1569,13,769,1,1,1,4478
1569,14,769,1,1,1,2712
1569,15,769,1,1,1,3466
1569,16,769,1,1,1,3246
1569,17,769,1,1,1,3066
1569,18,769,1,1,1,3653
1569,19,769,1,1,1,2960
1570,0,770,1,0,0,2857
1570,1,770,1,0,0,3310
1570,2,770,1,0,0,2471
1570,3,770,1,0,0,3583
1570,4,770,1,0,0,3006
1570,5,770,1,0,0,5000
1570,6,770,1,0,0,3659
1570,7,770,1,0,0,3798
1570,8,770,1,0,0,2884
1570,9,770,1,0,0,3016
1570,10,770,1,1,1,3337
1570,11,770,1,1,1,4407
1570,12,770,1,1,1,3345
1570,13,770,1,1,1,3654
1570,14,770,1,1,1,4155
1570,15,770,1,1,1,3166
1570,16,770,1,1,1,4342
1570,17,770,1,1,1,3453
1570,18,770,1,1,1,3305
1570,19,770,1,1,1,3194
1571,0,771,1,0,0,3510
1571,1,771,1,0,0,5185
1571,2,771,1,0,0,4183
1571,3,771,1,0,0,3399
1571,4,771,1,0,0,4642
1571,5,771,1,0,0,3579
1571,6,771,1,0,0,5065
1571,7,771,1,0,0,4062
1571,8,771,1,0,0,5115
1571,9,771,1,0,0,3810
1571,10,771,1,1,1,3258
1571,11,771,1,1,1,3772
1571,12,771,1,1,1,3565
1571,13,771,1,1,1,3041
1571,14,771,1,1,1,3165
1571,15,771,1,1,1,3369
1571,16,771,1,1,1,4365
1571,17,771,1,1,1,3998
1571,18,771,1,1,1,3268
1571,19,771,1,1,1,4320
1572,0,772,1,0,0,3502
1572,1,772,1,0,0,3948
1572,2,772,1,0,0,3386
1572,3,772,1,0,0,3596
1572,4,772,1,0,0,4175
1572,5,772,1,0,0,4542
1572,6,772,1,0,0,4609
1572,7,772,1,0,0,3688
1572,8,772,1,0,0,3018
1572,9,772,1,0,0,3200
1572,10,772,1,1,1,3228
1572,11,772,1,1,1,4218
1572,12,772,1,1,1,3025
1572,13,772,1,1,1,3329
1572,14,772,1,1,1,5372
1572,15,772,1,1,1,3541
1572,16,772,1,1,1,3623
1572,17,772,1,1,1,4336
1572,18,772,1,1,1,4142
1572,19,772,1,1,1,3572
1573,0,773,1,0,0,3674
1573,1,773,1,0,0,5106
1573,2,773,1,0,0,4456
1573,3,773,1,0,0,3662
1573,4,773,1,0,0,4559
1573,5,773,1,0,0,4935
1573,6,773,1,0,0,4050
1573,7,773,1,0,0,4187
1573,8,773,1,0,0,3921
1573,9,773,1,0,0,4697
1573,10,773,1,1,1,3992
1573,11,773,1,1,1,4125
1573,12,773,1,1,1,4662
1573,13,773,1,1,1,3553
1573,14,773,1,1,1,4248
1573,15,773,1,1,1,3898
1573,16,773,1,1,1,3560
1573,17,773,1,1,1,5000
1573,18,773,1,1,1,3867
1573,19,773,1,1,1,3901
1574,0,774,1,0,0,5212
1574,1,774,1,0,0,5596
1574,2,774,1,0,0,4584
1574,3,774,1,0,0,5009
1574,4,774,1,0,0,4102
1574,5,774,1,0,0,4232
1574,6,774,1,0,0,4660
1574,7,774,1,0,0,3080
1574,8,774,1,0,0,3939
1574,9,774,1,0,0,4442
1574,10,774,1,1,1,4256
1574,11,774,1,1,1,4634
1574,12,774,1,1,1,4196
1574,13,774,1,1,1,3555
1574,14,774,1,1,1,3631
1574,15,774,1,1,1,4052
1574,16,774,1,1,1,4109
1574,17,774,1,1,1,3671
1574,18,774,1,1,1,4722
1574,19,774,1,1,1,4211
1575,0,775,1,0,0,3579
1575,1,775,1,0,0,3935
1575,2,775,1,0,0,4571
1575,3,775,1,0,0,4113
1575,4,775,1,0,0,4577
1575,5,775,1,0,0,5054
1575,6,775,1,0,0,3613
1575,7,775,1,0,0,4229
1575,8,775,1,0,0,3835
1575,9,775,1,0,0,4583
1575,10,775,1,1,1,4802
1575,11,775,1,1,1,4494
1575,12,775,1,1,1,5971
1575,13,775,1,1,1,3421
1575,14,775,1,1,1,3949
1575,15,775,1,1,1,4385
1575,16,775,1,1,1,5187
1575,17,775,1,1,1,5802
1575,18,775,1,1,1,4090
1575,19,775,1,1,1,3913
1576,0,776,1,0,0,4289
1576,1,776,1,0,0,4483
1576,2,776,1,0,0,3734
1576,3,776,1,0,0,3837
1576,4,776,1,0,0,4420
1576,5,776,1,0,0,3489
1576,6,776,1,0,0,4089
1576,7,776,1,0,0,4350
1576,8,776,1,0,0,5273
1576,9,776,1,0,0,4932
1576,10,776,1,1,1,3933
1576,11,776,1,1,1,4106
1576,12,776,1,1,1,4989
1576,13,776,1,1,1,3274
1576,14,776,1,1,1,4411
1576,15,776,1,1,1,4193
1576,16,776,1,1,1,3643
1576,17,776,1,1,1,4210
1576,18,776,1,1,1,3909
1576,19,776,1,1,1,4364
1577,0,777,1,0,0,4388
1577,1,777,1,0,0,4568
1577,2,777,1,0,0,4054
1577,3,777,1,0,0,4595
1577,4,777,1,0,0,4672
1577,5,777,1,0,0,4514
1577,6,777,1,0,0,5836
1577,7,777,1,0,0,4522
1577,8,777,1,0,0,5340
1577,9,777,1,0,0,4901
1577,10,777,1,1,1,4579
1577,11,777,1,1,1,4155
1577,12,777,1,1,1,4103
1577,13,777,1,1,1,6046
1577,14,777,1,1,1,3361
1577,15,777,1,1,1,5352
1577,16,777,1,1,1,4523
1577,17,777,1,1,1,4833
1577,18,777,1,1,1,4412
1577,19,777,1,1,1,3878
1578,0,778,1,0,0,6272
1578,1,778,1,0,0,4270
1578,2,778,1,0,0,6763
1578,3,778,1,0,0,4375
1578,4,778,1,0,0,4632
1578,5,778,1,0,0,5004
1578,6,778,1,0,0,4533
1578,7,778,1,0,0,4581
1578,8,778,1,0,0,4493
1578,9,778,1,0,0,4420
1578,10,778,1,1,1,3790
1578,11,778,1,1,1,5120
1578,12,778,1,1,1,4459
1578,13,778,1,1,1,3990
1578,14,778,1,1,1,4544
1578,15,778,1,1,1,5076
1578,16,778,1,1,1,4099
1578,17,778,1,1,1,4639
1578,18,778,1,1,1,4730
1578,19,778,1,1,1,4102
1579,0,779,1,0,0,5532
1579,1,779,1,0,0,4913
1579,2,779,1,0,0,3647
1579,3,779,1,0,0,5108
1579,4,779,1,0,0,6186
1579,5,779,1,0,0,7265
1579,6,779,1,0,0,6733
1579,7,779,1,0,0,4335
1579,8,779,1,0,0,5453
1579,9,779,1,0,0,5035
1579,10,779,1,1,1,5096
1579,11,779,1,1,1,5188
1579,12,779,1,1,1,4591
1579,13,779,1,1,1,4331
1579,14,779,1,1,1,5196
1579,15,779,1,1,1,4580
1579,16,779,1,1,1,5237
1579,17,779,1,1,1,5436
1579,18,779,1,1,1,4064
1579,19,779,1,1,1,4804
1580,0,780,1,0,0,7160
1580,1,780,1,0,0,5733
1580,2,780,1,0,0,6817
1580,3,780,1,0,0,4932
1580,4,780,1,0,0,5411
1580,5,780,1,0,0,4556
1580,6,780,1,0,0,5214
1580,7,780,1,0,0,5792
1580,8,780,1,0,0,5561
1580,9,780,1,0,0,4350
1580,10,780,1,1,1,5968
1580,11,780,1,1,1,5001
1580,12,780,1,1,1,5376
1580,13,780,1,1,1,4186
1580,14,780,1,1,1,4715
1580,15,780,1,1,1,5401
1580,16,780,1,1,1,4756
1580,17,780,1,1,1,4559
1580,18,780,1,1,1,5715
1580,19,780,1,1,1,5033
1581,0,781,1,0,0,7056
1581,1,781,1,0,0,6176
1581,2,781,1,0,0,5962
1581,3,781,1,0,0,6583
1581,4,781,1,0,0,6411
1581,5,781,1,0,0,4308
1581,6,781,1,0,0,4598
1581,7,781,1,0,0,5667
1581,8,781,1,0,0,5348
1581,9,781,1,0,0,6925
1581,10,781,1,1,1,5352
1581,11,781,1,1,1,5373
1581,12,781,1,1,1,7054
1581,13,781,1,1,1,5420
1581,14,781,1,1,1,5343
1581,15,781,1,1,1,7000
1581,16,781,1,1,1,5684
1581,17,781,1,1,1,5756
1581,18,781,1,1,1,6494
1581,19,781,1,1,1,5788
1582,0,782,1,0,0,5294
1582,1,782,1,0,0,4602
1582,2,782,1,0,0,6117
1582,3,782,1,0,0,5898
1582,4,782,1,0,0,5921
1582,5,782,1,0,0,6254
1582,6,782,1,0,0,5535
1582,7,782,1,0,0,4656
1582,8,782,1,0,0,5803
1582,9,782,1,0,0,5844
1582,10,782,1,1,1,6235
1582,11,782,1,1,1,6014
1582,12,782,1,1,1,5401
1582,13,782,1,1,1,5140
1582,14,782,1,1,1,7150
1582,15,782,1,1,1,5662
1582,16,782,1,1,1,5699
1582,17,782,1,1,1,4429
1582,18,782,1,1,1,5227
1582,19,782,1,1,1,5725
1583,0,783,1,0,0,7315
1583,1,783,1,0,0,6878
1583,2,783,1,0,0,6869
1583,3,783,1,0,0,4982
1583,4,783,1,0,0,6583
1583,5,783,1,0,0,6024
1583,6,783,1,0,0,6268
1583,7,783,1,0,0,6566
1583,8,783,1,0,0,5983
1583,9,783,1,0,0,5093
1583,10,783,1,1,1,4776
1583,11,783,1,1,1,5445
1583,12,783,1,1,1,5656
1583,13,783,1,1,1,7085
1583,14,783,1,1,1,6907
1583,15,783,1,1,1,6449
1583,16,783,1,1,1,5942
1583,17,783,1,1,1,5431
1583,18,783,1,1,1,5419
1583,19,783,1,1,1,6804
1584,0,784,1,0,0,6386
1584,1,784,1,0,0,5467
1584,2,784,1,0,0,6325
1584,3,784,1,0,0,5792
1584,4,784,1,0,0,8086
1584,5,784,1,0,0,7062
1584,6,784,1,0,0,6429
1584,7,784,1,0,0,5777
1584,8,784,1,0,0,6538
1584,9,784,1,0,0,6467
1584,10,784,1,1,1,5439
1584,11,784,1,1,1,5389
1584,12,784,1,1,1,7336
1584,13,784,1,1,1,7883
1584,14,784,1,1,1,6033
1584,15,784,1,1,1,6717
1584,16,784,1,1,1,5645
1584,17,784,1,1,1,8700
1584,18,784,1,1,1,5589
1584,19,784,1,1,1,5901
1585,0,785,1,0,0,6047
1585,1,785,1,0,0,8174
1585,2,785,1,0,0,5993
1585,3,785,1,0,0,6610
1585,4,785,1,0,0,6544
1585,5,785,1,0,0,8233
1585,6,785,1,0,0,6294
1585,7,785,1,0,0,8150
1585,8,785,1,0,0,6607
1585,9,785,1,0,0,6045
1585,10,785,1,1,1,5665
1585,11,785,1,1,1,5746
1585,12,785,1,1,1,8136
1585,13,785,1,1,1,6304
1585,14,785,1,1,1,6854
1585,15,785,1,1,1,5355
1585,16,785,1,1,1,8658
1585,17,785,1,1,1,7049
1585,18,785,1,1,1,7003
1585,19,785,1,1,1,6668
1586,0,786,1,0,0,6350
1586,1,786,1,0,0,7580
1586,2,786,1,0,0,6993
1586,3,786,1,0,0,7293
1586,4,786,1,0,0,8414
1586,5,786,1,0,0,9175
1586,6,786,1,0,0,6787
1586,7,786,1,0,0,7572
1586,8,786,1,0,0,7936
1586,9,786,1,0,0,7248
1586,10,786,1,1,1,6252
1586,11,786,1,1,1,7444
1586,12,786,1,1,1,7622
1586,13,786,1,1,1,8100
1586,14,786,1,1,1,6199
1586,15,786,1,1,1,7959
1586,16,786,1,1,1,7017
1586,17,786,1,1,1,6687
1586,18,786,1,1,1,8162
1586,19,786,1,1,1,6088
1587,0,787,1,0,0,10313
1587,1,787,1,0,0,6338
1587,2,787,1,0,0,6244
1587,3,787,1,0,0,7684
1587,4,787,1,0,0,7871
1587,5,787,1,0,0,7075
1587,6,787,1,0,0,6117
1587,7,787,1,0,0,7894
1587,8,787,1,0,0,8234
1587,9,787,1,0,0,7254
1587,10,787,1,1,1,7635
1587,11,787,1,1,1,8510
1587,12,787,1,1,1,6945
1587,13,787,1,1,1,8229
1587,14,787,1,1,1,6578
1587,15,787,1,1,1,6872
1587,16,787,1,1,1,9179
1587,17,787,1,1,1,8906
1587,18,787,1,1,1,6231
1587,19,787,1,1,1,5596
1588,0,788,1,0,0,7947
1588,1,788,1,0,0,9451
1588,2,788,1,0,0,9014
1588,3,788,1,0,0,8740
1588,4,788,1,0,0,6884
1588,5,788,1,0,0,8498
1588,6,788,1,0,0,8111
1588,7,788,1,0,0,8098
1588,8,788,1,0,0,6254
1588,9,788,1,0,0,8218
1588,10,788,1,1,1,8305
1588,11,788,1,1,1,8347
1588,12,788,1,1,1,8480
1588,13,788,1,1,1,8387
1588,14,788,1,1,1,8275
1588,15,788,1,1,1,7558
1588,16,788,1,1,1,7045
1588,17,788,1,1,1,8676
1588,18,788,1,1,1,6832
1588,19,788,1,1,1,11032
1589,0,789,1,0,0,8667
1589,1,789,1,0,0,7300
1589,2,789,1,0,0,8223
1589,3,789,1,0,0,7623
1589,4,789,1,0,0,9203
1589,5,789,1,0,0,9211
1589,6,789,1,0,0,10262
1589,7,789,1,0,0,8406
1589,8,789,1,0,0,9242
1589,9,789,1,0,0,8301
1589,10,789,1,1,1,6679
1589,11,789,1,1,1,7164
1589,12,789,1,1,1,9178
1589,13,789,1,1,1,7976
1589,14,789,1,1,1,8476
1589,15,789,1,1,1,8105
1589,16,789,1,1,1,9291
1589,17,789,1,1,1,8325
1589,18,789,1,1,1,10930
1589,19,789,1,1,1,7494
1590,0,790,1,0,0,8168
1590,1,790,1,0,0,10698
1590,2,790,1,0,0,10445
1590,3,790,1,0,0,9728
1590,4,790,1,0,0,11486
1590,5,790,1,0,0,8813
1590,6,790,1,0,0,9567
1590,7,790,1,0,0,10442
1590,8,790,1,0,0,7875
1590,9,790,1,0,0,8829
1590,10,790,1,1,1,8671
1590,11,790,1,1,1,8400
1590,12,790,1,1,1,9180
1590,13,790,1,1,1,9619
1590,14,790,1,1,1,7995
1590,15,790,1,1,1,8764
1590,16,790,1,1,1,12428
1590,17,790,1,1,1,7558
1590,18,790,1,1,1,10064
1590,19,790,1,1,1,8359
1591,0,791,1,0,0,10593
1591,1,791,1,0,0,9491
1591,2,791,1,0,0,12245
1591,3,791,1,0,0,12008
1591,4,791,1,0,0,9272
1591,5,791,1,0,0,8747
1591,6,791,1,0,0,7562
1591,7,791,1,0,0,9917
1591,8,791,1,0,0,9761
1591,9,791,1,0,0,8882
1591,10,791,1,1,1,9910
1591,11,791,1,1,1,12434
1591,12,791,1,1,1,9295
1591,13,791,1,1,1,10154
1591,14,791,1,1,1,10893
1591,15,791,1,1,1,9719
1591,16,791,1,1,1,10732
1591,17,791,1,1,1,9752
1591,18,791,1,1,1,12304
1591,19,791,1,1,1,10044
1592,0,792,1,0,0,12673
1592,1,792,1,0,0,13260
1592,2,792,1,0,0,10023
1592,3,792,1,0,0,12426
1592,4,792,1,0,0,13433
1592,5,792,1,0,0,11708
1592,6,792,1,0,0,9195
1592,7,792,1,0,0,9381
1592,8,792,1,0,0,11400
1592,9,792,1,0,0,14188
1592,10,792,1,1,1,10548
1592,11,792,1,1,1,9881
1592,12,792,1,1,1,10746
1592,13,792,1,1,1,10708
1592,14,792,1,1,1,13435
1592,15,792,1,1,1,11772
1592,16,792,1,1,1,12286
1592,17,792,1,1,1,12181
1592,18,792,1,1,1,9563
1592,19,792,1,1,1,11568
1593,0,793,1,0,0,14863
1593,1,793,1,0,0,11834
1593,2,793,1,0,0,13377
1593,3,793,1,0,0,11910
1593,4,793,1,0,0,10279
1593,5,793,1,0,0,11193
1593,6,793,1,0,0,13838
1593,7,793,1,0,0,13588
1593,8,793,1,0,0,11913
1593,9,793,1,0,0,14294
1593,10,793,1,1,1,12078
1593,11,793,1,1,1,15093
1593,12,793,1,1,1,13038
1593,13,793,1,1,1,13703
1593,14,793,1,1,1,13399
1593,15,793,1,1,1,16147
1593,16,793,1,1,1,14269
1593,17,793,1,1,1,10612
1593,18,793,1,1,1,11510
1593,19,793,1,1,1,12900
1594,0,794,1,0,0,12294
1594,1,794,1,0,0,12999
1594,2,794,1,0,0,12664
1594,3,794,1,0,0,15666
1594,4,794,1,0,0,16158
1594,5,794,1,0,0,13964
1594,6,794,1,0,0,14672
1594,7,794,1,0,0,17947
1594,8,794,1,0,0,16860
1594,9,794,1,0,0,14050
1594,10,794,1,1,1,13097
1594,11,794,1,1,1,16614
1594,12,794,1,1,1,13718
1594,13,794,1,1,1,14062
1594,14,794,1,1,1,13212
1594,15,794,1,1,1,13470
1594,16,794,1,1,1,16014
1594,17,794,1,1,1,17481
1594,18,794,1,1,1,17618
1594,19,794,1,1,1,10735
1595,0,795,1,0,0,16942
1595,1,795,1,0,0,14049
1595,2,795,1,0,0,16101
1595,3,795,1,0,0,15608
1595,4,795,1,0,0,18034
1595,5,795,1,0,0,18231
1595,6,795,1,0,0,17436
1595,7,795,1,0,0,19923
1595,8,795,1,0,0,16538
1595,9,795,1,0,0,14574
1595,10,795,1,1,1,15956
1595,11,795,1,1,1,17860
1595,12,795,1,1,1,14253
1595,13,795,1,1,1,15699
1595,14,795,1,1,1,12944
1595,15,795,1,1,1,16936
1595,16,795,1,1,1,17266
1595,17,795,1,1,1,12339
1595,18,795,1,1,1,16348
1595,19,795,1,1,1,17746
1596,0,796,1,0,0,15263
1596,1,796,1,0,0,20193
1596,2,796,1,0,0,25312
1596,3,796,1,0,0,20514
1596,4,796,1,0,0,20220
1596,5,796,1,0,0,18886
1596,6,796,1,0,0,19259
1596,7,796,1,0,0,20674
1596,8,796,1,0,0,19801
1596,9,796,1,0,0,20195
1596,10,796,1,1,1,15489
1596,11,796,1,1,1,18694
1596,12,796,1,1,1,18833
1596,13,796,1,1,1,16786
1596,14,796,1,1,1,24060
1596,15,796,1,1,1,18661
1596,16,796,1,1,1,20445
1596,17,796,1,1,1,16196
1596,18,796,1,1,1,17915
1596,19,796,1,1,1,22293
1597,0,797,1,0,0,17900
1597,1,797,1,0,0,27030
1597,2,797,1,0,0,26391
1597,3,797,1,0,0,25513
1597,4,797,1,0,0,22291
1597,5,797,1,0,0,25582
1597,6,797,1,0,0,24689
1597,7,797,1,0,0,23661
1597,8,797,1,0,0,29652
1597,9,797,1,0,0,23167
1597,10,797,1,1,1,22999
1597,11,797,1,1,1,20447
1597,12,797,1,1,1,26059
1597,13,797,1,1,1,19890
1597,14,797,1,1,1,21648
1597,15,797,1,1,1,24201
1597,16,797,1,1,1,29475
1597,17,797,1,1,1,21538
1597,18,797,1,1,1,27338
1597,19,797,1,1,1,20189
1598,0,798,1,0,0,40951
1598,1,798,1,0,0,37121
1598,2,798,1,0,0,33425
1598,3,798,1,0,0,36484
1598,4,798,1,0,0,41079
1598,5,798,1,0,0,34279
1598,6,798,1,0,0,36585
1598,7,798,1,0,0,36900
1598,8,798,1,0,0,32427
1598,9,798,1,0,0,34004
1598,10,798,1,1,1,31592
1598,11,798,1,1,1,31020
1598,12,798,1,1,1,37990
1598,13,798,1,1,1,41503
1598,14,798,1,1,1,38102
1598,15,798,1,1,1,37755
1598,16,798,1,1,1,25510
1598,17,798,1,1,1,33439
1598,18,798,1,1,1,35209
1598,19,798,1,1,1,32729
1599,0,799,1,0,0,75444
1599,1,799,1,0,0,67699
1599,2,799,1,0,0,82397
1599,3,799,1,0,0,67785
1599,4,799,1,0,0,65334
1599,5,799,1,0,0,70288
1599,6,799,1,0,0,79036
1599,7,799,1,0,0,67400
1599,8,799,1,0,0,68706
1599,9,799,1,0,0,58914
1599,10,799,1,1,1,59802
1599,11,799,1,1,1,55270
1599,12,799,1,1,1,82822
1599,13,799,1,1,1,68652
1599,14,799,1,1,1,64491
1599,15,799,1,1,1,67211
1599,16,799,1,1,1,68261
1599,17,799,1,1,1,65991
1599,18,799,1,1,1,64659
1599,19,799,1,1,1,71515
